cod_imovel,municipio,cod_estado,geometry
GO-5207600-E22FF9A4A75344D3994CB002B90B6686,Fazenda Nova,GO,"MULTIPOLYGON (((-51.2445275 -15.95345306, -51.24469 -15.95375806, -51.24507556 -15.95381611, -51.2455325 -15.95345333, -51.24612361 -15.95358833, -51.24623889 -15.95407360999999, -51.24689443999998 -15.95428694, -51.24743694 -15.95496139, -51.24810528 -15.95549361, -51.24872917 -15.95609306, -51.24938139 -15.95641667, -51.250124169999985 -15.95704472, -51.250191669999985 -15.957085, -51.25044194 -15.9573025, -51.25114889 -15.95795083, -51.25180194 -15.95793361, -51.25241389 -15.95858083, -51.252903889999985 -15.95877833, -51.25269778 -15.959528329999978, -51.25237417 -15.96001583, -51.25247028 -15.96048639, -51.25254389 -15.96056528, -51.25311111 -15.96097889000001, -51.25372138999999 -15.96116722, -51.25434278 -15.96121833, -51.25362943999998 -15.96161333, -51.2519 -15.96257111, -51.25182556 -15.962611939999984, -51.24886194 -15.9648425, -51.249165 -15.96572139, -51.25034139 -15.965881939999989, -51.2515 -15.96605028, -51.25283639 -15.96645306000001, -51.25372028 -15.96673389, -51.254485 -15.96693, -51.25566139 -15.96760222, -51.25623917 -15.96783917, -51.25713806 -15.96834222, -51.25767305999999 -15.96865333, -51.25789 -15.96888667, -51.25815639 -15.96899222, -51.25860278 -15.969338329999989, -51.25915806 -15.969769719999988, -51.2598175 -15.97023917, -51.26073805999999 -15.97075778, -51.26158583 -15.97139639, -51.26241361 -15.97187472, -51.26292056 -15.97238639, -51.26387 -15.97284611, -51.26471277999999 -15.97317917, -51.26565722 -15.973728610000014, -51.26642056 -15.97409639, -51.26781639 -15.97435111, -51.26870667 -15.97399693999998, -51.27045667 -15.972153609999989, -51.27121444 -15.97130528, -51.272335 -15.9704325, -51.27306333 -15.969865, -51.27379610999998 -15.969306389999987, -51.27456028 -15.96869639, -51.27516361 -15.96821056, -51.27567666999999 -15.96765639, -51.27618805999999 -15.9671625, -51.27690417 -15.966429439999974, -51.27774694 -15.96543972, -51.27835666999999 -15.96479694, -51.279067220000016 -15.96395417, -51.279508609999986 -15.96349611, -51.27988194 -15.963066389999982, -51.27377249999998 -15.955655, -51.27347361 -15.95530778, -51.270805 -15.95220722, -51.26923222 -15.952515, -51.25977667 -15.95436639, -51.25916721999999 -15.954079439999983, -51.257036669999984 -15.957345, -51.25772833 -15.95759861, -51.25808694 -15.95790278, -51.256987219999985 -15.957423059999988, -51.25644667000001 -15.957225, -51.2565 -15.9576725, -51.25628583 -15.95807472, -51.25340639 -15.95863028, -51.25305056 -15.95868889, -51.2528525 -15.958561669999984, -51.25231056 -15.95821611, -51.25184583 -15.95771417, -51.25102028 -15.95766889, -51.24989472 -15.95653528, -51.24897472 -15.95581944, -51.24883860999998 -15.95574917, -51.24895167 -15.95523028, -51.24853832999999 -15.954618330000018, -51.24949278 -15.95423, -51.24937333 -15.95389611, -51.24933972 -15.95380333, -51.24926528 -15.9537525, -51.24906389 -15.95384083, -51.24874667000001 -15.9539975, -51.24863778 -15.953773609999987, -51.24841278 -15.95386944, -51.24831666999998 -15.953916939999987, -51.24743833 -15.95434361, -51.24720472 -15.95420833, -51.247163329999985 -15.95358139, -51.24742194 -15.95248222, -51.24736444 -15.95243583, -51.247099169999984 -15.95355861, -51.24714139 -15.95418583, -51.2462375 -15.95345222, -51.24548139 -15.95327944, -51.24500722 -15.953618329999987, -51.2446175 -15.95324278, -51.24394444 -15.95278278, -51.24388639 -15.95274417000001, -51.24342861 -15.951563329999988, -51.24317528 -15.95177778, -51.243760559999984 -15.95297139, -51.24382444 -15.95305194, -51.2445275 -15.95345306)), ((-51.20062249999998 -15.95207722, -51.201145 -15.95459222000002, -51.20254444 -15.95385667, -51.20372222 -15.95314556, -51.20417249999998 -15.95277694, -51.20482833 -15.95255, -51.20547167 -15.952177499999985, -51.20599556 -15.95195389, -51.206685 -15.949396389999988, -51.20564139 -15.94974444, -51.20382833 -15.95046306, -51.20201332999998 -15.95139, -51.20062249999998 -15.95207722)), ((-51.24864027999999 -15.94833972, -51.24875721999999 -15.94846806, -51.24841611 -15.949291390000012, -51.24827694 -15.9500025, -51.24784083 -15.95028583, -51.24743278 -15.95163056, -51.24713443999999 -15.95216250000001, -51.24744889 -15.95237028, -51.24781333 -15.95261361, -51.24746694 -15.95164417, -51.247875 -15.95029972, -51.24831028 -15.95002417, -51.24844944 -15.949306670000011, -51.248801939999986 -15.94845556, -51.249055279999986 -15.948462779999987, -51.24929139 -15.94748944, -51.24966417 -15.947418329999987, -51.24975111 -15.94659444, -51.24972444 -15.946569169999982, -51.248851669999986 -15.947265559999982, -51.24923583 -15.94750194, -51.24864027999999 -15.94833972)), ((-51.2015875 -15.94444944, -51.20162722 -15.94503667, -51.20203582999998 -15.95130306, -51.20385082999998 -15.95037611, -51.20566417 -15.9496575, -51.20670111 -15.94933722, -51.20783750000001 -15.945116670000012, -51.20793 -15.94477306, -51.20798 -15.9445875, -51.20761610999999 -15.94436444, -51.20717166999999 -15.94433, -51.20689528 -15.9444025, -51.20683222 -15.94444639, -51.20672943999999 -15.944325, -51.206475 -15.9445725, -51.206221939999985 -15.94455806, -51.205762219999976 -15.94475667, -51.20547 -15.944840279999989, -51.205815 -15.945425280000013, -51.20501083 -15.94500472, -51.20503444 -15.94569556000001, -51.20483222 -15.94615139, -51.20442306 -15.945702499999989, -51.20349361 -15.9454025, -51.20341778 -15.944855, -51.20290389 -15.94479861, -51.20262332999999 -15.94461888999998, -51.20248889 -15.94439722, -51.20220693999999 -15.94437972, -51.20214471999998 -15.94441333, -51.20183917 -15.94454, -51.20160806 -15.94394139, -51.20157833 -15.9443325, -51.2015875 -15.94444944)), ((-51.25469194 -15.95155194, -51.25499111 -15.95177917, -51.25534083 -15.95122389, -51.25718111 -15.95015722, -51.25716278 -15.95004028, -51.257125 -15.94982722, -51.25704333 -15.94938639, -51.25728667 -15.947542779999988, -51.25697722 -15.94697139000001, -51.25688556 -15.942173329999989, -51.25543611000001 -15.942085559999986, -51.25518167 -15.94493194, -51.25497889 -15.947300829999987, -51.253833329999985 -15.94797361, -51.25424611 -15.94943083, -51.25468944 -15.95102611, -51.25468778 -15.95149833, -51.25469194 -15.95155194)), ((-51.23024222 -15.93904917, -51.23027417 -15.93905472, -51.23008944 -15.93851944, -51.23006111 -15.93852443999998, -51.22968277999998 -15.938965, -51.23024222 -15.93904917)), ((-51.25210167 -15.93821028, -51.25553028 -15.938698329999989, -51.25467332999999 -15.93672583, -51.25334306 -15.93636778, -51.25138639 -15.93584, -51.25092917 -15.935870829999988, -51.251265 -15.93651444, -51.25139249999998 -15.93660417, -51.25147416999998 -15.93672167, -51.25145055999999 -15.93685833, -51.25153917 -15.93702472, -51.25152139 -15.93746722, -51.25139611 -15.93767056, -51.25155694 -15.93813639, -51.25210167 -15.93821028)), ((-51.237401939999984 -15.92821139, -51.23735417 -15.92892306, -51.23773389 -15.92871167, -51.23850611 -15.92913722, -51.23877722 -15.92947639, -51.23902028 -15.929596939999982, -51.23924667 -15.92970472, -51.23959972 -15.9302675, -51.23994083 -15.93047917, -51.240395 -15.93119778, -51.24056361 -15.93217556, -51.23980221999999 -15.93359972, -51.23990667 -15.93366361, -51.23981556 -15.933974169999985, -51.24066333 -15.93424111, -51.24100306 -15.93421806, -51.24122389 -15.932544439999987, -51.24132944 -15.93183611, -51.24180611 -15.93125638999998, -51.24225583 -15.93118806, -51.24273806 -15.93085972, -51.24305111 -15.93084667, -51.243351109999985 -15.93087167, -51.243559719999986 -15.93087139, -51.24396417 -15.93098444, -51.24431639 -15.93098389, -51.24464249999998 -15.93102139, -51.24490360999999 -15.93110944, -51.24511222 -15.93115972, -51.245373059999984 -15.93108361, -51.24573611 -15.93106333, -51.24613583 -15.931297499999989, -51.24703861 -15.931826939999986, -51.24768943999999 -15.93103528, -51.24806221999999 -15.927458610000015, -51.24651556000001 -15.92771111, -51.24655666999998 -15.92810306, -51.24612722 -15.928636109999989, -51.24521722 -15.928804720000015, -51.24452361 -15.92866917, -51.24397028 -15.928817780000015, -51.243745 -15.9290275, -51.24346444 -15.929548890000014, -51.24364444 -15.928805559999986, -51.2437875 -15.92829278, -51.2440475 -15.92722389, -51.24408694 -15.92664111, -51.24438778 -15.92634917, -51.24415111 -15.92569111, -51.24388528 -15.92577833, -51.23774667 -15.92777361, -51.23740278 -15.92789083, -51.237401939999984 -15.92821139)))"
GO-5212204-011050C9BC804D77A80A4F161A120C5A,Jussara,GO,"POLYGON ((-51.39209032058716 -15.712351706411308, -51.39195888890001 -15.7120324995, -51.39172554016113 -15.712310394663888, -51.3915753364563 -15.712620232565396, -51.3903294444 -15.7134108328, -51.39311583329999 -15.7163958328, -51.398585 -15.7217811106, -51.39945416669999 -15.7206502773, -51.40135027780001 -15.7209358328, -51.40172481536865 -15.721026987691513, -51.4021355556 -15.7210538884, -51.4020927778 -15.7208966662, -51.4008322222 -15.7194072217, -51.3977769444 -15.7175880551, -51.3939356803894 -15.715656619054462, -51.3922127778 -15.712776944, -51.39209032058716 -15.712351706411308))"
GO-5212204-0E3C72FBAFCA4422AE312548AA7331C0,Jussara,GO,"POLYGON ((-51.29250499999997 -15.892556939999992, -51.29212721999999 -15.892401110000012, -51.29180888999997 -15.89267389, -51.29161721999998 -15.89265332999999, -51.29151194 -15.89252916999999, -51.29105193999999 -15.89251360999999, -51.29032693999999 -15.892419719999992, -51.28944166999997 -15.892650559999987, -51.28557721999999 -15.90186861, -51.28740277999997 -15.90262056000001, -51.28879167 -15.90320277999998, -51.291025 -15.898283330000002, -51.29418639 -15.893146940000012, -51.29379222 -15.893301109999971, -51.29371333000001 -15.89317443999999, -51.29364443999998 -15.893057500000001, -51.29322693999999 -15.892983060000002, -51.29307832999999 -15.89270917, -51.29264888999999 -15.89244944000001, -51.29250499999997 -15.892556939999992))"
GO-5212204-0F4C0661AD054C0883A19B9670A7A0F0,Jussara,GO,"POLYGON ((-51.388062997 -15.7109848779, -51.38790282709999 -15.7111250185, -51.3881171721 -15.7113528194, -51.3880590222 -15.7115966539, -51.3881953824 -15.7117958444, -51.3881757954 -15.7119502905, -51.3881597493 -15.7122988293, -51.3881468261 -15.7125222424, -51.3880655599 -15.7126833976, -51.3881027415 -15.7128008577, -51.3879915815 -15.7130460521, -51.38810689089999 -15.713168436, -51.3881859415 -15.7133649258, -51.387966387 -15.7135416955, -51.3879553771 -15.7135927034, -51.3880322725 -15.7136860452, -51.3878078226 -15.7145311857, -51.3877501244 -15.7147677869, -51.3876840653 -15.7149263836, -51.3878086921 -15.7150892525, -51.3876922812 -15.7154704246, -51.3878006981 -15.7155996013, -51.3877978381 -15.7157651374, -51.3877001285 -15.7162141703, -51.3875605488 -15.7161892855, -51.3875664073 -15.7164245986, -51.3875505658 -15.7166352697, -51.3874461697 -15.7167076883, -51.387494843 -15.7170284482, -51.3874785623 -15.7173523972, -51.38718416830001 -15.7173415284, -51.3869335685 -15.7177864925, -51.3870932032 -15.7180021864, -51.3870673336 -15.7182899904, -51.38714295930001 -15.718352778, -51.3870875596 -15.7185224755, -51.387216094 -15.7186283827, -51.3871320573 -15.7188068097, -51.3868839677 -15.7187039169, -51.3869568711 -15.7188572045, -51.38668265379999 -15.7189551466, -51.3864649564 -15.7188832986, -51.38638532509999 -15.7191215656, -51.3865091454 -15.719202349, -51.3862984658 -15.7194865022, -51.38627443189999 -15.7194120513, -51.3860134621 -15.7195569795, -51.3859712955 -15.7198155211, -51.38604678310001 -15.7200029774, -51.3858769732 -15.7201830021, -51.3855698733 -15.7202668978, -51.3852013045 -15.7206196747, -51.3852313772 -15.7207289209, -51.38518864740001 -15.7211353654, -51.3852530728 -15.721247444, -51.38524636210001 -15.7214013246, -51.3852507647 -15.7217570593, -51.3849985366 -15.7220855828, -51.3850510614 -15.7221229177, -51.38500265730001 -15.7223908722, -51.38484881539999 -15.7223777636, -51.38478214509999 -15.7227102991, -51.3846839655 -15.7229142443, -51.3845228188 -15.7229379431, -51.3845478359 -15.7232377713, -51.3841021938 -15.7234569737, -51.3839660427 -15.7236702066, -51.38382587869999 -15.7240332471, -51.3835229028 -15.7241298799, -51.38349532040001 -15.7242536923, -51.3833951181 -15.7243255593, -51.38352961860001 -15.7245760152, -51.3833630486 -15.7247448221, -51.383346434 -15.7249439224, -51.38342249360001 -15.725137978, -51.3837316012 -15.7254735594, -51.3837444828 -15.725772957, -51.3838248412 -15.7259694458, -51.3839075525 -15.7260767011, -51.3839483568 -15.7261846629, -51.3840379494 -15.7262781645, -51.38396397999999 -15.7265024078, -51.38416302630001 -15.7266786178, -51.3842323846 -15.7267825514, -51.3842419857 -15.7270741799, -51.3844403193 -15.7272680198, -51.3843398738 -15.7276086607, -51.3844441813 -15.7278832166, -51.3847211943 -15.72797467, -51.384753489 -15.7281731416, -51.38457092300001 -15.7286223225, -51.3846300781 -15.7289586138, -51.3845655883 -15.7291115113, -51.3845630953 -15.7294737671, -51.38455645730001 -15.7298654116, -51.3844668492 -15.7300628324, -51.3846245781 -15.7303035732, -51.3845049363 -15.7305622509, -51.38444957150001 -15.7309023602, -51.3845770561 -15.7309925401, -51.38453751789999 -15.7311120343, -51.3846437141 -15.7312480869, -51.3845443528 -15.7313716643, -51.38469557610001 -15.7316764229, -51.3848677849 -15.7318732012, -51.3849791802 -15.7319444243, -51.385010724 -15.7320409208, -51.3851721154 -15.7320938842, -51.38531302400001 -15.732273631, -51.3851455024 -15.7327328205, -51.38540665930001 -15.7330746311, -51.3854036871 -15.733429384, -51.3854707272 -15.7336885459, -51.38545471140001 -15.7341056105, -51.3854206848 -15.7345744184, -51.3855613096 -15.7349492585, -51.38573051230001 -15.7350843854, -51.3907538925 -15.7304028858, -51.3919939236 -15.72924276, -51.3941609648 -15.7272042115, -51.3948649362 -15.7264873868, -51.3955804071 -15.72558973, -51.3985850741 -15.7217811249, -51.3931133179 -15.7163970544, -51.3905972374 -15.7136981075, -51.3903294817 -15.7134109184, -51.3902670084 -15.713343769, -51.388172322 -15.7111019386, -51.388062997 -15.7109848779))"
GO-5212204-118F8241E57F4C21AF20F2486C2316F9,Jussara,GO,"POLYGON ((-51.4538922144 -15.711125822, -51.4503729824 -15.7111960096, -51.4488790957 -15.7129725336, -51.4470804774 -15.7141515851, -51.446634733 -15.7144755021, -51.4478481981 -15.7157424718, -51.4475494817 -15.7227823005, -51.44725937390001 -15.7236225161, -51.44721508026122 -15.723836047157072, -51.44717216491699 -15.724269795530756, -51.447107791900635 -15.724600269861615, -51.4469779164 -15.7250502439, -51.44697915530001 -15.7251688695, -51.4475998664 -15.7251031484, -51.4476375226 -15.7251008653, -51.4482572212 -15.7255281086, -51.4488610792 -15.7229640849, -51.44976854324341 -15.722989202429826, -51.4528941359 -15.7158648205, -51.4538922144 -15.711125822))"
GO-5212204-1388D04145DA42C49E1692A41D96CDB5,Jussara,GO,"POLYGON ((-51.306560039520264 -15.919795733690297, -51.30465030670165 -15.920930638842119, -51.304993629455566 -15.923241698599083, -51.30540132522583 -15.923055989422657, -51.305551528930664 -15.923448041927037, -51.30510091781616 -15.923695653640722, -51.30561590194702 -15.923840093666046, -51.30658149719238 -15.92417024190527, -51.30913496017456 -15.924892439286248, -51.30793333053588 -15.922952817583777, -51.310572624206536 -15.921116349983746, -51.313254833221436 -15.919259230841005, -51.31469249725341 -15.91828939513114, -51.31606578826904 -15.91725764987449, -51.31550788879394 -15.916617965154455, -51.31462812423706 -15.916494154973398, -51.314263343811035 -15.91583383271924, -51.3142204284668 -15.915214778635113, -51.308534145355225 -15.918619552494205, -51.306560039520264 -15.919795733690297))"
"","","",POINT (-51.39127228109898 -15.539711049431583)
GO-5212204-156094615E67476AB099D9F46F6C0655,Jussara,GO,"POLYGON ((-51.27255063299181 -15.919818440871657, -51.27072275044185 -15.930505774263132, -51.26860403500426 -15.930051430228685, -51.257777253642686 -15.939016897048859, -51.25817777787341 -15.940740964356221, -51.258530496527996 -15.942267736027093, -51.256885870759156 -15.942173964009234, -51.25697738171585 -15.94697114084077, -51.25728758441258 -15.947543027674056, -51.257043717657695 -15.949386292994408, -51.257788644440105 -15.953418411326505, -51.259776744103995 -15.954366077753251, -51.270805027690116 -15.952207035883555, -51.27377285923432 -15.955654901703546, -51.27988214054492 -15.963066120693098, -51.28063457102856 -15.962322385068306, -51.280826583703345 -15.962039080924837, -51.28147114905025 -15.961347555540376, -51.28213630110465 -15.96034573591275, -51.282477254860424 -15.959990183436718, -51.28263451619522 -15.959717771702872, -51.2834058873216 -15.959036108965579, -51.283937277989025 -15.957950565150266, -51.28394184365624 -15.957675822370849, -51.2845972877198 -15.956963209321955, -51.28536062618384 -15.95656026480771, -51.286231782730034 -15.95627958096781, -51.287071962607556 -15.955967836051475, -51.28803514793368 -15.955746688749388, -51.28920903477965 -15.9553216653926, -51.29010791563264 -15.955028814700945, -51.29106701851198 -15.95470387604992, -51.29157701341045 -15.954625981754806, -51.291805050259576 -15.95458562421444, -51.29260558972774 -15.954399572653761, -51.293397854058476 -15.95430718757595, -51.29470590744905 -15.954011771391185, -51.29569240644651 -15.954217082497776, -51.29695003079177 -15.954769979047027, -51.29766732700571 -15.95541980476045, -51.29826370707799 -15.956193105906431, -51.29773829947309 -15.953174261882253, -51.295597363535734 -15.948789649215014, -51.29709365992091 -15.944051614332917, -51.29729246646796 -15.942952664086441, -51.29729345026639 -15.942950732990901, -51.297712654810944 -15.942127873674693, -51.30027568656111 -15.933988526464857, -51.300698408202805 -15.932814677573237, -51.30355523054757 -15.92374272485066, -51.293066600917435 -15.920644886555236, -51.29232861055717 -15.920447269785791, -51.291773391319005 -15.920332123108077, -51.29103271970963 -15.920217315498002, -51.29064465974299 -15.920178512608874, -51.290155242138646 -15.920147348806662, -51.28721386775285 -15.920082484878, -51.28105367965538 -15.919978853628319, -51.27255063299181 -15.919818440871657))"
GO-5212204-162DBAFE85134130B3480CF2ED130BFA,Jussara,GO,"POLYGON ((-51.32061861 -15.83396278, -51.32061611 -15.83401139, -51.3204 -15.83418778, -51.32017694 -15.83418083, -51.32006056 -15.83417722, -51.31991389 -15.83433111, -51.3095034153 -15.8452618808, -51.310972477 -15.8472114257, -51.312855 -15.84536, -51.32147111 -15.83641972, -51.32087694 -15.83597889, -51.3226575 -15.83413028, -51.32258333 -15.83406583, -51.32249417 -15.83410694, -51.32231278 -15.8341, -51.32224222 -15.83424222, -51.32211389 -15.83424111, -51.32196444 -15.83407806, -51.321855 -15.83408417, -51.32174028 -15.83401, -51.32170083 -15.83419667, -51.32143306 -15.83408611, -51.32126528 -15.83403139, -51.3208825 -15.83414972, -51.32061861 -15.83396278))"
GO-5212204-16833B91FD32494C864B458F765C0755,Jussara,GO,"POLYGON ((-51.338725090026855 -15.783250952272434, -51.337995529174805 -15.773876241518849, -51.33609408743337 -15.77356499419393, -51.33542060852051 -15.773463248699837, -51.334969997406006 -15.774722874168921, -51.33439064025879 -15.776870414307131, -51.33374691009521 -15.779224422562079, -51.33692264556885 -15.779802595847764, -51.336472034454346 -15.782094623720686, -51.33542060852051 -15.786988326224808, -51.336064338684075 -15.787215457226939, -51.3368797302246 -15.79120053248102, -51.335077285766594 -15.79566042012266, -51.3361930847168 -15.79669278752471, -51.33778095245361 -15.787483884446706, -51.3381028175354 -15.786513415125055, -51.33949756622314 -15.78345743881972, -51.338725090026855 -15.783250952272434))"
GO-5212204-1C88EF1B3499490DB39608D89AA62FA5,Jussara,GO,"POLYGON ((-51.29603500000001 -15.89514111, -51.29565667000001 -15.89496667, -51.29508972 -15.89542583, -51.29163917 -15.898278329999982, -51.29191 -15.89857360999999, -51.29490972 -15.901831389999982, -51.29869249999999 -15.905935279999992, -51.30118443999999 -15.908611939999988, -51.30428749999999 -15.904259169999992, -51.30424388999999 -15.904157219999991, -51.30396693999997 -15.90412666999998, -51.30369944 -15.90385943999999, -51.30332055999997 -15.90380778, -51.30293721999999 -15.903729440000012, -51.30277472000001 -15.90332610999999, -51.30254582999998 -15.90316860999999, -51.30235471999999 -15.90330333000001, -51.30215667 -15.903165560000001, -51.30230388999998 -15.90293471999998, -51.30195832999999 -15.90285694, -51.30173721999998 -15.902600280000012, -51.30153693999998 -15.90182389, -51.30177778000003 -15.90147694000001, -51.30157888999998 -15.90129667, -51.3014225 -15.900642500000012, -51.30112971999998 -15.900686110000002, -51.30109805999998 -15.90034582999998, -51.30061277999999 -15.900052499999992, -51.30079639 -15.89984056, -51.30060278 -15.89961417, -51.30053166999999 -15.89929389, -51.30033056 -15.89909861000001, -51.30016666999999 -15.89839749999999, -51.30032000000001 -15.89827610999998, -51.29973138999997 -15.89806472000001, -51.29938943999997 -15.89757333, -51.29923333 -15.897334440000002, -51.29883250000001 -15.89706888999999, -51.2985 -15.89711861000001, -51.29834499999998 -15.896736110000022, -51.29834721999998 -15.896552499999991, -51.29784278 -15.89657639000001, -51.29737971999999 -15.896166110000001, -51.29733417 -15.89583443999999, -51.29711499999999 -15.89594832999998, -51.29699471999999 -15.895649439999993, -51.29686361000001 -15.895555280000002, -51.29679332999999 -15.89518305999999, -51.29603500000001 -15.89514111))"
GO-5212204-1E2963990BB04DAF9B1A8E86549F116C,Jussara,GO,"POLYGON ((-51.30118443999998 -15.908611939995806, -51.29869250000001 -15.905935279995795, -51.294909719999985 -15.90183138999583, -51.288831109999975 -15.919445559995768, -51.290559169999995 -15.919467499995768, -51.29135332999998 -15.91954110999581, -51.29257860999998 -15.919765559995787, -51.29378305999999 -15.920118329995804, -51.296240000000004 -15.920830279995766, -51.29904110999997 -15.91333693999578, -51.30118443999998 -15.908611939995806))"
GO-5212204-20FBD72E32A74011BE0C063F4C507E80,Jussara,GO,"POLYGON ((-51.34355306625366 -15.78403560003309, -51.34451866149902 -15.784717002203106, -51.34732961654663 -15.781970730984632, -51.35052091274659 -15.78165954366996, -51.352972984313965 -15.783870411283246, -51.3594102859497 -15.780463363298256, -51.35697680402681 -15.77724141908553, -51.35682163976739 -15.77717073546847, -51.35455538047521 -15.77673590164356, -51.3504434932389 -15.77604694738804, -51.34782314300537 -15.775631451618066, -51.34514093399048 -15.779492860364035, -51.34254455566406 -15.783292249598723, -51.3430380821228 -15.783643276532425, -51.3431453704834 -15.783746519632537, -51.34331703186035 -15.783849762680056, -51.34343504905701 -15.783942681377875, -51.34355306625366 -15.78403560003309))"
GO-5212204-230E3EB4EA894130A1CF632779C35DF4,Jussara,GO,"POLYGON ((-51.32071397903344 -15.90922196751083, -51.32005134034977 -15.90967879282919, -51.31948117798835 -15.90971008488479, -51.31901782668602 -15.90992601186635, -51.31875993943757 -15.90989367552141, -51.31820052904683 -15.90949736602552, -51.31802386821651 -15.90950952333315, -51.3173904530651 -15.90992988295637, -51.31740436847234 -15.91001629747578, -51.31771273352376 -15.9100794611746, -51.31842768585053 -15.9100319860229, -51.31842599344893 -15.91024468125858, -51.3184424449857 -15.9105412533933, -51.31829265595539 -15.91058585335508, -51.31807660453921 -15.9103349488533, -51.31787873878251 -15.91047366627547, -51.3178048566579 -15.91079840558129, -51.31843334855526 -15.91113646652192, -51.31894561157118 -15.91126506924284, -51.31928876080071 -15.91132260136633, -51.31963276617704 -15.91134243334692, -51.33237539847228 -15.91160792473102, -51.3325481681332 -15.90835937698795, -51.33255874472494 -15.90803625827802, -51.31964354685127 -15.90775984624194, -51.31946390180066 -15.90801684039691, -51.31932114035098 -15.90806747866078, -51.31937844751664 -15.90838853496614, -51.3197637499988 -15.90831997232216, -51.32021421733188 -15.90841892083162, -51.32057914369614 -15.90855038700103, -51.3207374973706 -15.90881209657796, -51.32090130998589 -15.90857496852622, -51.32104460067337 -15.90861060066095, -51.32102570457175 -15.90883035487315, -51.32071397903344 -15.90922196751083))"
GO-5212204-24550295C0BD4B61B04260CF073F0784,Jussara,GO,"POLYGON ((-51.30607859212667 -15.91545550572828, -51.30611205590914 -15.915441239591292, -51.31206206815518 -15.912904451021245, -51.31170243847456 -15.912708343240304, -51.311734618257326 -15.912547137713705, -51.31115172529394 -15.912260690691397, -51.31060786341599 -15.911881170441433, -51.31009108410557 -15.91151503846181, -51.30988791198147 -15.910958883341294, -51.309649881859535 -15.910458632105309, -51.30951955776596 -15.909864365457459, -51.30935843181987 -15.9092398747222, -51.30913637725821 -15.908764569424848, -51.30877919524493 -15.908372691812684, -51.308225153726795 -15.90789785980279, -51.308027839409164 -15.90751764260316, -51.3080318241076 -15.907143579525348, -51.307937532597876 -15.90678106911914, -51.307577731334035 -15.906489355064345, -51.30716069588573 -15.906042521050358, -51.306596446610484 -15.905726352362809, -51.30581812004424 -15.905415888739165, -51.30523165525081 -15.904891483666258, -51.304616505155494 -15.904463856702233, -51.30431107683812 -15.904258056077758, -51.301190484147426 -15.908634602453551, -51.29904602188509 -15.913359595600436, -51.29622372113439 -15.920906419163988, -51.30492170086878 -15.923500834558995, -51.30447775542822 -15.920795104117312, -51.30375347775631 -15.916446757378846, -51.30607859212667 -15.91545550572828))"
GO-5212204-24978B3823B34D09AA76633A5DD8CFE2,Jussara,GO,"POLYGON ((-51.46740171389682 -15.662127798046464, -51.46530371460151 -15.661711438717942, -51.45068172767273 -15.658809023127658, -51.44426143268334 -15.657862762260539, -51.43456695586987 -15.656360241235873, -51.434079089503484 -15.656284364217505, -51.43401596124357 -15.65661256810202, -51.43398647341794 -15.6566552071449, -51.433798178209315 -15.656608569538278, -51.43355429312595 -15.656394340949362, -51.43352369583305 -15.656574668567819, -51.43334580753365 -15.65655169602343, -51.4332096891428 -15.656735577242113, -51.433429496772646 -15.657124696624145, -51.43332120741921 -15.657275796338025, -51.433422132701594 -15.657349457397267, -51.43329154839576 -15.657503042126283, -51.4333677307428 -15.657612914034834, -51.433180329074645 -15.657902308597276, -51.43320657760382 -15.658093553140162, -51.433059357500724 -15.658145826908832, -51.43304843750282 -15.658365893640857, -51.432935644960594 -15.658505791881561, -51.43288512944334 -15.658709935202525, -51.4329291707189 -15.658887583900817, -51.43285841446673 -15.658917647677569, -51.43288313425275 -15.659047600852665, -51.43262033405596 -15.659423390033817, -51.432709099630536 -15.659526818558897, -51.43267569527493 -15.659659598688794, -51.432715393245424 -15.65976854839352, -51.4327181906027 -15.65998940163479, -51.43289484962127 -15.659870260803865, -51.4328424718383 -15.65972173891438, -51.43286091067472 -15.659616019347812, -51.4329607587413 -15.659576405577592, -51.433188551358185 -15.659901231497654, -51.43311521417832 -15.660035085094924, -51.43299289047562 -15.660080167646205, -51.43284910543354 -15.660257916275354, -51.43296174838466 -15.660445373896225, -51.43283013337989 -15.660819638335797, -51.43249215401443 -15.661076060840882, -51.43248225772051 -15.661206443994924, -51.43234699206485 -15.661398278622183, -51.43220140309585 -15.661517538541979, -51.43227523017407 -15.661660593950414, -51.43217892543925 -15.661877212887012, -51.432089512941886 -15.662043553160228, -51.43238205418699 -15.662453051705276, -51.432477830665135 -15.662872521307989, -51.432344020705195 -15.66295839873249, -51.43219491215455 -15.662868649903892, -51.43205345732745 -15.662913227282715, -51.431704129504254 -15.66318847519227, -51.43186825816963 -15.663410276025552, -51.43193784567577 -15.66366697859506, -51.431826721266276 -15.663936422944001, -51.43156123911147 -15.66423853632722, -51.4316118962109 -15.664811783162524, -51.431543210431236 -15.664984681904352, -51.43161741012969 -15.66503814567615, -51.43158797511447 -15.665240077385741, -51.4316938012076 -15.665424203997144, -51.431761635231844 -15.665556603562576, -51.43181759174878 -15.665676008247022, -51.43167657601375 -15.665797338139935, -51.431662492335604 -15.666244597926655, -51.431829828038424 -15.666392802932394, -51.43182819062682 -15.666546132514915, -51.431506709234455 -15.666576780566945, -51.431575879248754 -15.666812058074633, -51.43153039269528 -15.666924159124196, -51.43126546239588 -15.667091025663359, -51.43118985381739 -15.667211412791993, -51.4310301168888 -15.667305205716723, -51.43106801210361 -15.667488562238333, -51.430976703881605 -15.667597860423347, -51.430662684986686 -15.667672790886105, -51.430759316132 -15.667788047609044, -51.43087048377706 -15.667715685954263, -51.43102545734577 -15.667842037930614, -51.43090648373166 -15.668018742033276, -51.43098279758433 -15.668189999127613, -51.43075448747206 -15.668333558992813, -51.43086362453954 -15.668405215994785, -51.43077472663393 -15.668551756085218, -51.430785921241565 -15.668639517008675, -51.43067937272488 -15.668779040220715, -51.461501182162486 -15.674918436477594, -51.46279051498806 -15.672525695687227, -51.46809727409528 -15.673304636327732, -51.46841625252888 -15.673238682141378, -51.46899815761585 -15.670135123944124, -51.47042332775985 -15.662727413704168, -51.46740171389682 -15.662127798046464))"
GO-5212204-27018A8454A847469C4A947E06A1A23E,Jussara,GO,"POLYGON ((-51.31874924604562 -15.92826299461174, -51.30355523390415 -15.923742718379573, -51.30069841189108 -15.93281469818779, -51.300275690028016 -15.933988537974134, -51.29771265803763 -15.942127875801084, -51.29729246535274 -15.942949873246377, -51.29709363521366 -15.944051589922159, -51.29559741339432 -15.948789642452656, -51.29773831246993 -15.953174264308839, -51.2982636828942 -15.95619309085482, -51.29862932164175 -15.95674093360174, -51.29890920520807 -15.957376708953472, -51.29913198453267 -15.958088627717926, -51.29925441530557 -15.958655473325662, -51.299444380467506 -15.959166212801744, -51.29976844419762 -15.959437857307586, -51.300373609324595 -15.959477827743143, -51.30122498749597 -15.959483441622652, -51.30182982707052 -15.959305733322697, -51.302427282188816 -15.958896752002158, -51.303073333266774 -15.95805234868164, -51.30356463717665 -15.95724217403739, -51.30403492241157 -15.956493248218003, -51.30455985432634 -15.955798519619302, -51.30506089658014 -15.955241480845034, -51.30560522363892 -15.95470111048538, -51.30614958775166 -15.954185836510524, -51.30651885096828 -15.95353061727265, -51.30670864865881 -15.95297079529093, -51.30688441830239 -15.952141091908349, -51.30684917837107 -15.951148409485619, -51.30651173930468 -15.949921389215453, -51.30585030238138 -15.949040448774747, -51.30526084936284 -15.948136195820924, -51.304731792221574 -15.947487137034994, -51.303987043646174 -15.947058851743163, -51.30342207671949 -15.946467858453898, -51.30312631815979 -15.94571736690096, -51.30336122403919 -15.944882198103944, -51.30395982740068 -15.944042967274543, -51.30476534343592 -15.94381720985373, -51.30565073549802 -15.943605376781122, -51.306449583650526 -15.943772706888463, -51.30690768515689 -15.94424937022635, -51.30746799600932 -15.945097911526195, -51.307948387005496 -15.945904450062772, -51.30877320350138 -15.947080491175877, -51.30938658154499 -15.948009370257132, -51.30988294977629 -15.948642583155655, -51.31027769743038 -15.949515424314606, -51.31051180073385 -15.950149013920331, -51.31096414034406 -15.950570978595163, -51.31136612042256 -15.950596282461388, -51.31184894055699 -15.950468222199584, -51.312130792973605 -15.950188830181554, -51.31237422628282 -15.949406110206283, -51.312279163841026 -15.948781567702051, -51.31206462022209 -15.947963121001841, -51.31203867434686 -15.947062677257215, -51.31218255693005 -15.946245989494644, -51.312301730995706 -15.945165866531411, -51.31221640116395 -15.94405783562688, -51.31181178728701 -15.943410482543946, -51.311168067986536 -15.942696233570922, -51.31076947171791 -15.942283533569709, -51.310112791075035 -15.941771449346154, -51.309229312292885 -15.94112931485368, -51.308757307379366 -15.940799254617597, -51.30798419199659 -15.939722902396502, -51.30829348580291 -15.937639905993688, -51.31074188432342 -15.936376418266939, -51.31241751065782 -15.936657701751534, -51.31449113184643 -15.939129993903741, -51.316041853386764 -15.939942344081897, -51.317572964979504 -15.938795015560371, -51.317357641497715 -15.934960457317837, -51.3202734802763 -15.933808916468621, -51.3229620392765 -15.934808098472981, -51.325305920696074 -15.936836332279373, -51.32652558404363 -15.936872269578155, -51.327742651246176 -15.935769162770109, -51.326206324209174 -15.933117650723124, -51.325778475701966 -15.932353030416385, -51.32616220904494 -15.931893597960093, -51.32636207822769 -15.931267657752965, -51.32461385782241 -15.930739002416455, -51.32471765309827 -15.93038559468243, -51.324803466548325 -15.930063790992202, -51.31911953683618 -15.928373140960735, -51.31874924604562 -15.92826299461174))"
GO-5212204-2849994015EF46DB90DE964061CB16A2,Jussara,GO,"POLYGON ((-51.4165735244751 -15.70262255855179, -51.41638172787847 -15.70017557198063, -51.4132315374 -15.7029056647, -51.4131697426 -15.7029688749, -51.410136222839355 -15.706547323786433, -51.41429901123047 -15.707208329440409, -51.4165931333 -15.7057269282, -51.4166671602 -15.7056760521, -51.41670227050781 -15.705555811284613, -51.41676961984766 -15.70550767123733, -51.4165735244751 -15.70262255855179))"
GO-5212204-28658426F94C46068323D3A6FEE33470,Jussara,GO,"POLYGON ((-51.24937332999998 -15.953896109999997, -51.24949277999999 -15.95423000000001, -51.248538329999995 -15.95461833, -51.24895166999999 -15.95523028, -51.248838609999986 -15.955749169999994, -51.24939638999999 -15.955408609999994, -51.25002555999999 -15.954627780000004, -51.250471389999994 -15.954386669999996, -51.25055360999998 -15.954371940000001, -51.25106332999999 -15.954280279999995, -51.251153889999976 -15.954204169999995, -51.25218638999999 -15.955375280000002, -51.25366471999999 -15.956043329999998, -51.25778805999999 -15.953418609999995, -51.25718110999998 -15.950157219999998, -51.255340829999994 -15.951223890000001, -51.254991109999985 -15.95177917, -51.254691939999994 -15.95155194, -51.25341499999998 -15.953101109999999, -51.252524169999994 -15.953390559999994, -51.251506109999994 -15.953288329999989, -51.25147943999998 -15.953249169999996, -51.25083527999999 -15.95357889, -51.250733059999995 -15.953652219999999, -51.250563329999984 -15.953410000000003, -51.24937332999998 -15.953896109999997))"
GO-5212204-294B806F6169468E98BB3456EC5158A4,Jussara,GO,"POLYGON ((-51.44294500350952 -15.554397204439816, -51.43444776535034 -15.571843474778008, -51.44728299748217 -15.57428252152785, -51.44966321634941 -15.5747684406213, -51.45914309336477 -15.57638729684126, -51.46673605341492 -15.57779289463848, -51.46708382395995 -15.57704230624003, -51.46759986877441 -15.575667400271994, -51.46790027618408 -15.575005969598651, -51.46800756454468 -15.57428252736273, -51.4680290222168 -15.573517742802082, -51.46813631057739 -15.572814965291952, -51.46811485290527 -15.571554093737573, -51.46878004074097 -15.570603267451359, -51.469852924346924 -15.568784283174363, -51.47114038467407 -15.56682058890589, -51.47228160119887 -15.56553782986391, -51.47274971008301 -15.5645468142244, -51.47373676300049 -15.563389246549745, -51.47511005401611 -15.562066304088571, -51.47674339647274 -15.56018751646471, -51.46472454071045 -15.558056082779517, -51.45176410675049 -15.555926912900931, -51.44294500350952 -15.554397204439816))"
GO-5212204-2AD669448DED4EF59B8729DE50E7DEE2,Jussara,GO,"POLYGON ((-51.40923144331992 -15.726778286319563, -51.4329784168869 -15.728843807554224, -51.43561411062787 -15.719152296568383, -51.43383690192439 -15.707626848062274, -51.42918006480469 -15.70703594139572, -51.432328065739284 -15.716389564699865, -51.42757533847501 -15.719943856264504, -51.428321655145545 -15.722227994296443, -51.429272843352436 -15.725215523067082, -51.42046312209918 -15.723826342660436, -51.420462872348736 -15.723841079047864, -51.4201297513073 -15.723793263760054, -51.414917445305306 -15.72298615911457, -51.41487737569371 -15.722972041785116, -51.40135034124488 -15.720935747340476, -51.400515976559944 -15.726019551124795, -51.405535188163945 -15.726456547795147, -51.40923144331992 -15.726778286319563))"
GO-5212204-2B296F3D835C44D7BF1AD385C1D519A9,Jussara,GO,"POLYGON ((-51.40926930957549 -15.6847747494722, -51.4090580800592 -15.6849369690766, -51.4089828786156 -15.6849904484936, -51.408928797013 -15.6849652362608, -51.4087338951877 -15.6850324096274, -51.4079780658116 -15.6851046978694, -51.4068314279527 -15.6852763422799, -51.4057406084841 -15.6854560136268, -51.4042190655813 -15.6860816291598, -51.4021332059539 -15.6875143217705, -51.400441171934 -15.6880123924499, -51.3994895565874 -15.6887151316549, -51.3988475574083 -15.6908988565768, -51.3979574043573 -15.692458605253, -51.3973005191478 -15.6940533653132, -51.3957248500926 -15.6957908198516, -51.3939596992154 -15.6960667590927, -51.3919796604948 -15.6975856839317, -51.391411917103 -15.7002975800655, -51.3912149446445 -15.7014427287338, -51.3903520189181 -15.7013766488804, -51.38891227234969 -15.7038346102424, -51.3876578721491 -15.7059630696718, -51.3860035018377 -15.7087700841819, -51.3874774691013 -15.7103576946849, -51.387980886245 -15.7108968791297, -51.3880629969945 -15.7109848779021, -51.3881723220397 -15.7111019386101, -51.3902670083677 -15.7133437689678, -51.39032948174071 -15.7134109184291, -51.3905972374333 -15.7136981075069, -51.3931157424456 -15.7163959651642, -51.3985850740782 -15.7217811249228, -51.3994541536156 -15.7206502930418, -51.40135034218 -15.7209357482467, -51.4021356139202 -15.7210539083669, -51.414877376629 -15.7229720426913, -51.4149174462405 -15.7229861600207, -51.4201297522426 -15.7237932646662, -51.420462873284 -15.723841079954, -51.4204631230344 -15.7238263435666, -51.419545181403 -15.7115301290683, -51.4190952768186 -15.7057986260214, -51.4167707606771 -15.7057068818062, -51.4167762761274 -15.7056195405203, -51.4163812343115 -15.6999732640734, -51.4162616436273 -15.6982974813912, -51.4155862917385 -15.6890542602135, -51.4155711180074 -15.6888883964796, -51.4153786617818 -15.6863831963443, -51.4151369688665 -15.6861541176514, -51.4114135622257 -15.6852788924664, -51.4113074123291 -15.6852555868436, -51.40926930957549 -15.6847747494722))"
GO-5212204-2C904799081B439BB5AC023234C7073F,Jussara,GO,"POLYGON ((-51.4358873153 -15.5721366087, -51.4273885173 -15.5892205773, -51.4522566856 -15.5932815275, -51.4542696652 -15.5936101147, -51.4544458252 -15.5934287866, -51.4550232496 -15.5927707005, -51.4560575236 -15.5923226986, -51.4560053984 -15.5925919786, -51.4562412027 -15.5925676769, -51.4566663501 -15.5925147754, -51.4572558961 -15.5927062307, -51.4575846485 -15.5928034013, -51.4581465384 -15.5925274183, -51.4588691251 -15.5920510052, -51.4592153317 -15.5916079942, -51.4590278435 -15.5913920012, -51.459326385 -15.5912636718, -51.4598706593 -15.5909924947, -51.4601024488 -15.590879537, -51.4599220604 -15.5906726789, -51.4598539024 -15.5904958717, -51.4602239122 -15.590540454, -51.4603990191 -15.5900890298, -51.4603110385 -15.5897942766, -51.4602676036 -15.5895193464, -51.4603433947 -15.5892957156, -51.4604721628 -15.5892298573, -51.4607980505 -15.5889937511, -51.4607499942 -15.5885915766, -51.4607574728 -15.5883857087, -51.4608031405 -15.5880890122, -51.4611535977 -15.5882138504, -51.4612358348 -15.5879117794, -51.4614108773 -15.5876047224, -51.4614470771 -15.5875296283, -51.46106902 -15.5875171225, -51.4607000971 -15.5875016225, -51.4606223616 -15.5873671993, -51.46105258 -15.5872012546, -51.4609643652 -15.5866131107, -51.4609713488 -15.5863777627, -51.4612850869 -15.5861665518, -51.4618910951 -15.585842462, -51.4620563967 -15.5857062181, -51.4624133993 -15.5853604101, -51.462932458 -15.5848004618, -51.4634822641 -15.5841524654, -51.4637197435 -15.5838692957, -51.4639965881 -15.5832933564, -51.4642302143 -15.5832347693, -51.4645192096 -15.5830198182, -51.4653556866 -15.582389094, -51.4655735653 -15.5819486229, -51.4657605309 -15.5816727812, -51.465698202 -15.5815338702, -51.4659333593 -15.5811790119, -51.4662761863 -15.5811669218, -51.4663793447 -15.581105273, -51.466510769 -15.5808804826, -51.4663974985 -15.5808131992, -51.4660307213 -15.5803250658, -51.4660172435 -15.5799856416, -51.4656422242 -15.5785741278, -51.4657149002 -15.5784334394, -51.4660702399 -15.5781111707, -51.4661752439 -15.577913133, -51.4660850358 -15.5776864255, -51.4658159541 -15.5775001188, -51.4358873153 -15.5721366087))"
GO-5212204-2CC9462D520645069EBCBC7EA3D33548,Jussara,GO,"POLYGON ((-51.3829642615156 -15.7619537661414, -51.38285535936289 -15.7620258290769, -51.3825695499532 -15.7620970275137, -51.3813967022862 -15.7633237926576, -51.3762823674032 -15.7685396210466, -51.3831058140348 -15.777739013596, -51.38351255898971 -15.7825410213306, -51.3855150751659 -15.7844017063881, -51.3877566059046 -15.7858015177155, -51.3878300643654 -15.7858894403731, -51.389426329839 -15.7878010761151, -51.3913594826299 -15.7894649284245, -51.3920259475708 -15.789837769450846, -51.3935751884874 -15.7901094882497, -51.3937244891029 -15.7900650103984, -51.39397859573364 -15.789899713423802, -51.3943744118037 -15.7898710008593, -51.3945914355527 -15.7898434859514, -51.394992928573 -15.7898042449259, -51.395155134729 -15.7898190477062, -51.395394802093506 -15.789796473458367, -51.3956274676045 -15.7898631196926, -51.395632136787 -15.7898635632179, -51.3956566192343 -15.7898740959455, -51.3958329529142 -15.7899519745231, -51.3960044832582 -15.7900083455439, -51.39614582061767 -15.79006489725909, -51.3962614838245 -15.7900851728108, -51.3962856797289 -15.7900923610396, -51.3962531666129 -15.790129305129, -51.3959028823791 -15.7904798067145, -51.3868067336235 -15.7989001398469, -51.3895404088739 -15.8042066727091, -51.3961726253215 -15.8034023814141, -51.3976877148123 -15.8026022513574, -51.3978798609429 -15.8025472956632, -51.39851047611089 -15.80248891442, -51.3997601446981 -15.8028569133625, -51.40064826988569 -15.8033150717626, -51.40066472 -15.80304639, -51.4006724349106 -15.8029259289421, -51.40105962753296 -15.802969468052469, -51.4015250289857 -15.8027893822006, -51.4029355625703 -15.8016825785126, -51.4112994279024 -15.7988604140589, -51.4148592161757 -15.7978263903809, -51.4160794501876 -15.7974064829651, -51.4186335197238 -15.7964692450824, -51.42309665679932 -15.79504099715556, -51.432977018313 -15.7880458140298, -51.43450889 -15.78514694, -51.4273254815523 -15.7765712819954, -51.4285008101791 -15.7712444559412, -51.4272549447593 -15.7671364206261, -51.4030405373162 -15.7703748491962, -51.4005149848291 -15.770731815233, -51.3997019601867 -15.7708409808664, -51.3953039257155 -15.7713957761346, -51.3843204977523 -15.7629916601926, -51.3829642615156 -15.7619537661414))"
GO-5212204-304A3F0280604EAC866922F896EC2AF5,Jussara,GO,"POLYGON ((-51.382569549953224 -15.76209702750974, -51.382855359362885 -15.762025829072941, -51.38296426151558 -15.761953766137465, -51.3843204977523 -15.762991660188675, -51.39392770130038 -15.75172503437099, -51.389402072213365 -15.746102509140346, -51.385976434009976 -15.743971620020787, -51.38596858736596 -15.744018101822828, -51.38322915149009 -15.759589406416877, -51.38298950200909 -15.760976631224743, -51.382569549953224 -15.76209702750974))"
GO-5212204-32E6D42B795F4D54B06D6D8C2709096C,Jussara,GO,"POLYGON ((-51.33106211972306 -15.86743319345528, -51.33050959024205 -15.86682805896987, -51.32901121126239 -15.86532104433239, -51.32767964134763 -15.86368123391514, -51.32236612481607 -15.86643053447466, -51.32455171364187 -15.87003267660163, -51.31927015492686 -15.87232956333634, -51.31918838017861 -15.8723601501334, -51.31522691532392 -15.87430512477868, -51.31441613336689 -15.87477586333173, -51.31370876196282 -15.87525521821775, -51.31354065209735 -15.87557133394708, -51.31317660808472 -15.87572798904262, -51.31287368439046 -15.87560330785055, -51.31279879408244 -15.87537532641849, -51.31285440876091 -15.87521821400406, -51.31268356108212 -15.87515300830215, -51.31263280443263 -15.87597702512866, -51.31278554044378 -15.87641101556765, -51.31311371603517 -15.87716035295454, -51.31353120061572 -15.87725105664734, -51.31343582433091 -15.87779000346788, -51.31294077696381 -15.87773819517409, -51.31264871324987 -15.87763139805145, -51.31228757856985 -15.87840605018996, -51.31263210501871 -15.87867278729855, -51.31265101435546 -15.87888096069107, -51.31300804960525 -15.87865786952864, -51.31320410478396 -15.87847108210912, -51.31341280772138 -15.87818808620096, -51.31379424306348 -15.87816068335755, -51.31409832314511 -15.87830543119588, -51.31426549168466 -15.87894769055475, -51.31448432509468 -15.87911407779335, -51.31425580289518 -15.87980762856443, -51.31402939886858 -15.87987982855704, -51.31422859602571 -15.88033372958963, -51.31431899981031 -15.88086544561401, -51.3149850859004 -15.88145725652232, -51.3150803803675 -15.88194873519259, -51.31487750235929 -15.88207387862307, -51.31456326472616 -15.88194867408678, -51.31454010083001 -15.88170904651911, -51.31430447786747 -15.88174075918978, -51.31430363429038 -15.8819797888386, -51.31406807076048 -15.88217061237477, -51.31395323106874 -15.88244678276036, -51.31418967705338 -15.88294528923779, -51.31428477632068 -15.88246854074957, -51.31445153122502 -15.88260074040976, -51.31447892545073 -15.88297804723665, -51.31460803142267 -15.88358817745087, -51.31480466905384 -15.88353373933179, -51.3147102917924 -15.88333218516153, -51.31458401519459 -15.88310057277606, -51.31469310976212 -15.88279439628254, -51.31486395666958 -15.88279441889267, -51.31518386841816 -15.88302339857161, -51.31544997745693 -15.88289291921956, -51.31556370608849 -15.88316405597472, -51.3154204211881 -15.88346811303755, -51.31525524285689 -15.883689662996, -51.31536705274249 -15.88404822336145, -51.31567580155789 -15.88406549220068, -51.31570364803654 -15.88389214696712, -51.31582853783819 -15.88383220756923, -51.31610657230606 -15.88428011518737, -51.31619316627337 -15.88464070081419, -51.31600483338235 -15.88504924075559, -51.31582834744043 -15.88514821975265, -51.3157934261881 -15.88527736773039, -51.31603086932718 -15.8855118002513, -51.31590406152838 -15.88566024813963, -51.31563198996603 -15.88664234290005, -51.31608962705414 -15.88671047202503, -51.3160270905255 -15.88692174724914, -51.31574626207831 -15.88696094075446, -51.316121168521 -15.88734858802162, -51.31604622956201 -15.88745392784277, -51.31568216767036 -15.88749152521674, -51.31567764993577 -15.88758962019017, -51.31600462957112 -15.88755343306857, -51.31598889737029 -15.88776798482498, -51.31584415481599 -15.88785769625502, -51.31564380543216 -15.88787055492488, -51.31546374335565 -15.88801419845477, -51.31525920951436 -15.88803944822777, -51.31503542263081 -15.8879981884846, -51.31502727503348 -15.88822511448377, -51.3145209549878 -15.88826960700799, -51.31467248188859 -15.88857784514928, -51.31467078789349 -15.8888703950669, -51.31500390677855 -15.88911635146649, -51.31542781000375 -15.88965327587875, -51.31535011989685 -15.89003227243444, -51.31549769168372 -15.89013855310334, -51.31543156588548 -15.89026548640759, -51.31512876930071 -15.89041753543567, -51.31490581959563 -15.89055590717304, -51.31468806112336 -15.89072889586731, -51.31439186882772 -15.89086366709862, -51.31453633785019 -15.89119749983076, -51.31426019799686 -15.8913124432385, -51.31433665502258 -15.8915216173926, -51.3145135096163 -15.89201686458663, -51.31472821360842 -15.89252218175393, -51.31478945208129 -15.89273589806197, -51.31463931595267 -15.89290408723666, -51.31457635821633 -15.89308688533127, -51.3144450392088 -15.89334174442565, -51.3145345839747 -15.89361662312248, -51.31461129691027 -15.89332839397087, -51.31492523363085 -15.89306847743646, -51.31506462986523 -15.89320234346482, -51.3151777426565 -15.89271417783431, -51.3155799251094 -15.8925553841786, -51.31568560337224 -15.8927521297998, -51.3154613392772 -15.89300757720615, -51.31555374012149 -15.89319620589555, -51.31545787582006 -15.89336277953861, -51.31574229503044 -15.89310453217461, -51.31592313386339 -15.89327639718989, -51.31566107358279 -15.89349573842917, -51.31558203573036 -15.89366988148958, -51.31541927872809 -15.89383176133583, -51.31515122801833 -15.89386424566697, -51.31509061005989 -15.89398972435423, -51.31525713398705 -15.89396706139693, -51.31565423237907 -15.89396105772632, -51.31577316717857 -15.89409196981179, -51.31600374028985 -15.89428717670858, -51.33312918432944 -15.89502917514558, -51.33344357467565 -15.88660431515084, -51.33370684035317 -15.8730654637493, -51.33363662594467 -15.87274093115511, -51.32757104011353 -15.86872829881276, -51.33106211972306 -15.86743319345528))"
GO-5212204-3AF33D4A071C45C88BD8B31829ACFD81,Jussara,GO,"POLYGON ((-51.42375019050744 -15.72804144748902, -51.39558043420745 -15.72558974708964, -51.39486497252605 -15.726487349666607, -51.394160935935204 -15.727204237731486, -51.39199396943455 -15.72924280417262, -51.40029926236941 -15.72987937085891, -51.40619994135066 -15.732830882919444, -51.41420040697701 -15.736817062305333, -51.41558335088173 -15.73688969325321, -51.41652861139888 -15.735608082093787, -51.419895305909236 -15.736126803536175, -51.41993512987059 -15.736274492594589, -51.45034160090442 -15.735386999017452, -51.45052796152301 -15.73046682225026, -51.447177838798936 -15.730121129282457, -51.44326661506053 -15.729737850315447, -51.42885669990336 -15.728485486268605, -51.42375019050744 -15.72804144748902))"
GO-5212204-3C9A1ADACE5C48158FFB0E253DD25653,Jussara,GO,"POLYGON ((-51.44141572100899 -15.557030984061, -51.42613496293199 -15.561688717951, -51.422734127195 -15.562716319886, -51.419500056438 -15.563641773803, -51.412150585898 -15.565861121436, -51.41092690880999 -15.566138232103, -51.410785455754 -15.566167145533, -51.410740988588 -15.566482717298, -51.410939084844 -15.566896966475, -51.41133382809799 -15.567243803395, -51.41190089352399 -15.567676944091, -51.412263241856 -15.567982858937, -51.412483481566 -15.568087127302, -51.412755567994 -15.568219541012, -51.412990363967 -15.568584005283, -51.413103664298 -15.568850860192, -51.413482368913 -15.569130235289, -51.41374252887199 -15.569659243601, -51.413887065479 -15.570280348167, -51.414122553617 -15.57060633312, -51.41455420771 -15.571247446184, -51.414847382302 -15.571656458693, -51.414998188901 -15.571988089753, -51.414597355605 -15.572523946768, -51.414351878229 -15.573186485462, -51.414496473498 -15.573629788487, -51.414806526547 -15.576073988454, -51.41490853127 -15.576554275586, -51.415309280033 -15.576855465493, -51.41543697142101 -15.577211097086, -51.415595361063 -15.577363872826, -51.41563461866 -15.577605389533, -51.41571084487401 -15.577650213318, -51.41608233346399 -15.577944432461, -51.41638966149 -15.578136171054, -51.417693835607 -15.577733682537, -51.422600998636 -15.588413613883, -51.427394856195 -15.589217783413, -51.43589363487899 -15.572133796559, -51.434295784414 -15.571836798926, -51.44141572100899 -15.557030984061))"
GO-5212204-3EC9EBA0E8B64C978796D37DE35E549F,Jussara,GO,"POLYGON ((-51.35421842759298 -15.75295325059958, -51.35044696667495 -15.77600285751581, -51.35683390004227 -15.77709912024269, -51.35927315572288 -15.78039450743772, -51.37037994828407 -15.76760102039711, -51.37453166838906 -15.7703334427592, -51.38256917583624 -15.76209719146035, -51.38298978153339 -15.76097688442656, -51.38322691100587 -15.75958993525933, -51.36329282377959 -15.75518106897105, -51.36196911612233 -15.75365706118866, -51.35421842759298 -15.75295325059958))"
GO-5212204-44A20600D515455FBC21DE3D450D828B,Jussara,GO,"POLYGON ((-51.45488321763944 -15.72753750810815, -51.45704071057897 -15.71680646094293, -51.45296573638915 -15.716007762870596, -51.44972167471765 -15.72311725573951, -51.45253658294678 -15.723484916844146, -51.45448923110962 -15.723712118880506, -51.45298719406128 -15.73075525618206, -51.45490863860717 -15.73094599041969, -51.45555426954034 -15.73077424611208, -51.45727045832854 -15.73024171293349, -51.45725727081299 -15.730011710676312, -51.45723293722574 -15.72987824229316, -51.45725855385061 -15.7297973196605, -51.45737113634951 -15.72975097085374, -51.45735756619241 -15.72962836505526, -51.4574090873928 -15.72950062363355, -51.45753444121125 -15.72938644684648, -51.457579135894775 -15.729164891651296, -51.457364559173584 -15.728751807920936, -51.45707285754264 -15.72854841254768, -51.45664761894627 -15.72835831760653, -51.45488321763944 -15.72753750810815))"
GO-5212204-498B6B5D358E4981AEF4DE19AF27B399,Jussara,GO,"POLYGON ((-51.32939629553743 -15.828240949832916, -51.32182571593551 -15.836059119676722, -51.310972412389106 -15.847211343559165, -51.31274651525355 -15.849607088860202, -51.319419790676285 -15.8557462035857, -51.31966651118842 -15.855972889644898, -51.322330156504215 -15.857300215652415, -51.32767957668149 -15.863681123760026, -51.32901123800517 -15.8653209765206, -51.33050955850264 -15.866827925452574, -51.33106210589257 -15.867433113146637, -51.33351370203816 -15.870234131773342, -51.33582913337932 -15.872808761891548, -51.33624772473234 -15.871178862663786, -51.338768624296755 -15.858975730586637, -51.33894116422633 -15.858486330103997, -51.34040437547994 -15.851386980535686, -51.34275495049499 -15.84089149976895, -51.3444386186398 -15.832713554015047, -51.34434449653653 -15.832571506795519, -51.33567180611034 -15.831182650503818, -51.33304453038081 -15.830764927718688, -51.33144131127676 -15.830512623717539, -51.32939629553743 -15.828240949832916))"
GO-5212204-4C368AF214CE46F5BD8982CDA10FD865,Jussara,GO,"POLYGON ((-51.33765068619316 -15.787592302606614, -51.33698844221375 -15.790877283268687, -51.33622130473396 -15.79567567782811, -51.33900648350002 -15.79223199519628, -51.33822241233271 -15.791220827122535, -51.3386696048056 -15.790667665381395, -51.339654020777104 -15.791431338146607, -51.34016589767106 -15.790798414621126, -51.34151051064771 -15.78993310500684, -51.342037121074306 -15.789433437808013, -51.34177697531453 -15.789210117472976, -51.34113724565967 -15.78930811765145, -51.33964239326117 -15.789475971001213, -51.33944025750841 -15.789499122455428, -51.339052123025404 -15.789528455424291, -51.33829177525744 -15.788478004004334, -51.33765068619316 -15.787592302606614))"
GO-5212204-50D789C6D210454F80F32B313D791784,Jussara,GO,"POLYGON ((-51.35429279705534 -15.72857674093618, -51.34443113673925 -15.73277023312728, -51.35467344739742 -15.74915207719439, -51.35480213754241 -15.74950724872404, -51.35421852156937 -15.75295361206564, -51.36196892910226 -15.75365688069007, -51.36329273026827 -15.75518097872235, -51.38322905709348 -15.7595893890574, -51.38596849279547 -15.74401799399635, -51.37567673167006 -15.73627419142441, -51.37202078610259 -15.7349831502247, -51.35429279705534 -15.72857674093618))"
GO-5212204-52E2FECF2A7042F2B0DC6B27138AADE6,Jussara,GO,"POLYGON ((-51.47215547756015 -15.653535352642132, -51.4704233277599 -15.662727413704168, -51.46899815761588 -15.670135123944124, -51.468416252528925 -15.673238682141378, -51.464319169999996 -15.695465829996142, -51.46330193999999 -15.70070027999613, -51.46325305999997 -15.70094305999613, -51.46673416999999 -15.701850279996126, -51.473159720000005 -15.703462499996133, -51.47328916999998 -15.703496669996136, -51.473417205189484 -15.7035291966367, -51.473473889999994 -15.70347693999614, -51.502678610000004 -15.690687219996157, -51.51107611 -15.687026939996143, -51.51296167 -15.677984169996172, -51.51301055999998 -15.677653329996179, -51.51385166999999 -15.673545559996175, -51.51479166999999 -15.668961939996203, -51.51537666999998 -15.66610332999619, -51.51622832999999 -15.661377219996202, -51.51685499999999 -15.657926939996207, -51.50724667 -15.65604832999621, -51.504310559999986 -15.655496669996198, -51.502372499999986 -15.657166109996197, -51.501695829999996 -15.658037779996203, -51.501201939999994 -15.65842749999619, -51.50009138999999 -15.65822388999621, -51.49878916999998 -15.658000559996209, -51.49510527999999 -15.657387219996197, -51.495033567535216 -15.657375187852244, -51.49679499999999 -15.646996669996208, -51.496743609999996 -15.647007219996219, -51.49676193999998 -15.646902219996214, -51.49787443999998 -15.641056109996223, -51.49808082999999 -15.640041109996224, -51.49837056 -15.640231669996236, -51.49910332999998 -15.640200559996236, -51.50051582999998 -15.64042471999623, -51.501251939999996 -15.639811109996222, -51.50198138999999 -15.639673609996224, -51.50436306 -15.638596939996233, -51.505371669999995 -15.638140829996226, -51.50675443999999 -15.633632779996239, -51.509165279999976 -15.628306939996259, -51.50866749999997 -15.628215559996244, -51.50453888999998 -15.627516669996249, -51.503656939999985 -15.62679277999625, -51.50282305999999 -15.626368329996257, -51.501920829999996 -15.626051389996253, -51.500817219999995 -15.625912779996247, -51.50008 -15.62596110999624, -51.49908193999999 -15.626141389996256, -51.498305559999984 -15.626462499996261, -51.484951939999995 -15.624192499996246, -51.483001939999994 -15.634756109996239, -51.475882779999985 -15.633545829996233, -51.47258831303633 -15.65122006785637, -51.47215547756015 -15.653535352642132))"
GO-5212204-57B761BC972B4CF1ACB6FB3191344583,Jussara,GO,"POLYGON ((-51.414330491 -15.7072449911, -51.4101957865 -15.7066024136, -51.4081305323 -15.7083640989, -51.4060221689 -15.7101625316, -51.4145306369 -15.7110261238, -51.414330491 -15.7072449911))"
GO-5212204-58CF696D8D4E433088EF08BC9873490F,Jussara,GO,"POLYGON ((-51.33622130473396 -15.79567567782811, -51.33583960736622 -15.798312636260519, -51.3375198942287 -15.79636422217666, -51.33786876933094 -15.795964306159581, -51.34197043771281 -15.791262399600699, -51.34243207466326 -15.789814642018536, -51.3424630455258 -15.789717512341534, -51.34211219129726 -15.789382740520528, -51.34203712107428 -15.789433437808013, -51.3416717617338 -15.789780104481952, -51.34151051064771 -15.78993310500684, -51.34029250467844 -15.79071693885823, -51.34016589767106 -15.790798414621126, -51.339708641285476 -15.79136380143812, -51.33900648350002 -15.79223199519628, -51.33622130473396 -15.79567567782811))"
GO-5212204-59B661AA7FEB45408462F5CD9717FC56,Jussara,GO,"POLYGON ((-51.36342016670421 -15.78620620253598, -51.35924579388741 -15.78043878468868, -51.35273199600082 -15.78378107689048, -51.35038300031735 -15.78167607095342, -51.34724300057767 -15.78193807112829, -51.34438099483698 -15.78464107810249, -51.34251227041887 -15.78324899618932, -51.34770999616426 -15.77554607674623, -51.33987399450795 -15.7741970787578, -51.33945599996722 -15.78299907184983, -51.33780099769847 -15.78680507681249, -51.34267600001778 -15.78855807844116, -51.3428480023357 -15.78906507602581, -51.34183200152514 -15.79140107315368, -51.33526099640359 -15.79897006995083, -51.34083499917602 -15.8062630745465, -51.36342016670421 -15.78620620253598))"
GO-5212204-5A18ED37BE2448B2BF618ECD096BF499,Jussara,GO,"POLYGON ((-51.32919444 -15.79103111, -51.32813472 -15.79114417, -51.31835056 -15.80478083, -51.31593694 -15.80814556, -51.31386889 -15.81100472, -51.320515 -15.81859917, -51.32055361 -15.81855389, -51.33185083 -15.805315, -51.33579444 -15.80737083, -51.33726667 -15.80814194, -51.33939083 -15.809245, -51.34155778 -15.807145, -51.34083667 -15.80623861, -51.34082028 -15.80625417, -51.33524917 -15.79897278, -51.33266167 -15.79556056, -51.32919444 -15.79103111))"
GO-5212204-5A626DA1611C4A4885618BD646CF0010,Jussara,GO,"POLYGON ((-51.48274798503917 -15.59709330498483, -51.48264664304122 -15.596849772248186, -51.45820249306506 -15.592603081319378, -51.457735848154805 -15.592943812945807, -51.45673706760238 -15.592696732261409, -51.45575561026197 -15.592734362285428, -51.45505203687748 -15.593127352152937, -51.454563496442134 -15.594141170827843, -51.45372914953401 -15.594278797931763, -51.45272904935512 -15.594953907627865, -51.45181577466176 -15.595641777742296, -51.45092897672609 -15.596226043952433, -51.45051048490523 -15.597223531288014, -51.44991112402596 -15.597956051641187, -51.44933259351071 -15.599057410161404, -51.44866542324195 -15.599317637577878, -51.447958804901695 -15.599862694679834, -51.447466111158356 -15.600523803381966, -51.44649892718286 -15.601004669968228, -51.44562543185327 -15.601582416783037, -51.44513796682506 -15.601576932875075, -51.44405770140855 -15.602265109798147, -51.44385218962796 -15.60295798840526, -51.44299901644213 -15.603678059692479, -51.44270061153518 -15.60464940419774, -51.44321568326459 -15.605069021393415, -51.44265614495257 -15.60571083961085, -51.44247703038341 -15.606261288085616, -51.441843783756326 -15.606786763534778, -51.44184575111693 -15.607705729676649, -51.44186701714315 -15.608281661088794, -51.44136195311259 -15.609421681286593, -51.44086287000907 -15.610238107372345, -51.44042985574522 -15.610724347328032, -51.44057758069326 -15.611105876660327, -51.4405859028908 -15.61187598261561, -51.44054044374892 -15.612477934304023, -51.440034092745606 -15.613022565142316, -51.43940033699624 -15.61332152823908, -51.4390617940248 -15.614273533129209, -51.43861550784349 -15.614805097492214, -51.43908467897567 -15.61561311230237, -51.440014145549995 -15.61619369766143, -51.43960873911715 -15.617107007451715, -51.43918314374302 -15.617949169103298, -51.43801660585845 -15.618941656327618, -51.43771841821017 -15.620035954081382, -51.43690468744433 -15.620503531110966, -51.436264363100044 -15.620867214843988, -51.43627904740471 -15.621494932457814, -51.435887452936676 -15.622636332591343, -51.43565247033673 -15.622835801198256, -51.43572955838054 -15.623762707143083, -51.43613895114308 -15.624719693159992, -51.43624160257591 -15.62589085132398, -51.436324371318534 -15.627133236556645, -51.43649910354968 -15.627852802459104, -51.43602796109851 -15.629092973863203, -51.435282257603205 -15.629673759910563, -51.435425180944414 -15.630463335560929, -51.43567505749604 -15.631005739388813, -51.43548767907531 -15.631916064300086, -51.43487550112429 -15.63195990403733, -51.4349627494812 -15.632232507761437, -51.435218333057634 -15.632341592390038, -51.43547331313704 -15.633121696410278, -51.43528461456299 -15.63328636788019, -51.435112953186035 -15.633493006483118, -51.43537321524241 -15.63366370108018, -51.435312096296926 -15.63401184488103, -51.435198783874505 -15.63413358482686, -51.43549919128418 -15.63444354137045, -51.43546413500877 -15.634941122980354, -51.43530607223511 -15.635332080861337, -51.4350700378418 -15.635704026479942, -51.43474817276001 -15.63611729859692, -51.434829063258555 -15.636740011743337, -51.435423830532365 -15.63709968740283, -51.4360785484314 -15.639671404360524, -51.43648624420166 -15.642398932043125, -51.437115896976515 -15.645155774176452, -51.453467684758486 -15.647873541775798, -51.453455482296945 -15.647941795904517, -51.47259569987649 -15.65120809064706, -51.47785598532893 -15.622973289021594, -51.48285608093103 -15.596989122318359, -51.48274798503917 -15.59709330498483))"
GO-5212204-5D9A52F2411D4BE8BE74CA5E1CEE15BF,Jussara,GO,"POLYGON ((-51.4528746672 -15.7159065673, -51.4497283557 -15.7230809822, -51.4544179842 -15.7236041561, -51.45298719406128 -15.730672640148969, -51.45488737040001 -15.730926956, -51.4572597924 -15.7302500247, -51.4572703978 -15.7302175566, -51.4573616127 -15.7301736099, -51.457407474517815 -15.729867132067925, -51.4574017041 -15.7295606869, -51.45755767822265 -15.729288816606852, -51.4573945899 -15.7289290949, -51.4572755433 -15.728961031, -51.4572656277 -15.7287298076, -51.4568948224 -15.7285449037, -51.45669937133789 -15.728524611511716, -51.45665645599365 -15.728483303046426, -51.4565768223 -15.7284201429, -51.45644386 -15.728339401, -51.4561144925 -15.7281855261, -51.45498275756836 -15.727677786296704, -51.45493073680001 -15.7264964489, -51.4570903303 -15.7168036774, -51.4570704609 -15.7167247058, -51.4570704609 -15.7167247058, -51.4528746672 -15.7159065673))"
GO-5212204-5EA91F9370294F8F8F9447882810DD0B,Jussara,GO,"POLYGON ((-51.44581783834414 -15.592226526038482, -51.4447836805849 -15.59205767632319, -51.42739485545467 -15.58921778273785, -51.42260099780061 -15.588413613088813, -51.417693834452585 -15.57773368187133, -51.41638966054058 -15.578136170472487, -51.41628388567657 -15.578170019363828, -51.41606275690018 -15.577963950903946, -51.41560900187952 -15.577622044430901, -51.41556913991386 -15.577376849309083, -51.41541266640144 -15.57722591451251, -51.415285574905724 -15.576871972340538, -51.41488415360029 -15.576570277232388, -51.414778751619366 -15.576115356184902, -51.414340130561534 -15.573668522498245, -51.41420415507928 -15.572955939029576, -51.414715914366894 -15.571918113481116, -51.41410587828228 -15.571031080252364, -51.41349240042031 -15.570230235504816, -51.41293743377283 -15.569125570408325, -51.411857260853346 -15.56784458282987, -51.410557447622224 -15.567444306472638, -51.41068264524071 -15.56622142624727, -51.410068217098654 -15.566805027999713, -51.38974633898152 -15.59295602345168, -51.38883721160906 -15.593598229248723, -51.381782676106766 -15.595549965355282, -51.38691421782061 -15.603227575418373, -51.384040729977265 -15.606665281515776, -51.385335360998745 -15.60766489916188, -51.387763522022276 -15.604773569877862, -51.40586015598055 -15.608125204646754, -51.41800729348097 -15.609645695028181, -51.415670164941716 -15.622345912560261, -51.41437571715031 -15.628122593989195, -51.42286440102267 -15.62967455151113, -51.43473587339553 -15.631634243257635, -51.43531855607456 -15.630488796761638, -51.435114030520516 -15.629658877804637, -51.435985555055126 -15.629054409061844, -51.43640299081689 -15.627964805556918, -51.43621195641719 -15.627087805264802, -51.43612390604342 -15.625949519315295, -51.43532137093152 -15.622695619228084, -51.43582821791664 -15.622392489634095, -51.43618941535083 -15.621399396343605, -51.43595770931889 -15.620691867824258, -51.436893087485885 -15.620285436792761, -51.4376323399193 -15.619856448361912, -51.43786618126747 -15.618768653866406, -51.43836543585932 -15.618244294192332, -51.43907677044566 -15.617852341513583, -51.4395159396986 -15.61703298146583, -51.439911637859915 -15.616246370756393, -51.439023414563145 -15.615680720799642, -51.43838794683592 -15.61471125716428, -51.43895294730114 -15.614269802008238, -51.43930873846903 -15.613269915766018, -51.43995614979652 -15.612911239802267, -51.44024997398291 -15.612497427682028, -51.440369007436274 -15.611842376581961, -51.440063108496375 -15.611331125033159, -51.44028086223848 -15.610766850651894, -51.44073970902467 -15.61014191887031, -51.441299664454704 -15.609286123290023, -51.44173475225844 -15.608302527655798, -51.441692851340655 -15.60757561091794, -51.441655124390955 -15.606732804011486, -51.44239098645704 -15.606180892431329, -51.442594200612604 -15.605592967788338, -51.44255667799003 -15.604677212965287, -51.44277671677153 -15.603618677656684, -51.443712527306765 -15.60264420349039, -51.44389143347049 -15.602038055317262, -51.445015796889074 -15.60137498431736, -51.445593942965694 -15.601390131130659, -51.446458089291106 -15.600837331601287, -51.44741151734083 -15.60034445727202, -51.447810926641395 -15.599705655365224, -51.44855632651582 -15.599226498539482, -51.44925313614698 -15.598915800317899, -51.44982298183461 -15.597688579375031, -51.45050417138454 -15.597040779621132, -51.45088414991307 -15.596066898707404, -51.451906709575205 -15.595352009875507, -51.45280710684285 -15.594679659295124, -51.45370342292865 -15.594084239510098, -51.452263023525305 -15.59327873234249, -51.44581783834414 -15.592226526038482))"
GO-5212204-618B314C50C54EEFBC18FB8B02538996,Jussara,GO,"POLYGON ((-51.42973101251464 -15.708673033570424, -51.429180065739864 -15.707035942297924, -51.41909527681856 -15.705798626017557, -51.41954518140295 -15.711530129064434, -51.42046312340564 -15.72382652437064, -51.42927228161723 -15.725214259416683, -51.428322963902765 -15.722228535058134, -51.4275758060792 -15.719943856252764, -51.432328066674515 -15.716389565602057, -51.42984736280539 -15.709018755044143, -51.42973101251464 -15.708673033570424))"
GO-5212204-666FDE631E27448F908117041A14AAF7,Jussara,GO,"POLYGON ((-51.3939277013 -15.7517250344, -51.3843204978 -15.762991660199997, -51.3953039257 -15.7713957761, -51.3997019602 -15.770840980900003, -51.3996799912 -15.770539613800002, -51.3998008167 -15.770407221000003, -51.3997959618 -15.7698827051, -51.399955684 -15.7698765354, -51.3997617156 -15.769509398800004, -51.3999208264 -15.7692866219, -51.3998778995 -15.768961788199992, -51.3999821955 -15.768922542099993, -51.3998237453 -15.768624409000005, -51.40013393520001 -15.768416361500005, -51.400170878 -15.768259984799997, -51.4004424002 -15.767995505500005, -51.400429072 -15.767768615499994, -51.400628216 -15.767585994400003, -51.4000120599 -15.767535687300006, -51.3998465706 -15.767170216000004, -51.40003618090001 -15.766743521599995, -51.4001466468 -15.766852074799996, -51.400320334 -15.766637045699996, -51.4001617292 -15.766259357299997, -51.4004810179 -15.7659801446, -51.4003788374 -15.7657168044, -51.4005478557 -15.765644622199998, -51.400748904900006 -15.765387323599999, -51.4009364949 -15.7654549622, -51.4010604311 -15.7653397399, -51.4013136729 -15.764706534500004, -51.4016866971 -15.764790374700004, -51.4016980138 -15.764611082299995, -51.4020214654 -15.764599456099992, -51.4020725572 -15.764423344799997, -51.4018890559 -15.764440679499995, -51.4019062358 -15.7637778948, -51.40196717890001 -15.7634370489, -51.40212170430001 -15.7635440734, -51.4022638055 -15.763315178799996, -51.4024271596 -15.763022871499999, -51.4026229208 -15.763116439700005, -51.4027330278 -15.762901254899996, -51.40307586170001 -15.762825856399997, -51.4031441348 -15.762936294399994, -51.40329258 -15.762753403099996, -51.4032803933 -15.762491343999992, -51.4034244662 -15.762505451400003, -51.4037150354 -15.762295627299999, -51.403527751 -15.7622399238, -51.4036795071 -15.762079446400007, -51.4037974473 -15.762096947000002, -51.4038567512 -15.761920367999997, -51.4040360073 -15.761693121099999, -51.4044515623 -15.7616183992, -51.4042871092 -15.761400559200004, -51.4045353034 -15.761195694599996, -51.4047940126 -15.761068195999998, -51.4044045727 -15.760847338799996, -51.4045855022 -15.760664476700004, -51.404516532 -15.7606262735, -51.404532498 -15.7602976246, -51.4046770913 -15.760339574799998, -51.4050805801 -15.760254387299996, -51.4049836237 -15.760178989700004, -51.405016385 -15.760034914900002, -51.4043206968 -15.759787053300002, -51.4029923446 -15.759057873600002, -51.4024134872 -15.758641547399996, -51.4009850313 -15.758079878199993, -51.3973294114 -15.7558917411, -51.3939277013 -15.7517250344))"
GO-5212204-66A905C03E3F44BA90A906FAEE4ECE22,Jussara,GO,"POLYGON ((-51.43521011820734 -15.716532472453984, -51.43561411062787 -15.719152296568383, -51.4329784168869 -15.728843807554224, -51.44326658707869 -15.729737859412698, -51.443576130198224 -15.727254554106617, -51.444996772639534 -15.715721251584206, -51.44689820770853 -15.714300464637324, -51.447077427946375 -15.714183114869346, -51.44130787400925 -15.706773204654171, -51.440085375747586 -15.707254089884165, -51.43854930753618 -15.708224052371236, -51.43719156396946 -15.708050304472307, -51.43637649590555 -15.707949053920684, -51.43383690192439 -15.707626848062274, -51.43481198537111 -15.713950579541235, -51.43521011820734 -15.716532472453984))"
GO-5212204-67B7F23029D24ACFAC7656714A14C2DB,Jussara,GO,"POLYGON ((-51.2791032571 -15.8316013482, -51.2757552908 -15.8422270839, -51.2733516543 -15.8498453531, -51.2713885674 -15.8560502911, -51.2758461859 -15.8558594226, -51.2748917255 -15.8596306809, -51.2728538047 -15.8675890244, -51.2707737352 -15.8755768697, -51.2714166523 -15.875714835, -51.271597913 -15.8757532102, -51.2744170737 -15.876340084, -51.2766959476 -15.8768335014, -51.281947949 -15.8779652727, -51.2851628736 -15.8785723728, -51.2887393772 -15.8791631218, -51.298084259033196 -15.87775846084878, -51.298084259033196 -15.875694549265548, -51.29817008972168 -15.873671895399822, -51.29889965057372 -15.87338294319001, -51.29967212677002 -15.873217827455488, -51.3012170791626 -15.87288759558055, -51.30134582519531 -15.872846316558139, -51.301560401916504 -15.872763758487919, -51.30194664001465 -15.872722479440126, -51.30233287811279 -15.872598642246022, -51.30274057388306 -15.872536723620433, -51.30310535430908 -15.872392246753384, -51.30349159240722 -15.872350967629487, -51.3042561913 -15.8721397915, -51.3053248057 -15.8661623937, -51.3051332999 -15.8662037072, -51.3047754221 -15.8663544629, -51.3042384861 -15.8663148978, -51.3040541634 -15.8661013509, -51.3046062878 -15.865868417, -51.3042387532 -15.8657457129, -51.3034766778 -15.8663023159, -51.3034168542 -15.8659592255, -51.3032042984 -15.8657901963, -51.3033256908 -15.8651452638, -51.3032357093 -15.8651215231, -51.3029099526 -15.8653909315, -51.3024148162 -15.8648811112, -51.3022225327 -15.8650270208, -51.3023424185 -15.8652494285, -51.3028572602 -15.8654443436, -51.3027011557 -15.8656746405, -51.3025413065 -15.8655237081, -51.3022175889 -15.8657209701, -51.3021201976 -15.8654883153, -51.3016756883 -15.8655448048, -51.3016881549 -15.8651976354, -51.3015452306 -15.8649960523, -51.3011484113 -15.8649632454, -51.3009726385 -15.8647806022, -51.3012451417 -15.8645630724, -51.3012346686 -15.8641775131, -51.3005216428 -15.8650603967, -51.3003708906 -15.8648699434, -51.3002735412 -15.8645376622, -51.2995734032 -15.8649171543, -51.2992056113 -15.8645535147, -51.2993355582 -15.8639376825, -51.2997071907 -15.8641829775, -51.2998980301 -15.8641336238, -51.2996390058 -15.8635493384, -51.2987053352 -15.8640342004, -51.2982026812 -15.8637381865, -51.2984080618 -15.8636053711, -51.2983648078 -15.863471994, -51.2979115705 -15.8638159732, -51.2974884051 -15.8635853914, -51.2968082606 -15.8635871383, -51.2968627412 -15.863350747, -51.2970243402 -15.8634249281, -51.2970446595 -15.8629496452, -51.296534466 -15.8624122584, -51.2965238845 -15.8625214812, -51.2967856375 -15.8626795108, -51.2966369061 -15.862845516, -51.2962316926 -15.8629455153, -51.2961417378 -15.8626828332, -51.2962185384 -15.8624441514, -51.2959949474 -15.8621949414, -51.29586887 -15.8615635496, -51.2958093295 -15.8613407845, -51.2959564238 -15.8612052484, -51.3026938951 -15.854984172, -51.3072060744 -15.8508344139, -51.3144927444 -15.8584177315, -51.3194197056 -15.8557461323, -51.3127463464 -15.8496072075, -51.310972477 -15.8472114257, -51.3095034153 -15.8452618808, -51.3072889976 -15.842307906, -51.3060430861 -15.8406480364, -51.305895425 -15.8404547794, -51.3053473805 -15.8396893749, -51.3051449667 -15.8395400406, -51.2940347717 -15.8372474548, -51.2915689232 -15.8372444556, -51.2914619639 -15.8373545312, -51.2891036506 -15.8373182714, -51.2869519681 -15.8373862203, -51.2867674878 -15.8372939805, -51.28413999 -15.8348257787, -51.2836240217 -15.8342905357, -51.2809624458 -15.8317048122, -51.2791032571 -15.8316013482))"
"","","","POLYGON ((-51.37927167 -15.80765333, -51.36466556 -15.81741056, -51.36473972 -15.81753639, -51.36499361 -15.81746806, -51.36495556 -15.817679720000001, -51.36508667 -15.81790944, -51.36481389 -15.818163889999997, -51.36501583 -15.818415, -51.36517889 -15.81855, -51.36503278000001 -15.818740280000002, -51.36531278 -15.81927139, -51.36514556 -15.819770830000001, -51.36440111 -15.820649170000001, -51.3640125 -15.821211109999998, -51.36380917 -15.82199028, -51.36321139 -15.82239528, -51.36302694 -15.82257556, -51.36267472 -15.8228575, -51.36141778 -15.83522361, -51.35231667 -15.83383139, -51.35170861 -15.83896444, -51.34771639 -15.845642220000002, -51.34796667 -15.84600167, -51.34812417 -15.846250280000001, -51.34831917 -15.846488889999998, -51.34854083 -15.846703889999999, -51.34886972 -15.8468975, -51.34144417 -15.870473890000001, -51.342284170000006 -15.869914170000001, -51.34417528 -15.869792500000003, -51.34803361 -15.870313329999998, -51.35023194 -15.870471109999999, -51.35418417 -15.870551110000001, -51.35754389 -15.87112917, -51.3616 -15.87199139, -51.36442556 -15.871573610000002, -51.36529806 -15.871362500000002, -51.36530889 -15.871598609999998, -51.36467667 -15.87555833, -51.37041083 -15.876077220000003, -51.37191806 -15.876125280000002, -51.37719778 -15.879604169999999, -51.38077389 -15.874416390000002, -51.38190583 -15.87093472, -51.38856 -15.86511028, -51.390707500000005 -15.86322944, -51.39337222000001 -15.86252389, -51.393390280000006 -15.86338833, -51.39445639 -15.86354889, -51.39773028 -15.86406, -51.398076110000005 -15.87342111, -51.40595889 -15.87075361, -51.40773139 -15.87018806, -51.41174167 -15.869496670000002, -51.41187917 -15.868943330000002, -51.41343306 -15.86235083, -51.41486972 -15.861835280000001, -51.41609472 -15.861828609999998, -51.41732528 -15.86227583, -51.41897389 -15.86213722, -51.41879111 -15.86144083, -51.41910222 -15.860590280000002, -51.42010528 -15.86022361, -51.42100111 -15.85977972, -51.42204 -15.85918528, -51.42162667 -15.85853417, -51.42223528 -15.857547220000002, -51.42314 -15.85678167, -51.42372167 -15.85612306, -51.42658111000001 -15.85315139, -51.42596389 -15.851874170000002, -51.42761556 -15.85030806, -51.42852583 -15.850163890000001, -51.42991278 -15.85077278, -51.43128111 -15.85232833, -51.43160111 -15.85235889, -51.43206889 -15.851946670000002, -51.43242583 -15.85154528, -51.43171222 -15.84914972, -51.43133306 -15.848783889999998, -51.4296225 -15.84867278, -51.42861528 -15.84851361, -51.428321940000004 -15.8473675, -51.42902389 -15.846737780000002, -51.43063944000001 -15.846367779999998, -51.43239583 -15.84540139, -51.43349667 -15.84524889, -51.434920000000005 -15.845632780000003, -51.43676528 -15.846751670000002, -51.43776556 -15.846390830000002, -51.43831694 -15.84461944, -51.43755222 -15.844813890000001, -51.43706194 -15.84541139, -51.43657 -15.845792779999998, -51.43600417 -15.846153330000002, -51.43592 -15.845698889999998, -51.43535639 -15.84566722, -51.43493389000001 -15.845254170000002, -51.43434083 -15.84457944, -51.43466139 -15.84377972, -51.43474278 -15.84343333, -51.43431000000001 -15.842991110000002, -51.43432389 -15.842488610000002, -51.43369806 -15.84201667, -51.43286306 -15.84235028, -51.4323725 -15.84179028, -51.43180194 -15.84209778, -51.43192444 -15.84153, -51.43167611 -15.84134472, -51.43169806 -15.84176222, -51.43151389 -15.841775829999998, -51.43105194 -15.84141611, -51.4306625 -15.841399999999998, -51.43042667000001 -15.84162222, -51.42993028 -15.841545560000002, -51.42913139 -15.84157778, -51.42852194 -15.84137444, -51.42826417 -15.84122556, -51.42739722 -15.84174028, -51.42738722 -15.84200889, -51.42802278 -15.84213944, -51.42744222 -15.84280083, -51.42787861 -15.843124440000002, -51.42769778 -15.84325861, -51.42712333 -15.84311194, -51.42755833 -15.843798329999998, -51.42705889 -15.84415194, -51.4261325 -15.84415694, -51.42547 -15.84401028, -51.42490472 -15.84410694, -51.42392361 -15.844201110000002, -51.42301 -15.84492417, -51.422145 -15.844806110000002, -51.42126056 -15.844153609999998, -51.42066139 -15.843798329999998, -51.41997111 -15.843924170000001, -51.42017944 -15.84445222, -51.41963472 -15.84478389, -51.41940167 -15.84521611, -51.41864944 -15.84500694, -51.41780306 -15.84472778, -51.41743833 -15.84559528, -51.41659556 -15.845935, -51.41589222 -15.84651278, -51.415466390000006 -15.846537500000002, -51.41498361 -15.84689194, -51.41445389 -15.84681583, -51.41422639 -15.847409170000002, -51.41393056 -15.84751194, -51.41367444 -15.847134169999999, -51.412936110000004 -15.847237220000002, -51.41231722 -15.84749083, -51.41172222 -15.847560560000002, -51.4114825 -15.84776778, -51.41103 -15.848302780000001, -51.40996778 -15.84801583, -51.41006472 -15.84740028, -51.40994056 -15.84667528, -51.40959361 -15.84674667, -51.40910306 -15.84716056, -51.40875111 -15.84667778, -51.40867694 -15.847189720000001, -51.40813056 -15.846728330000001, -51.40764361 -15.84643944, -51.40668778 -15.84610417, -51.40619194 -15.846512220000001, -51.40580556 -15.845676940000002, -51.40586806 -15.84519944, -51.40596444 -15.84424472, -51.40596556 -15.8436175, -51.40519917 -15.84401417, -51.40480167 -15.844367220000002, -51.40485778 -15.84475528, -51.40429028 -15.84481111, -51.40413611000001 -15.844088330000002, -51.404965 -15.8431825, -51.40456083 -15.843044720000002, -51.40476 -15.8426875, -51.40356139 -15.84213194, -51.40296917 -15.84111, -51.40328528 -15.840684999999999, -51.402915 -15.84041583, -51.40295028 -15.83984917, -51.40268944 -15.83990194, -51.40292639 -15.83913083, -51.40288139 -15.838389170000001, -51.40246306 -15.83856583, -51.40244694 -15.837859170000002, -51.40218944 -15.83821028, -51.4016825 -15.837883610000002, -51.40179083 -15.83747444, -51.40153333 -15.83740611, -51.40146361 -15.83711583, -51.40177944 -15.83674639, -51.40133222 -15.83656444, -51.40101333 -15.83606806, -51.40097972 -15.83569417, -51.40060833 -15.83558889, -51.40042861 -15.835244170000001, -51.39959889 -15.83508472, -51.39958139 -15.83416111, -51.39995444 -15.83459139, -51.40023139 -15.834145000000001, -51.399515560000005 -15.833295, -51.39930944 -15.832892500000002, -51.39907611 -15.832933890000001, -51.39876306 -15.832675, -51.39858167 -15.8326575, -51.39796306 -15.83255278, -51.3977925 -15.83241278, -51.39767667 -15.83183139, -51.39792361000001 -15.831779439999998, -51.39804333 -15.831211110000002, -51.39762389 -15.831020280000002, -51.39721222 -15.83049194, -51.3971425 -15.829832780000002, -51.39658694 -15.82912417, -51.37927167 -15.80765333))"
GO-5212204-6A4B85E2354A4B81ADED3D20E1226C9B,Jussara,GO,"POLYGON ((-51.31282935999315 -15.913160937186328, -51.31364910960091 -15.91194542759879, -51.31364886528638 -15.911902350589866, -51.31291146188627 -15.908445722011875, -51.30807180492674 -15.90450636340719, -51.306116777378335 -15.902912610672663, -51.304881892096574 -15.90467007138792, -51.30496468102145 -15.904849885277045, -51.30543362163695 -15.905369560096874, -51.305799160061305 -15.90584152044728, -51.306018290149524 -15.905812534074157, -51.30642767556353 -15.905811203443802, -51.30674751238052 -15.906003734551136, -51.30707533742354 -15.906177901846382, -51.307476036529195 -15.906404733618013, -51.30750986073294 -15.906556102784645, -51.30777887329623 -15.906751190761018, -51.308218026704026 -15.906763600871471, -51.3083031061289 -15.906997173245827, -51.308235165240774 -15.907251340984295, -51.30840944337993 -15.907527700680504, -51.308368011778335 -15.907675271669904, -51.30875948092813 -15.907715656354776, -51.30906524919159 -15.90816205779934, -51.309295461391464 -15.908597628116487, -51.309536634472906 -15.909021954301071, -51.3096970214594 -15.90914406780174, -51.30974218453215 -15.909652280053123, -51.30995564861401 -15.91008741251361, -51.310012455017066 -15.910560332401433, -51.31010607859852 -15.910928972922653, -51.31046394222127 -15.911274569483231, -51.310853966191274 -15.911895534075729, -51.31100780529119 -15.912180364559383, -51.31146392458375 -15.91233682887549, -51.31190766307005 -15.913000212724238, -51.31216197470917 -15.912771991766514, -51.31232259098867 -15.913202921914541, -51.31282935999315 -15.913160937186328))"
GO-5212204-709F48C8AFB1410A98BFB6AA16774C78,Jussara,GO,"POLYGON ((-51.33312823116415 -15.89502871981505, -51.3159897650045 -15.89428702252477, -51.3159778760652 -15.89440254887735, -51.31554698764769 -15.89453942587495, -51.31570972859234 -15.89479845741001, -51.31581465972622 -15.89477898484005, -51.31587713747241 -15.89457640705927, -51.31606256171218 -15.89473473147231, -51.31585437892195 -15.89519747844552, -51.31565771683151 -15.89521909197125, -51.31556217142021 -15.89536894020557, -51.3155744879449 -15.89563541461882, -51.31567010659789 -15.89584399934838, -51.31510611226037 -15.89612256990937, -51.3148964632508 -15.89631763238307, -51.31462309889954 -15.89641924657147, -51.31473733399988 -15.89654318663348, -51.31467871048468 -15.89672034595208, -51.31446827517683 -15.89674666138838, -51.31426554432979 -15.89668723547287, -51.31428305601848 -15.89681110845172, -51.31443633783846 -15.89686802977948, -51.31460395932151 -15.89714745912576, -51.31481748593711 -15.89717445017965, -51.31500732508659 -15.89711926231575, -51.31534438147301 -15.89670581524769, -51.31547923518977 -15.8967165302062, -51.31563653393478 -15.89646175958442, -51.31634893411797 -15.89642550584741, -51.31647743084766 -15.89651696913151, -51.31632280129019 -15.89688903538136, -51.3161425907315 -15.89695411856685, -51.31587965152943 -15.8971156477789, -51.3159263161574 -15.89727327093873, -51.31579307804892 -15.89764572139917, -51.31544112249293 -15.89803010798362, -51.31492286073169 -15.89813582257026, -51.31498859295947 -15.89837856948617, -51.31551515725752 -15.89875647582156, -51.31603865706097 -15.89916876587097, -51.31625990668318 -15.8996708883835, -51.31661562279895 -15.8998981489047, -51.31676704693092 -15.90009129164741, -51.31698817371852 -15.90013145022295, -51.31750729928942 -15.90004388244393, -51.31787170900564 -15.90011291244777, -51.31806344611936 -15.90037259540927, -51.31808761474755 -15.90058746766468, -51.31824835586782 -15.90087053831161, -51.31845850331544 -15.90102699788241, -51.31877290751131 -15.90117261774868, -51.31887263846126 -15.90142009552354, -51.31879990148344 -15.90179279285682, -51.31832904153638 -15.90189228927344, -51.3177837013931 -15.90225543923688, -51.31753927878219 -15.90239725331277, -51.31731064936515 -15.90278102764684, -51.31748871283609 -15.90287465941892, -51.31772001776448 -15.90307054075962, -51.31817171501611 -15.90319926193279, -51.31843604992654 -15.90322037957904, -51.31928673777515 -15.90308609510455, -51.31952894327937 -15.90317925068545, -51.31970533506617 -15.90355616315652, -51.31956474951755 -15.90376400136828, -51.31898268695485 -15.90372644892486, -51.31894764421265 -15.90392725117902, -51.31926770616286 -15.90436951263295, -51.31970202210311 -15.90469942256254, -51.31997438402725 -15.90519320222168, -51.31996044954456 -15.9052842141933, -51.33264762570989 -15.9057352684692, -51.33292368045711 -15.89881786220696, -51.33306195326092 -15.89731144266867, -51.33312823116415 -15.89502871981505))"
GO-5212204-722863690680490CA4C132CD628B76D4,Jussara,GO,"POLYGON ((-51.32107091187788 -15.83283498012214, -51.32764483063395 -15.82630088682535, -51.3261442614769 -15.82467726878086, -51.31845669165494 -15.8309364019462, -51.31753315935664 -15.83270590606208, -51.31746689628843 -15.83267750505497, -51.31679052346949 -15.83266105477356, -51.31034501672001 -15.8387674986397, -51.31035298986944 -15.8388616148268, -51.30907357575126 -15.83919047065073, -51.30610247766759 -15.84061822192603, -51.30953451246101 -15.84522873780833, -51.32012572345212 -15.83413025179349, -51.32107091187788 -15.83283498012214))"
GO-5212204-72B57BA00A4A45EBA58D040A74E67562,Jussara,GO,"POLYGON ((-51.45045518875122 -15.736249147067682, -51.45320177078247 -15.741309178411585, -51.45640162160001 -15.7403741525, -51.45761152979999 -15.7400752552, -51.4582199699 -15.7398970392, -51.45899534225464 -15.73953301848864, -51.45873785018921 -15.738562319879824, -51.4587038018 -15.7381603321, -51.458888053894036 -15.73783945620298, -51.45873785018921 -15.737632923251846, -51.4579205781 -15.737572744, -51.45755765400001 -15.7375052779, -51.45747000869999 -15.7369470914, -51.4573324807 -15.7369143644, -51.45727872848511 -15.7365176416905, -51.4568944797 -15.7362893713, -51.45621176540001 -15.7358719501, -51.45600106500001 -15.7357414859, -51.4569354057312 -15.734782747103049, -51.457364559173584 -15.733192414062588, -51.4578337936 -15.7314338443, -51.45783207360001 -15.7313241789, -51.457788612 -15.7312519289, -51.45771162909999 -15.7313201103, -51.45769099300001 -15.7311411359, -51.4574887456 -15.7311492263, -51.457386016845696 -15.730879180168783, -51.4573940798 -15.7306056092, -51.45730018615723 -15.730590024082314, -51.45730018615723 -15.730507407982124, -51.4573616127 -15.7301736099, -51.4572597924 -15.7302500247, -51.45488737040001 -15.730926956, -51.45438194274902 -15.73102375805787, -51.45388841629028 -15.730899834159223, -51.45294041220001 -15.7307193256, -51.45075559616089 -15.730548716036411, -51.45045518875122 -15.736249147067682))"
GO-5212204-7E2ADE1A2C994C1FBE01A9E4115E49A1,Jussara,GO,"POLYGON ((-51.34083665782579 -15.80623871700064, -51.34155781467391 -15.80714506340653, -51.33939081640002 -15.80924511764031, -51.3393902731743 -15.80925533418136, -51.33444586880107 -15.81416400520308, -51.33439560900637 -15.81421389998851, -51.33467112316631 -15.81430843243087, -51.33476596730639 -15.81414185077561, -51.3350556655425 -15.81424872995065, -51.33520748482768 -15.81418627614118, -51.33562778804357 -15.81418433478818, -51.33590744671272 -15.81412673959103, -51.33610306668587 -15.81392967982172, -51.33625933611686 -15.81421491244211, -51.33656208176605 -15.81417657870628, -51.33680675791071 -15.81442820531389, -51.33670212098444 -15.81458289145449, -51.3373282715165 -15.8146468853849, -51.33744002764134 -15.81438686152996, -51.33775311607712 -15.81443551235199, -51.33789755177555 -15.81461507130919, -51.34072613760289 -15.81223034798448, -51.34236359102501 -15.81078148468605, -51.34316135831068 -15.81013651084497, -51.34381304337668 -15.80998897105569, -51.35374723026637 -15.80859064826373, -51.35627356312541 -15.80825229510866, -51.35699557884461 -15.80827425323701, -51.36206587622137 -15.80760482622782, -51.36381334631698 -15.80685037687705, -51.36505162761429 -15.80645703044722, -51.36433531289169 -15.80486865621232, -51.36955139487414 -15.80021090347893, -51.37037445513606 -15.80102784090954, -51.37205610659485 -15.79792283994528, -51.37046801140841 -15.7957370476667, -51.36344639096645 -15.78617454183559, -51.34083665782579 -15.80623871700064))"
GO-5212204-7E8D8FBAA53747BCBB20329B57032F98,Jussara,GO,"POLYGON ((-51.40076140054245 -15.62568320387591, -51.39808438785516 -15.62872171677704, -51.39459646606888 -15.6468506599824, -51.40364753682328 -15.64880673188197, -51.42699780530527 -15.65386783588076, -51.43432673376817 -15.65527477718031, -51.43440671706774 -15.65528483428031, -51.43456695376673 -15.65636024268057, -51.44426143051764 -15.65786276377984, -51.45068172548509 -15.65880902457934, -51.4704233254845 -15.66272741517798, -51.47215547527797 -15.65353535407523, -51.47258831067635 -15.65122006937455, -51.45344802697366 -15.64795377377602, -51.45346028557363 -15.64788549287601, -51.43676389475821 -15.64509568957723, -51.43464943147067 -15.63678408977516, -51.43446414297184 -15.63576577437493, -51.435065330069 -15.63496522267465, -51.43495130126968 -15.63446885457451, -51.43490931377013 -15.63340604707424, -51.43521343416879 -15.63260129217397, -51.4346832068715 -15.63223086937393, -51.43470631287152 -15.63177400747381, -51.4347356857714 -15.63163436397377, -51.42286410193125 -15.62967470847458, -51.414375678774 -15.6281225516751, -51.40076140054245 -15.62568320387591))"
GO-5212204-81F365C789534A84A8F8A35060DBF942,Jussara,GO,"POLYGON ((-51.31676814432343 -15.91955216825415, -51.31749305957081 -15.91923571223081, -51.31789723847596 -15.91901967657694, -51.31768735092957 -15.91827353193398, -51.31747531834585 -15.91789164445045, -51.31726390278275 -15.91775952296679, -51.31718189130926 -15.91731155788353, -51.31688930227986 -15.91700871046086, -51.31601562329602 -15.917140226508, -51.30761179961088 -15.9230192187866, -51.30804991880126 -15.92431571445271, -51.30925208451752 -15.92467284332539, -51.31573933844356 -15.92227967883133, -51.31670756235983 -15.92203583402448, -51.31791227518928 -15.9214459062736, -51.31802532838866 -15.92133674012582, -51.31813454797071 -15.92086363278765, -51.31800877076847 -15.92038526668416, -51.31779922600313 -15.92068428685606, -51.31726574789005 -15.92068503545034, -51.31656142403295 -15.92019972520732, -51.31676814432343 -15.91955216825415))"
GO-5212204-882C7F7A66AD4033AF778B7A4518A2B0,Jussara,GO,"POLYGON ((-51.46283626556396 -15.672647254695384, -51.455318386651754 -15.68664636131044, -51.4527940750122 -15.69159149789395, -51.45522853511732 -15.692608986421586, -51.45727199365485 -15.695101584441959, -51.46418809890747 -15.695495817937461, -51.464316844940186 -15.695309899630505, -51.464306298172446 -15.695130220747302, -51.468350887298584 -15.673494308570778, -51.46283626556396 -15.672647254695384))"
GO-5212204-88C69561AE0B4505AB651AE37A00D04E,Jussara,GO,"POLYGON ((-51.31996055839729 -15.90528417156153, -51.31993693244212 -15.90555333324337, -51.3200105785788 -15.90574564745739, -51.32025192971277 -15.90591970287799, -51.32035997278714 -15.90617115866288, -51.32021693300687 -15.9066073367087, -51.31985416839756 -15.90686222156199, -51.31975555839808 -15.90682472156198, -51.31996332839698 -15.90713556156205, -51.31981277839771 -15.90747389156217, -51.31961832839864 -15.9076005615622, -51.31964360839849 -15.90775917156226, -51.33255666833286 -15.90803639156115, -51.3326477783328 -15.9057352815605, -51.31996055839729 -15.90528417156153))"
GO-5212204-89767A2A870E408092A410DDBAFF342D,Jussara,GO,"POLYGON ((-51.31282935999315 -15.913160937186337, -51.31292207184364 -15.913220017283521, -51.31292029920973 -15.913420806459195, -51.31371314505995 -15.913705883237611, -51.31440924454305 -15.914592797692006, -51.31416109467411 -15.916170874656629, -51.31443101069507 -15.916339798766057, -51.31478974929855 -15.916210387545753, -51.31528404210673 -15.916413065506715, -51.31584769106323 -15.916792660245232, -51.3160567033275 -15.91708822266767, -51.31688930374019 -15.917008627032486, -51.31893069853902 -15.912565573027107, -51.31940207802308 -15.911856807812953, -51.31961138394215 -15.91139004581225, -51.319574419471614 -15.911390100511914, -51.31904513005556 -15.911367492212387, -51.318239479675476 -15.911190350573676, -51.31771218650095 -15.910806649093928, -51.31784864249132 -15.91027932253199, -51.31811319864596 -15.910209521096089, -51.31832713622894 -15.910452970376609, -51.3183294834064 -15.910122017124506, -51.31782447818018 -15.910157078067554, -51.317319472013715 -15.910096391286922, -51.31735364963995 -15.909824867830363, -51.317981112049075 -15.90939166167562, -51.318175311049345 -15.909369498003239, -51.318689277965255 -15.909728655433717, -51.319006405478426 -15.909815209871118, -51.31926011055864 -15.90967794576505, -51.31960215242321 -15.909550703005896, -51.31995779441685 -15.909575941523803, -51.32038516298479 -15.909369241898599, -51.32077754692748 -15.909052373240227, -51.32097259119297 -15.90868610230966, -51.320768057187394 -15.908906313078523, -51.320666875780354 -15.908908705322807, -51.32050255037065 -15.908692839222427, -51.32028820376531 -15.908545500829096, -51.319928456071025 -15.908457230415664, -51.319297968167675 -15.908460676533627, -51.31919622807044 -15.907978649773776, -51.31933037868139 -15.907805409793546, -51.31948517091235 -15.907895656927145, -51.31955482016637 -15.90751354406126, -51.31977694770284 -15.90731256435829, -51.31983422324868 -15.90708152524668, -51.31968368494551 -15.906939841389818, -51.319774654799495 -15.906701248914846, -51.31995956620947 -15.906703497385262, -51.32012019598871 -15.906551263680862, -51.3202610277516 -15.90621487071368, -51.320116810310566 -15.905964340753783, -51.31996034314741 -15.905871610415351, -51.31984476417591 -15.905618027396226, -51.319808373610925 -15.905107652880542, -51.319498669758616 -15.904671434030858, -51.30807180492674 -15.904506363407181, -51.31291146188627 -15.908445722011875, -51.31364886528638 -15.911902350589855, -51.31282935999315 -15.913160937186337))"
GO-5212204-8A0CEB45254E411682E58F7496344623,Jussara,GO,"POLYGON ((-51.32329008965 -15.821526933896, -51.32329008965 -15.821526933896, -51.316543913787 -15.829784333983, -51.315527780001 -15.830488610004, -51.31517723255801 -15.830079581353, -51.314904134876 -15.829991252129, -51.314258238227 -15.829556639172, -51.314558330001 -15.829123060004, -51.31586444000101 -15.827229720004, -51.31361111000099 -15.825289720004, -51.303213610001 -15.835228330004, -51.303975830001 -15.836781940004, -51.30516528000101 -15.839443060004, -51.305230599121 -15.839598067707, -51.30534747206901 -15.839686809935, -51.305896946315 -15.840454180121, -51.306051233699 -15.840508042292, -51.308712971204 -15.8392774099, -51.308940581132 -15.839117811383, -51.311499721444 -15.838489700598, -51.316505027961 -15.832813704894, -51.316549359763 -15.8327184354, -51.317253187816 -15.83288593898, -51.317344453114 -15.832723339863, -51.317396975916 -15.83265289229, -51.31752071408901 -15.832497902833, -51.318089948031 -15.831199784799, -51.318266955596 -15.83072482105, -51.32548554566601 -15.824998904674, -51.326063272029 -15.824510866592, -51.325097690764 -15.823463941107, -51.323980506236 -15.822259807223, -51.32329008965 -15.821526933896))"
GO-5212204-8AE07816A270436D856E6EC821DE0A7B,Jussara,GO,"POLYGON ((-51.31022186376124 -15.89709655826534, -51.30611677595664 -15.9029126850044, -51.30807180349561 -15.90450643774527, -51.31949866827366 -15.90467150836996, -51.31921294758056 -15.90447868370831, -51.31894847725885 -15.9040764341749, -51.3188231329313 -15.9038253872069, -51.31893857206407 -15.90361243357315, -51.3193943259064 -15.90367028772086, -51.31956456670742 -15.90356543888686, -51.31947912952866 -15.90330183947377, -51.31928483368679 -15.90321147884844, -51.31847687503943 -15.90329218133338, -51.31768308840098 -15.90321881199151, -51.31742264446371 -15.90292672959435, -51.31719459970811 -15.90283177892805, -51.31729498921786 -15.90257051837935, -51.31784515098371 -15.90207618669439, -51.31872033659495 -15.9016977060312, -51.31866132152861 -15.90122738618588, -51.31825945167577 -15.90098196267755, -51.31795793070835 -15.9004024121494, -51.31770097863901 -15.90019028695465, -51.3169373394939 -15.90021736315839, -51.31663047758371 -15.90011995992695, -51.31619954130401 -15.89974333589568, -51.31599697877043 -15.89932126567814, -51.31544979299035 -15.89886420598981, -51.31489923807551 -15.89840162609203, -51.3147949223157 -15.89808522912286, -51.31539671364467 -15.89791717706953, -51.31577107856093 -15.89744819409692, -51.31582651486231 -15.89726443968548, -51.31572489992182 -15.89702113972153, -51.31623255872606 -15.89683368660451, -51.31635912108767 -15.89655996659902, -51.31628792803692 -15.89650578329698, -51.31569762290699 -15.89655428003216, -51.31550287350608 -15.89682099346597, -51.31531199995184 -15.89688352405847, -51.31519515225404 -15.89710387297256, -51.31462645195734 -15.89724831703918, -51.31437789668096 -15.89695230785953, -51.31418017714818 -15.89675124794903, -51.31421531047586 -15.8966305348942, -51.31457860906366 -15.89663840498283, -51.31458116785936 -15.89648759864186, -51.31446285353159 -15.89636554482868, -51.31488808696071 -15.8962175494658, -51.31506576106885 -15.89604743986136, -51.31554056078579 -15.89581015144591, -51.31546105573525 -15.89566702263068, -51.31022186376124 -15.89709655826534))"
GO-5212204-8C2ACD4A01B64F69807B969C95EEE9FC,Jussara,GO,"POLYGON ((-51.29190972 -15.898575, -51.28448083 -15.919240830000001, -51.28887278 -15.91932417, -51.29490972 -15.901831390000002, -51.29190972 -15.898575))"
GO-5212204-8D44AFB4390A42E39D43C06628182C81,Jussara,GO,"POLYGON ((-51.31217724854218 -15.912812976285604, -51.312060170116084 -15.912863342392741, -51.31190764651438 -15.913000245634025, -51.31187062121576 -15.912944884659234, -51.303704652582546 -15.91646153765922, -51.304415475847435 -15.920799382198789, -51.31194090009532 -15.91621593286192, -51.314358680958456 -15.914914191355251, -51.314409213176184 -15.914592788094232, -51.31373144156235 -15.913729272542133, -51.313713127980876 -15.913705943243595, -51.312920358915285 -15.91342078573666, -51.3129203590683 -15.913420768135142, -51.31292033738797 -15.91342076033677, -51.31292208192206 -15.91322008606021, -51.312322575103764 -15.913202964207938, -51.31217724854218 -15.912812976285604))"
GO-5212204-8DD46E6D5E704E74AEFF1181E1B9A06F,Jussara,GO,"POLYGON ((-51.31406306829501 -15.880210133541, -51.31406306829501 -15.880210133541, -51.314009010979 -15.880235010145, -51.303562461797 -15.88504237258, -51.30118299890399 -15.879225749114, -51.291720962659 -15.883633980718, -51.292890081334 -15.883972428694, -51.3009208427 -15.886272548031, -51.31022171541801 -15.897096275742, -51.31121098476701 -15.896821725541, -51.315450140387 -15.895669187693, -51.315510464903 -15.895652236315, -51.315518162675 -15.895277603694, -51.315827692528 -15.895090232734, -51.315960582616 -15.894753230045, -51.315796983721 -15.894878615119, -51.315664875171 -15.894866323301, -51.31545838548099 -15.894545817692, -51.315606901585 -15.894380930336, -51.315929031693 -15.894367170443, -51.31559874676199 -15.894039541201, -51.31510649669501 -15.894111822941, -51.31494381259401 -15.89393652287, -51.315073937443 -15.893791027167, -51.315537834755 -15.893460620649, -51.315792877169 -15.893287857171, -51.31576271549299 -15.893235177706, -51.315450304724 -15.893460359649, -51.315345553492 -15.893367007775, -51.315486948548 -15.893176790686, -51.315377928717 -15.89305965076, -51.315442945473 -15.892831928061, -51.315262165579 -15.892793218653, -51.31519173794801 -15.893247709159, -51.315023474101 -15.893298300311, -51.314883381676 -15.893119107005, -51.31495841097199 -15.893370492176, -51.31437063217163 -15.89338158541422, -51.314697841906 -15.892632452972, -51.314356776852 -15.892006775861, -51.31437223347 -15.891878217176, -51.314104700159 -15.891308980281, -51.314422883775 -15.891138992476, -51.314362898387 -15.890708865756, -51.314931619284 -15.890343005408, -51.31542286160499 -15.890193294749, -51.315192892282 -15.890100315216, -51.315351527302 -15.88986680577, -51.315334862168 -15.889656668189, -51.314567344295 -15.888893312773, -51.3145637512207 -15.888490460141355, -51.31491794135799 -15.888106713563, -51.314854125201 -15.887970504538, -51.315040311638 -15.887896626535, -51.315485075881 -15.887861145534, -51.315529728493 -15.887796206559, -51.315896935883 -15.887721078231, -51.31591254760701 -15.887626890737, -51.315682800955 -15.887705009734, -51.315562548168 -15.887564923603, -51.315769409845 -15.887367649663, -51.316032337979 -15.887368639738, -51.315625128344 -15.886919682982, -51.31572521165099 -15.886843037121, -51.315958022646 -15.886873633335, -51.316022604465 -15.886739958183, -51.315729271219 -15.886756668353, -51.315496636557 -15.886785204821, -51.315481047637 -15.886612221622, -51.31577027179901 -15.885649450012, -51.31589932618401 -15.885528066083, -51.31568925325399 -15.885221885479, -51.316051585766 -15.884815216772, -51.316006963178 -15.884527589605, -51.315935853371 -15.884086694148, -51.315777077841 -15.883969084492, -51.315904556385 -15.884269527535, -51.315750356227 -15.884342681526, -51.315590135616 -15.884166953168, -51.315360501192 -15.884206731317, -51.315133654339 -15.883702599, -51.31545038466599 -15.88314130754, -51.315413222165 -15.88300672316, -51.31517835863399 -15.883112928491, -51.314759878224 -15.882827951797, -51.31466598249901 -15.883044397897, -51.314782132171 -15.883251226793, -51.314905395413 -15.883491205424, -51.314868214148 -15.883674951291, -51.314533913982 -15.883666632312, -51.31448997422801 -15.883353970919, -51.31435517188099 -15.882822709241, -51.31436953291 -15.882602482455, -51.314316984585 -15.882677322874, -51.31427260886 -15.883010661469, -51.31414456954 -15.883069420162, -51.313910180574 -15.882656415525, -51.313834359547 -15.882433074107, -51.313986550654 -15.88209467018, -51.31420297679199 -15.88200792977, -51.31419932948199 -15.881691873826, -51.314665258726 -15.881633961876, -51.314716046219 -15.881766826999, -51.314619864836 -15.881930706525, -51.315018174895 -15.881986620298, -51.314891659113 -15.881516477977, -51.31467984957399 -15.881604089269, -51.314579132329 -15.881523712953, -51.314691900424 -15.88128597641, -51.314395030957 -15.881215974324, -51.31416953651599 -15.880845329278, -51.314130233208 -15.880359275223, -51.31406306829501 -15.880210133541))"
GO-5212204-8F9A53F42FEE4187BBBC3E66F68CEEBE,Jussara,GO,"POLYGON ((-51.27931749999998 -15.919209169995783, -51.28445388999999 -15.919303609995778, -51.28887277999999 -15.919324169995775, -51.294909719999985 -15.901831389995815, -51.291909719999985 -15.898574999995812, -51.291639169999996 -15.898278329995819, -51.295089719999986 -15.89542582999582, -51.29565666999999 -15.894966669995824, -51.295663889999986 -15.894956939995822, -51.29562388999999 -15.894848889995822, -51.295434439999994 -15.894785279995832, -51.295229439999986 -15.89433666999583, -51.29477971999999 -15.893966669995821, -51.29416693999998 -15.893594999995832, -51.29411138999998 -15.893451109995818, -51.294186389999986 -15.893146939995825, -51.293792219999986 -15.89330110999582, -51.293713329999996 -15.893174439995827, -51.293644439999994 -15.893057499995829, -51.29322693999998 -15.892983059995819, -51.293078329999986 -15.892709169995824, -51.29264888999999 -15.89244943999583, -51.292504999999984 -15.89255693999582, -51.29212721999999 -15.892401109995827, -51.291808889999984 -15.892673889995823, -51.29161721999999 -15.892653329995829, -51.29151193999999 -15.892529169995823, -51.29105193999999 -15.892513609995822, -51.290326939999986 -15.892419719995825, -51.28944166999999 -15.892650559995827, -51.288871669999985 -15.892902219995825, -51.288305829999985 -15.892833059995828, -51.28803332999998 -15.892693609995826, -51.287644719999996 -15.89251832999582, -51.28728082999999 -15.892458889995822, -51.286963059999984 -15.892716669995824, -51.286316669999984 -15.892463059995832, -51.285887779999996 -15.892482779995825, -51.285601109999995 -15.892352499995827, -51.28512193999999 -15.892440559995821, -51.285004999999984 -15.892334169995825, -51.28485805999999 -15.892353059995834, -51.28180832999999 -15.900066109995814, -51.27713610999999 -15.899831109995812, -51.276790829999996 -15.901434439995812, -51.27146721999999 -15.900517219995805, -51.271306669999994 -15.901051669995802, -51.27107860999999 -15.901641939995809, -51.270852219999995 -15.902133329995804, -51.27046193999998 -15.902634439995799, -51.26994360999999 -15.903144719995806, -51.26941166999998 -15.903543609995811, -51.26831082999999 -15.904245279995807, -51.26812138999999 -15.904448059995804, -51.267952779999995 -15.904902499995805, -51.26682055999999 -15.910656109995795, -51.274816109999996 -15.910603609995798, -51.27417582999998 -15.91357749999579, -51.272986669999995 -15.91909221999579, -51.27365943999999 -15.919104439995781, -51.276809169999986 -15.919162779995782, -51.27931749999998 -15.919209169995783))"
GO-5212204-8FCA16FDCA014D4CBDA3F9FCB4E9CC9B,Jussara,GO,"POLYGON ((-51.29595630123317 -15.86120547636956, -51.29610001111212 -15.86186786171443, -51.29613404448372 -15.86219306252653, -51.2963377050042 -15.8623598509849, -51.29637462827585 -15.86251469907981, -51.29625502139157 -15.86284867133387, -51.29644758850795 -15.86275464054741, -51.29637633997998 -15.86229899222505, -51.29657958837584 -15.86231142481948, -51.29694921306531 -15.86259317842302, -51.29719706963575 -15.86296247419996, -51.29718102795469 -15.86343746193631, -51.29709204021257 -15.86350451028374, -51.29774424105281 -15.86351707573493, -51.29788902387294 -15.86361371762091, -51.29801963117855 -15.86347690098559, -51.29815906864303 -15.8634126757424, -51.29836308060888 -15.86335285454156, -51.29854185295536 -15.86344998254229, -51.29846349655965 -15.86375319779692, -51.29837478436954 -15.86376607608107, -51.29857876439605 -15.86386840371165, -51.29875120412751 -15.86386366375438, -51.29939267422586 -15.86358501091512, -51.29960493283674 -15.86341103279559, -51.2997423982154 -15.86347905254224, -51.29986926616204 -15.86371373798319, -51.29997303638899 -15.86392955181892, -51.30000687878531 -15.86403271941112, -51.29988767108585 -15.86426676923214, -51.2996413776288 -15.86426456077815, -51.29939917216092 -15.86412741812027, -51.29932439054285 -15.86432061583648, -51.29953386707581 -15.86475423921176, -51.29981021474071 -15.86457111373044, -51.30012337344219 -15.86446511494676, -51.30042102132301 -15.86431732529413, -51.30047369585288 -15.86445974729914, -51.30048520739727 -15.86489156502173, -51.30060420848641 -15.8647830504342, -51.30078880048908 -15.86441925173663, -51.30106771559888 -15.86406024879133, -51.30114968144149 -15.86396374586976, -51.30133547832062 -15.86400983763532, -51.30145445937777 -15.86427192554501, -51.30135263163936 -15.8646544498616, -51.3011273145176 -15.86481503185031, -51.30141613216987 -15.86482830816972, -51.30161187775361 -15.86488734979176, -51.30172495064314 -15.86501348690359, -51.30182174787292 -15.8652240118171, -51.30182946927805 -15.86537898093256, -51.30202653325317 -15.86535071701831, -51.30217558335414 -15.86536282211532, -51.30222268702889 -15.86547640346042, -51.30232664522694 -15.8655528306682, -51.30236327206526 -15.86544893225515, -51.30270840048604 -15.8654732388671, -51.30270282745612 -15.86558796050623, -51.30274774895359 -15.86555340851278, -51.30271951179175 -15.86546461685651, -51.30257679066277 -15.86536870766722, -51.30229101209575 -15.8653646137313, -51.30212446609303 -15.86502524289351, -51.30242827346937 -15.86477430882211, -51.3025822028818 -15.86487686524823, -51.30274342607145 -15.8651038888675, -51.30292763827066 -15.8652199633222, -51.30326827458906 -15.86501368142348, -51.30340120471735 -15.86508289848722, -51.3034318974018 -15.86525207399629, -51.3033766282781 -15.86546848860342, -51.30338368355642 -15.86575806132989, -51.30353316703197 -15.86616565594832, -51.30365691678339 -15.86616638647524, -51.30358091047406 -15.86590724105414, -51.30349818553746 -15.86583322561291, -51.30395147476393 -15.86588272792243, -51.30426313347506 -15.8656237433611, -51.30450895369562 -15.86567050740339, -51.30469892320782 -15.86578807293272, -51.30476482592874 -15.86592986949717, -51.3045131193655 -15.86603756048243, -51.30424552109616 -15.8660618214366, -51.30419238635433 -15.86615020286742, -51.30428542298273 -15.86621156504372, -51.3044216993252 -15.86625051848381, -51.30466155252006 -15.86626036063256, -51.30488005010885 -15.86622413551272, -51.30527508009476 -15.86603421839803, -51.30554277542787 -15.86603731233063, -51.30570382453777 -15.86587952867063, -51.30592001468062 -15.86564524837173, -51.30607774666047 -15.86555505526176, -51.30579598671906 -15.86537299971558, -51.30611445706907 -15.86528499330963, -51.30628597782253 -15.86532053272166, -51.30618191658691 -15.86513340770501, -51.30625015739907 -15.86501597680857, -51.30629926363517 -15.86509434988047, -51.30638934302766 -15.86533734630386, -51.30627196485374 -15.86544866425375, -51.30609792640172 -15.86537261829484, -51.30596358150237 -15.86540647467189, -51.30620946314015 -15.86548148799027, -51.30621640114005 -15.86558550622519, -51.30596302114393 -15.86572852214514, -51.30576347568116 -15.86595071002886, -51.30561111405779 -15.8661154154683, -51.3053248323789 -15.86616249501028, -51.30425617132898 -15.87213992000062, -51.29804075401676 -15.87357989111491, -51.29793449708322 -15.87768014438267, -51.312551232127 -15.87547221019079, -51.31249958092031 -15.87518197842425, -51.31259137015256 -15.8750418823633, -51.31277491595843 -15.87503742242307, -51.31304496555256 -15.87519039332951, -51.31289969607242 -15.87539360562592, -51.31291683556981 -15.87553240524276, -51.31305768871432 -15.87559038554939, -51.31342173924785 -15.87553509185587, -51.31358689211429 -15.87533636156775, -51.31360946773406 -15.87505815572141, -51.31347568701053 -15.87505541141399, -51.31346272043307 -15.87476429311754, -51.31331404024973 -15.87479087926821, -51.31316531535635 -15.87467970774411, -51.3131691474664 -15.87454827284043, -51.3129938625677 -15.87459120615103, -51.3128829381266 -15.87446709718138, -51.3125860826689 -15.8745265147698, -51.31246905165353 -15.87438545460771, -51.31249299779585 -15.87419555350259, -51.31258725437698 -15.87405060821967, -51.31253356077704 -15.87386022256116, -51.31241603702451 -15.87391435440354, -51.31232595243727 -15.87382682867704, -51.3122451916939 -15.87366774371004, -51.31193269669381 -15.87356038751187, -51.31177622881834 -15.8729806439434, -51.31220627570394 -15.87298629808248, -51.31236470369935 -15.87281861410116, -51.3126236539716 -15.87294163269957, -51.31273572359372 -15.87290049064981, -51.31270062125005 -15.87273050041826, -51.31259809229061 -15.87263482928267, -51.31268624178628 -15.87234001191475, -51.31298802442077 -15.87212841903001, -51.31285515499225 -15.87203097475712, -51.31287491954259 -15.87186152901719, -51.31260141134487 -15.87159480736159, -51.31268395159865 -15.87146059182263, -51.31299706061377 -15.87147140363837, -51.31319583099634 -15.87160788839981, -51.31334998748108 -15.87147580195873, -51.31320137126177 -15.87116732340311, -51.31338857043428 -15.87111156245885, -51.31358698367161 -15.87111380642301, -51.31362927854954 -15.87099992645748, -51.31357161588641 -15.87086437680941, -51.3135370631041 -15.87068152139565, -51.31363520334219 -15.87062288759899, -51.31617552846328 -15.86907032710256, -51.31645287867527 -15.86950713230274, -51.3223661131686 -15.8664305221831, -51.32767960234748 -15.86368122588838, -51.32233015413207 -15.85730029067682, -51.31966650882894 -15.85597296466389, -51.31941978831799 -15.85574627860383, -51.31449271511828 -15.85841790515255, -51.30720616644628 -15.850834542138, -51.30269377223346 -15.85498423722735, -51.29595630123317 -15.86120547636956))"
GO-5212204-950D2FF509934A06BF6812F6700B4B9D,Jussara,GO,"POLYGON ((-51.363440032365 -15.78617725846837, -51.34083030941966 -15.80624142458727, -51.34155142052698 -15.80714781347636, -51.33938446081533 -15.80924785681056, -51.33938382414872 -15.80925807347716, -51.33443941945047 -15.81416674459019, -51.33462880361621 -15.81423172486799, -51.33469802083809 -15.81407594181233, -51.33488436750384 -15.81411082181234, -51.33504510305854 -15.81418687514565, -51.33512014583598 -15.81410991570122, -51.33562303722232 -15.81414050931227, -51.3358662697211 -15.81407341486773, -51.33604432583136 -15.81389404847877, -51.33618309305284 -15.81395512764547, -51.33628939777448 -15.81414933236782, -51.33655061555097 -15.81411647264547, -51.33674953221667 -15.81407295097874, -51.33698890943763 -15.81427192125658, -51.33680968277189 -15.81453355820117, -51.33728038888063 -15.81458164597894, -51.33739322165779 -15.81431911736765, -51.33778242915579 -15.81437971597872, -51.33794047109948 -15.81457618986768, -51.34061788330857 -15.81233052236679, -51.34235714191119 -15.8107843148662, -51.34308663246323 -15.81019445069936, -51.34321024190701 -15.81012672347713, -51.3438066982929 -15.80999170236584, -51.35374086490978 -15.808593369309, -51.356267253786 -15.80825503597526, -51.35698919822677 -15.80827698041969, -51.36205947625689 -15.80760753625229, -51.36380697624809 -15.80685309180751, -51.3650453095753 -15.80645975847387, -51.36432892069033 -15.8048714251402, -51.36954503205376 -15.80021364763836, -51.37036808760494 -15.80103059208291, -51.37204975426375 -15.79792559208197, -51.37046169899438 -15.79573975874823, -51.363440032365 -15.78617725846837))"
GO-5212204-9590B08FA4974D2786D41A9EB95C0A8E,Jussara,GO,"POLYGON ((-51.33581006627104 -15.8073949264522, -51.3355609928861 -15.80769624559442, -51.32826687313116 -15.81686982517285, -51.32743488154264 -15.81798037081813, -51.3266968412284 -15.81895110467341, -51.32633719983051 -15.81942765372371, -51.32563814561567 -15.82035374419307, -51.32493611673527 -15.82128078402058, -51.32411696375222 -15.8223614276635, -51.32512774859634 -15.8234666630522, -51.32568751557689 -15.8227624791139, -51.32614776047775 -15.82217547308389, -51.32655160920225 -15.82166942548987, -51.32725244972173 -15.82078550748329, -51.32798685036277 -15.81985119865825, -51.32820125470661 -15.81957926152248, -51.32845071116336 -15.81926493233202, -51.32877227192772 -15.81885876174468, -51.3291470887182 -15.81838418255621, -51.3293680318136 -15.81810593973865, -51.32989573860532 -15.81743810082247, -51.33028608693826 -15.81694173816358, -51.33083938249493 -15.81624170988382, -51.33129652430627 -15.81566618313462, -51.33177871754375 -15.81506128945082, -51.33222066032087 -15.81450326702045, -51.33282201199923 -15.81374784715718, -51.33306564214578 -15.81344094997189, -51.33324901381243 -15.81321092747619, -51.33345461414295 -15.81295508781835, -51.3336552158779 -15.81270117695111, -51.33390579855458 -15.81238704608491, -51.3341100445059 -15.81213061701093, -51.33423904652716 -15.81197165362368, -51.33435439179056 -15.81182538455389, -51.33440930961557 -15.81175694896367, -51.33448739538836 -15.81165856161684, -51.33471015705353 -15.81137968212102, -51.33487132519438 -15.81117816337528, -51.3350803185382 -15.81091651829192, -51.33520236861915 -15.81076285555556, -51.33556147179547 -15.81031146328907, -51.33600400658877 -15.8097571047003, -51.33623346691734 -15.80946986510229, -51.33630133983091 -15.8093855297746, -51.33641272470497 -15.80924712537181, -51.33664490164134 -15.80895689120076, -51.3368651921732 -15.80868077087321, -51.33725685177669 -15.80818973935574, -51.33714277432966 -15.80811563636572, -51.3370616140833 -15.80806265610293, -51.33699575772763 -15.80802083345346, -51.33690525357582 -15.80796557478918, -51.33655886379139 -15.8077695703692, -51.33581006627104 -15.8073949264522))"
GO-5212204-973E3F7C82CF4FBC87FD49A783C04134,Jussara,GO,"POLYGON ((-51.34963382583334 -15.809393875833333, -51.34391635888889 -15.810129401944444, -51.343229943055555 -15.810291226666667, -51.337961577222224 -15.814801804722222, -51.326192031666665 -15.824566208333334, -51.32620367916667 -15.824608680833334, -51.32657695 -15.825027595555555, -51.32767401694444 -15.826245857777778, -51.32867361777778 -15.827356951666667, -51.329432330277776 -15.828200538611112, -51.33130424416667 -15.830275992222223, -51.33172735027778 -15.830490327222222, -51.33307106416667 -15.830711114722222, -51.33568663583333 -15.831121948333333, -51.34298588972222 -15.819841377777777, -51.34479090916667 -15.817013838055555, -51.34516786138889 -15.816451376666667, -51.34586281333333 -15.8153671375, -51.35058925166667 -15.810589649722223, -51.349831987777776 -15.8094591, -51.34963382583334 -15.809393875833333))"
GO-5212204-980A3D0E49E84210B886D033F92512C9,Jussara,GO,"POLYGON ((-51.337480545043945 -15.808296235051492, -51.325271129608154 -15.82351184738695, -51.326258182525635 -15.824585361602027, -51.33808135986328 -15.81471707401228, -51.33780241012573 -15.814428037410332, -51.337459087371826 -15.81453126481559, -51.337265968322754 -15.81475836492171, -51.337029933929436 -15.81471707401228, -51.33685827255249 -15.814221582441792, -51.33634328842163 -15.814242227948128, -51.33621454238891 -15.814242227948128, -51.336042881011956 -15.814242227948128, -51.335763931274414 -15.81430416445449, -51.33533477783203 -15.814283518954477, -51.33466958999634 -15.814283518954477, -51.33949756622314 -15.809431768026704, -51.337480545043945 -15.808296235051492))"
GO-5212204-9984B6C557E04873B22A6C2C429981AB,Jussara,GO,"POLYGON ((-51.32089376449585 -15.928400218188772, -51.32836103439331 -15.930628657656285, -51.3291335105896 -15.928771626484544, -51.329262256622314 -15.92773993507751, -51.32939100265503 -15.926852676227243, -51.32864622991963 -15.92568703633684, -51.32776604719588 -15.92582048790712, -51.326494216918945 -15.926666970390286, -51.3256573677063 -15.926935212099647, -51.32503509521484 -15.92677014032091, -51.32414119313293 -15.92690732203167, -51.32368165321371 -15.92662163291816, -51.32304221534433 -15.92616077226057, -51.32281350712109 -15.92586619078422, -51.32221460800059 -15.92575980701738, -51.32158104454936 -15.92547100240644, -51.32120174132544 -15.92538248164124, -51.32096516385093 -15.9253208968656, -51.32104198721992 -15.92501331932406, -51.321473121643066 -15.924871805111401, -51.32145166397095 -15.924438486949963, -51.32200167448156 -15.92400587460896, -51.32160186767578 -15.923695653640722, -51.32125854492187 -15.923819459383074, -51.32091478455529 -15.92375655039897, -51.32033778890423 -15.92349337818735, -51.31982088088989 -15.923241698599083, -51.317503452301025 -15.924273413118701, -51.313490867614746 -15.925924145324853, -51.313297748565674 -15.926006681578947, -51.313233375549316 -15.926089217799113, -51.31346940994263 -15.92619238802661, -51.32089376449585 -15.928400218188772))"
GO-5212204-9F5C455B3F9F44B7BF9B40D03449CED9,Jussara,GO,"POLYGON ((-51.38673020726432 -15.566949672306446, -51.38505237529605 -15.564851558368646, -51.36813903446181 -15.577264951999432, -51.371162898445895 -15.582724583315954, -51.38892196074409 -15.569690356466273, -51.38707823003181 -15.567384864569874, -51.38673020726432 -15.566949672306446))"
GO-5212204-A06B364DA3AC4E1393188DD955072A7A,Jussara,GO,"POLYGON ((-51.33905282351432 -15.7896776914422, -51.33766653790439 -15.78762006693921, -51.33703412420157 -15.79089543254305, -51.33651229207165 -15.79403517075753, -51.3378523821796 -15.79389157823061, -51.3396507190916 -15.79140749716942, -51.34210746091244 -15.78946714722916, -51.34167710470319 -15.78917482637881, -51.34086819754668 -15.78934956426041, -51.33905282351432 -15.7896776914422))"
GO-5212204-A4424F07EA5349C688955C67B8E5D443,Jussara,GO,"POLYGON ((-51.33354140185607 -15.779155146402589, -51.332189105145474 -15.783751524848551, -51.336399469057845 -15.791167350365283, -51.3326618497212 -15.795559131174093, -51.33525052346992 -15.798971069914355, -51.335793304327865 -15.798339570410679, -51.33605439070038 -15.796682378235086, -51.3349533926383 -15.795644895913208, -51.3366832890354 -15.791218993137434, -51.33611124082101 -15.788050855305974, -51.33593077603806 -15.787032337987977, -51.335201720200956 -15.786912691364112, -51.33663710501331 -15.780741500346647, -51.33661950153427 -15.7796862796723, -51.33354140185607 -15.779155146402589))"
GO-5212204-A614927086AE489E901B1E2C9D35A6CB,Jussara,GO,"POLYGON ((-51.37377349911502 -15.587412616315916, -51.37538070507326 -15.590283430136784, -51.37786363798603 -15.589734754723205, -51.37786368746697 -15.589734796387921, -51.38164229365825 -15.595342933117935, -51.38859819946457 -15.593438556233904, -51.38966147972666 -15.592703121769338, -51.398550727475325 -15.581264507846086, -51.39399667445391 -15.575927229205893, -51.3939967477025 -15.575927166509006, -51.3916803298626 -15.573128538587074, -51.38892199421386 -15.569690320237711, -51.38892195805561 -15.569690352854527, -51.38505237516731 -15.564851557937894, -51.368139034348715 -15.577264952030328, -51.371162903259055 -15.58272459427306, -51.37377349911502 -15.587412616315916))"
GO-5212204-ACA083B749944315972FE0795ACD12C3,Jussara,GO,"POLYGON ((-51.44380699830886 -15.72566381685397, -51.4432762004388 -15.72971425636613, -51.44719238209678 -15.73009217047052, -51.4482143690104 -15.72554672218017, -51.4468489257768 -15.72545880427465, -51.44747257232666 -15.722947892840807, -51.44766569137573 -15.71937458166122, -51.44794072686351 -15.71577832361042, -51.44666032563053 -15.71450526290567, -51.44513365983454 -15.71568454525304, -51.44458513229273 -15.71849887421695, -51.44388342156938 -15.72181962920773, -51.44358738368322 -15.72203081384071, -51.44362864245005 -15.72256444907506, -51.44380699830886 -15.72566381685397))"
GO-5212204-ADCB9B746C3B4DDF994A56429CECA7DB,Jussara,GO,"POLYGON ((-51.32070064544678 -15.818722252979786, -51.3241982460022 -15.822397038129923, -51.335978507995605 -15.8075529736538, -51.331987380981445 -15.805447051536648, -51.32070064544678 -15.818722252979786))"
GO-5212204-AE6A2EC35795457CBEB9C3256A5B2FB3,Jussara,GO,"POLYGON ((-51.41947341419893 -15.6791699168578, -51.41940589512822 -15.6793275740796, -51.42049564056588 -15.67978059927469, -51.42060204158064 -15.67985862434633, -51.42016181976555 -15.68021632578645, -51.41975871147183 -15.68076627366836, -51.41912039034674 -15.68139453096735, -51.41872018941978 -15.68203949883165, -51.4185770725749 -15.6827219894999, -51.41811648262081 -15.68318388331569, -51.41775245059804 -15.68355174567244, -51.41767289173427 -15.68400416919015, -51.41754834808945 -15.68406131162787, -51.4170625088681 -15.68368511556471, -51.41639503348791 -15.68341572405316, -51.41579874228356 -15.68340396787494, -51.41518890107195 -15.68326636931757, -51.414603659243 -15.68340522456229, -51.41428529474052 -15.68334198091079, -51.41399963676062 -15.68335914727081, -51.41363516623399 -15.68331378916466, -51.4134295387286 -15.68331271507939, -51.41296872135668 -15.68307306985418, -51.41261918561078 -15.68279797927018, -51.41254569368326 -15.68311848443119, -51.41235319035303 -15.68339672204296, -51.41205814240329 -15.68338875280782, -51.41205581879591 -15.68350379719556, -51.41151962020781 -15.68332882006098, -51.41125686953427 -15.68348442014788, -51.41116112906243 -15.68362966281738, -51.41101725941783 -15.6835843934115, -51.41086323458226 -15.68355897661144, -51.41080489884385 -15.68364541021951, -51.41056623056019 -15.68361725921729, -51.4104871218774 -15.68390157892584, -51.41038780069259 -15.68401857478002, -51.41009083981761 -15.68409816182678, -51.4098934236834 -15.6842587667881, -51.40979396509517 -15.68437529623131, -51.40965977000887 -15.68439447557813, -51.40928944150669 -15.68477913670069, -51.41545894764804 -15.68614647713195, -51.43424220436082 -15.6903120239205, -51.43594501266553 -15.68783895248188, -51.43900121426925 -15.68338402139875, -51.45531840378884 -15.68664632628439, -51.46161256505366 -15.67493862293947, -51.46150115685259 -15.67491855030613, -51.43067939427504 -15.66877910306658, -51.43071800821606 -15.66898814386873, -51.43052977891102 -15.66904044576657, -51.43044399356842 -15.6689512725305, -51.43036421204263 -15.66920138943395, -51.43050585778113 -15.66925426969744, -51.43047607800498 -15.6693952048099, -51.43033919268865 -15.66954191974652, -51.43035909847612 -15.66969928888262, -51.43016236737741 -15.6698744656639, -51.43005885169912 -15.6701950173737, -51.43005187595311 -15.67049800316699, -51.42955197383423 -15.67062268930484, -51.42961319315092 -15.67073533520696, -51.42953390339636 -15.67106407232629, -51.42936505397292 -15.67106444870286, -51.42919238358129 -15.67131252432833, -51.42924908921522 -15.67142709930466, -51.42943475334534 -15.67142297101206, -51.42944685935107 -15.67148231288119, -51.42903567118626 -15.671790228731, -51.42881361607294 -15.67199330635247, -51.42879602148808 -15.67216974215903, -51.4288584214793 -15.6723262575495, -51.42895086992428 -15.67247593898596, -51.42872213110151 -15.67244419730982, -51.42840300221658 -15.67234137595463, -51.42806646972538 -15.67266460943712, -51.42793383553359 -15.67298375082465, -51.42770387629071 -15.67338995588845, -51.42737436034125 -15.67353092117204, -51.42723425655487 -15.6734538722805, -51.4271233182283 -15.67350935569413, -51.4269583391855 -15.67376219971716, -51.42682331227065 -15.67395058296655, -51.42695118938648 -15.67404595269326, -51.42695333696534 -15.67415591851962, -51.426538549952 -15.67424589720499, -51.42649142894087 -15.67453832276497, -51.42659004355428 -15.67465797057692, -51.42653462001339 -15.67477434866932, -51.42626273603874 -15.67476047172378, -51.42612956498944 -15.67493653079967, -51.42592218999598 -15.67487811481032, -51.42603622810089 -15.67518408445779, -51.42572937183668 -15.67521189765735, -51.4257474691731 -15.67540721860392, -51.42553714049562 -15.6755200823673, -51.42536198817968 -15.67546879935092, -51.42539008297894 -15.67573454049151, -51.42522079240155 -15.67577497222953, -51.42506711367084 -15.67587749016697, -51.42480431144116 -15.67582486799477, -51.42464569683837 -15.6758855132166, -51.42426223885375 -15.67543277281346, -51.42377723554021 -15.67520007405001, -51.42367295749317 -15.67525945429179, -51.42361565091477 -15.67556496055243, -51.42317626092286 -15.67550950346725, -51.42290341626403 -15.67569436671809, -51.42265383681616 -15.6756984667319, -51.42256358360541 -15.67592762389568, -51.42230088773749 -15.67609166105693, -51.42225660991512 -15.67634311862434, -51.42208259645443 -15.67646553975734, -51.42191578638038 -15.6764920299624, -51.42152841223215 -15.67674740268676, -51.42174246761245 -15.67688977168433, -51.42167763616326 -15.67705010850837, -51.42148610176048 -15.67701195658135, -51.42126824071497 -15.6768194197734, -51.42113796098413 -15.67685548510794, -51.42090509132107 -15.67709651717492, -51.42113476647901 -15.67725224098837, -51.42105622691958 -15.67736056343945, -51.42074441296169 -15.67735819918322, -51.4205041409495 -15.6772433367278, -51.42019172032116 -15.67767704249425, -51.42015185298399 -15.6776829593435, -51.42048511013259 -15.67794826108903, -51.42031397737052 -15.67808410214148, -51.42016758318828 -15.67788450371298, -51.41998645165184 -15.67791544958375, -51.41999814183241 -15.67797143206042, -51.41960702680091 -15.67814995446914, -51.41949036801807 -15.67814434101174, -51.4194726040826 -15.67823310084828, -51.41967069353907 -15.67841589282664, -51.41969894317708 -15.67852410318897, -51.41957882850352 -15.67859501900354, -51.41971586016324 -15.67872191409759, -51.41977420311921 -15.67883417630013, -51.41961550227299 -15.67893424800824, -51.41958675021116 -15.67908546090551, -51.41947341419893 -15.6791699168578))"
GO-5212204-B09F3674DFFF46D7AB8D2101F77AFC10,Jussara,GO,"POLYGON ((-51.46822626229207 -15.711865573187218, -51.468312999005946 -15.711722206208929, -51.47328925434469 -15.703496575797738, -51.47315962761876 -15.703462431588754, -51.46673411596414 -15.701850267409794, -51.4632531738124 -15.700943035765249, -51.45810681044767 -15.702328653372975, -51.4584522100895 -15.704729224836642, -51.45835727321855 -15.704739630621818, -51.45936723707606 -15.712052300762299, -51.46324214366958 -15.711170507083509, -51.46465790684106 -15.709267226367022, -51.46583261119975 -15.708278136907444, -51.46822626229207 -15.711865573187218))"
GO-5212204-B0DB916FE59C4F02AA797C8BBABA23EA,Jussara,GO,"POLYGON ((-51.25055360999998 -15.954371940000001, -51.25004416999998 -15.95465944, -51.24942888999999 -15.955442780000011, -51.248974719999985 -15.955819439999999, -51.24989471999999 -15.956535280000002, -51.251020279999985 -15.957668889999999, -51.251845829999986 -15.957714169999996, -51.252310559999984 -15.958216109999995, -51.252852499999996 -15.958561669999991, -51.253050559999984 -15.958688890000005, -51.25340638999999 -15.958630279999992, -51.25628582999999 -15.958074719999995, -51.25649999999999 -15.957672499999994, -51.256446669999995 -15.957225000000001, -51.25703666999999 -15.957345000000004, -51.259167219999995 -15.954079439999989, -51.25778805999999 -15.953418609999995, -51.25366471999999 -15.956043329999998, -51.25357332999999 -15.956101669999999, -51.25210749999999 -15.955443329999992, -51.25106332999999 -15.954280279999995, -51.25055360999998 -15.954371940000001))"
GO-5212204-B348A1C10B4943428EC43952E5FE1A9B,Jussara,GO,"POLYGON ((-51.33812427520752 -15.810794399185623, -51.33436918258667 -15.814428037410332, -51.335978507995605 -15.814262873452353, -51.33685827255249 -15.814200936933345, -51.33711576461792 -15.81430416445449, -51.33741617202759 -15.814386746433474, -51.33812427520752 -15.814779010373252, -51.34078502655029 -15.812569935108192, -51.34338140487671 -15.810236960275194, -51.343982219696045 -15.810030501029752, -51.341750621795654 -15.807119403244517, -51.33812427520752 -15.810794399185623))"
GO-5212204-BC0DD19983DE40DDA0F0E5BF93136C61,Jussara,GO,"POLYGON ((-51.405016384964654 -15.760034914872948, -51.42390140920576 -15.742920387428274, -51.42398591055765 -15.741266098433893, -51.42014589570283 -15.737069644852063, -51.419935177476574 -15.736274493406954, -51.41989539094445 -15.736126849478609, -51.416528621797106 -15.73560814626094, -51.41558343586126 -15.736889712076206, -51.41420042670874 -15.736817126454898, -51.406200007785344 -15.732830965063762, -51.400299328712386 -15.72987940780303, -51.39199392361393 -15.729242759956701, -51.390753892452764 -15.730402885771557, -51.386578135028365 -15.73429449201921, -51.385427777277464 -15.735366530752948, -51.38536980615367 -15.73541292031824, -51.38127740629017 -15.740109669211398, -51.386031852065095 -15.743659445581523, -51.385976434009976 -15.743971620020787, -51.389402072213365 -15.746102509140346, -51.39392770130038 -15.75172503437099, -51.39732941142194 -15.755891741051975, -51.40098503129282 -15.758079878225317, -51.402413487209024 -15.758641547429955, -51.40299234455167 -15.759057873620195, -51.40432069681505 -15.75978705333828, -51.405016384964654 -15.760034914872948))"
GO-5212204-BC6E2EE9073D4CE6BCB517FA6E9EBF87,Jussara,GO,"POLYGON ((-51.32537841796874 -15.831005683368863, -51.32870435714722 -15.82745491968907, -51.327738761901855 -15.826360776446784, -51.32436990737914 -15.829767051961818, -51.3214087486267 -15.832677823724321, -51.32085084915161 -15.83329713145518, -51.32046461105347 -15.834122872143215, -51.32063627243042 -15.834122872143215, -51.320732831954956 -15.834122872143215, -51.32082939147949 -15.834122872143215, -51.320979595184326 -15.83418480255875, -51.32112979888916 -15.834205446026377, -51.32132291793823 -15.834246732955318, -51.3214087486267 -15.834267376416609, -51.321516036987305 -15.834267376416609, -51.321773529052734 -15.834329306787858, -51.322031021118164 -15.834329306787858, -51.32215976715088 -15.834391237140112, -51.322288513183594 -15.834411880586645, -51.32537841796874 -15.831005683368863))"
GO-5212204-BCCDDA00F01E4C72BA80402253DCB38A,Jussara,GO,"POLYGON ((-51.42390140920576 -15.742920387428274, -51.405016384964654 -15.760034914872948, -51.40498362373276 -15.760178989653042, -51.40508058006112 -15.760254387265682, -51.40467709130308 -15.760339574761163, -51.40453249802824 -15.760297624587482, -51.40451653202567 -15.760626273458726, -51.40458550218618 -15.760664476735938, -51.40440457269003 -15.760847338778877, -51.40479401261766 -15.761068196028951, -51.40453530340793 -15.761195694547549, -51.40428710921117 -15.76140055922695, -51.40445156234698 -15.76161839919868, -51.404036007320144 -15.76169312108081, -51.40385675120123 -15.761920368030736, -51.403797447349234 -15.762096946947686, -51.40367950709573 -15.762079446354967, -51.4035277510441 -15.762239923783886, -51.403715035356214 -15.762295627302663, -51.40342446615733 -15.762505451394807, -51.40328039331933 -15.7624913439498, -51.40329257999116 -15.762753403104853, -51.40314413477424 -15.762936294379651, -51.40307586172649 -15.762825856433743, -51.40273302781583 -15.762901254921948, -51.402622920833394 -15.76311643965149, -51.4024271595633 -15.7630228715174, -51.402263805494044 -15.76331517882118, -51.40212170425923 -15.763544073430333, -51.40196717890635 -15.763437048927571, -51.401906235816526 -15.763777894780135, -51.4018890558947 -15.76444067954362, -51.40207255719228 -15.764423344835997, -51.402021465416794 -15.764599456094643, -51.40169801384301 -15.764611082284443, -51.40168669714621 -15.76479037464624, -51.40131367288734 -15.76470653448591, -51.4010604310605 -15.765339739897993, -51.40093649491406 -15.765454962240014, -51.40074890489878 -15.765387323604088, -51.400547855726614 -15.76564462219615, -51.40037883743149 -15.765716804353747, -51.400481017856855 -15.765980144642546, -51.40016172919792 -15.766259357319463, -51.400320333951235 -15.766637045657347, -51.40014664683382 -15.766852074830023, -51.40003618088809 -15.766743521581276, -51.3998465705828 -15.76717021595317, -51.40001205993083 -15.767535687275387, -51.40062821603809 -15.767585994392169, -51.400429071997735 -15.767768615526284, -51.40044240015399 -15.767995505467399, -51.40017087801602 -15.76825998484185, -51.400133935237534 -15.768416361537811, -51.39982374531416 -15.768624408949057, -51.39998219553313 -15.768922542048744, -51.399877899485126 -15.76896178823146, -51.399920826434965 -15.769286621932213, -51.39976171557989 -15.769509398784082, -51.399955684000595 -15.769876535415925, -51.399795961828666 -15.76988270506133, -51.399800816693165 -15.770407221036228, -51.39967999123054 -15.77053961376626, -51.399701960186654 -15.770840980862399, -51.40051498482911 -15.770731815229047, -51.40304053731623 -15.770374849192228, -51.42725494475929 -15.76713642062212, -51.42702424960118 -15.766371242432198, -51.4291863677981 -15.764376207199913, -51.429126601285375 -15.761834257071147, -51.42656605390624 -15.759171104160396, -51.42581460537856 -15.75376804175842, -51.42638693615484 -15.75193551764507, -51.42570085307852 -15.74903660623664, -51.423686756245324 -15.747129478358667, -51.42390140920576 -15.742920387428274))"
GO-5212204-BE591775498E412EB7E493B69772012F,Jussara,GO,"POLYGON ((-51.33790110830502 -15.91192444156175, -51.33746082830722 -15.91203333156182, -51.33354888832678 -15.91408139156276, -51.33500999831762 -15.92418889156548, -51.33508082831718 -15.92467833156562, -51.33526332831622 -15.9246991715656, -51.33638027831046 -15.92521472156564, -51.33722332830608 -15.92576972156571, -51.3383996453188 -15.92639250427695, -51.33972138829314 -15.9269063915658, -51.34063424928014 -15.92723173481805, -51.34235084386643 -15.92745855331414, -51.34315197624499 -15.92735551658415, -51.3442767510461 -15.92722722962272, -51.34537951543772 -15.92721122792007, -51.345619998263 -15.92721000156531, -51.34604082826323 -15.91381528156149, -51.34608916826329 -15.91222389156103, -51.33790110830502 -15.91192444156175))"
GO-5212204-C020E51A64DE4DFAA0647BE31783FF65,Jussara,GO,"POLYGON ((-51.312556745766 -15.87547186435, -51.312556745766 -15.87547186435, -51.30894184112549 -15.876066054911051, -51.30520820617676 -15.876685229464451, -51.29812717437744 -15.87773782183762, -51.288878917694085 -15.879182547511778, -51.285162873421 -15.87857225477, -51.28220558166504 -15.877964850844084, -51.28147602081298 -15.880771733784396, -51.291720962659 -15.883633980718, -51.30123853683472 -15.879368297203788, -51.30362033843994 -15.885085176166392, -51.314009010979 -15.880235010145, -51.31406306829501 -15.880210133541, -51.314305831401 -15.879684163653, -51.314375865502 -15.879266395578, -51.314325541683 -15.879124769512, -51.31425702493601 -15.879334407359, -51.314125358268 -15.879305307674, -51.314186665404 -15.878945917116, -51.31400116426101 -15.878365792879, -51.313388642649 -15.878263150261, -51.313613434264 -15.878490280982, -51.313255258688 -15.878524529557, -51.31330513359101 -15.878720760549, -51.3130503534 -15.878756658089, -51.31263256072998 -15.878645936328164, -51.31239652633667 -15.878418908089348, -51.31269693374633 -15.877779099857829, -51.31334066390991 -15.877696543808954, -51.313507673592 -15.87744881761, -51.3134581836 -15.877308112214, -51.31314754486084 -15.87682970325308, -51.312782764434814 -15.876334364117838, -51.312616037548 -15.875712425146, -51.312634088152 -15.875460170043, -51.312556745766 -15.87547186435))"
GO-5212204-C1B09E9FD9214A2EA281C3801C9E1953,Jussara,GO,"POLYGON ((-51.3703800422925 -15.7676008569255, -51.3592784724017 -15.7803911711394, -51.3635093149122 -15.7861188545486, -51.3720835362615 -15.7978590745412, -51.3777330579701 -15.8055952432293, -51.3778233764056 -15.8057098993406, -51.3869218038384 -15.8045242397658, -51.3895404088739 -15.8042066727091, -51.3868067336235 -15.7989001398469, -51.3959028823791 -15.7904798067145, -51.3962531666129 -15.790129305129, -51.3962856797289 -15.7900923610396, -51.3962614838245 -15.7900851728108, -51.3960044832582 -15.7900083455439, -51.3958329529142 -15.7899519745231, -51.3956566192343 -15.7898740959455, -51.395632136787 -15.7898635632179, -51.3956274676045 -15.7898631196926, -51.39541625976562 -15.789796473458367, -51.395155134729 -15.7898190477062, -51.394992928573 -15.7898042449259, -51.39485836029053 -15.789817121455675, -51.394751071929925 -15.789858417443943, -51.3945914355527 -15.7898434859514, -51.3943744118037 -15.7898710008593, -51.394150257110596 -15.78994100939525, -51.39404296875 -15.78994100939525, -51.3937244891029 -15.7900650103984, -51.3935751884874 -15.7901094882497, -51.3913594826299 -15.7894649284245, -51.389426329839 -15.7878010761151, -51.3878300643654 -15.7858894403731, -51.3877566059046 -15.7858015177155, -51.3855150751659 -15.7844017063881, -51.3835072517395 -15.782032677362125, -51.3831058140348 -15.777739013596, -51.3762823674032 -15.7685396210466, -51.3745316692253 -15.7703333698392, -51.3703800422925 -15.7676008569255))"
GO-5212204-C314E7EC753C403AB9968098ED2C6FCD,Jussara,GO,"POLYGON ((-51.32160186767578 -15.836538144280743, -51.329498291015625 -15.82846648081333, -51.328725814819336 -15.827537496297163, -51.323060989379876 -15.833524210480837, -51.32273912429809 -15.833978367766443, -51.323018074035645 -15.834060941708673, -51.321022510528564 -15.836083992750046, -51.32160186767578 -15.836538144280743))"
GO-5212204-C36EFCBB660143D29A145ACEC1F9977C,Jussara,GO,"POLYGON ((-51.3722592975 -15.7194624266667, -51.3632075 -15.72477778, -51.3631998583333 -15.7247630294445, -51.3542933833333 -15.7285804066667, -51.3720319552777 -15.7349849472222, -51.3722451805555 -15.7349267713889, -51.3756521183333 -15.7361124552778, -51.3811996863889 -15.7402011691666, -51.3854242002778 -15.7353658311111, -51.3854235413889 -15.7351488216666, -51.3853872408333 -15.7349980322222, -51.3853346255556 -15.7347123027778, -51.3853219816666 -15.7343683230555, -51.3852931336111 -15.73400599, -51.3853032383333 -15.7336641677778, -51.3852758002778 -15.7333079416667, -51.3850733202778 -15.7327132327778, -51.3851769413889 -15.7323864577778, -51.3851301686111 -15.7321672811111, -51.3845117283334 -15.7315258691667, -51.3844656397222 -15.7313155977778, -51.3844503430555 -15.7310809444445, -51.3844834383333 -15.7303269125, -51.3843725247222 -15.7297745844444, -51.3844686869444 -15.7293981266667, -51.3845549297222 -15.7292621597222, -51.3844763213889 -15.7286060547222, -51.3842696925 -15.7279399944444, -51.3843073602778 -15.7273314544444, -51.3838910061111 -15.7265332766667, -51.3839577936111 -15.7262981713889, -51.3837240458333 -15.7260168127778, -51.3836172419444 -15.7257907394444, -51.3834695933333 -15.7252689047222, -51.3832606625 -15.7248896597222, -51.3833894725 -15.7246002, -51.3832276052778 -15.724423705, -51.3825431416666 -15.7246427619444, -51.3810206563889 -15.7249390777778, -51.3797841666666 -15.7251834025, -51.3782659736111 -15.7254905955555, -51.3771322036111 -15.7256094933333, -51.3762957163889 -15.7258276272222, -51.3755406672222 -15.7255591561111, -51.3747913916667 -15.7258688816667, -51.3741623691667 -15.726185385, -51.3725488888889 -15.7259681244444, -51.3718871141666 -15.7258612647222, -51.3716282758333 -15.725982245, -51.3714820383333 -15.725951995, -51.3722592975 -15.7194624266667))"
GO-5212204-C89768295EC14B488BC2A10A70813D1B,Jussara,GO,"POLYGON ((-51.43900139 -15.68338417, -51.43594541707684 -15.687839006948856, -51.43949238110766 -15.68927024309553, -51.43993344057038 -15.693201676650167, -51.4403325415427 -15.693228085020829, -51.4409328986897 -15.698577185682073, -51.44690791512693 -15.698459368785716, -51.44612674624664 -15.704144499212235, -51.44299111 -15.70612194, -51.44130787494451 -15.7067732055602, -51.447077428881705 -15.714183115775368, -51.44886944 -15.713001669999999, -51.450369720000005 -15.7112275, -51.45389056 -15.71115444, -51.45656889 -15.698389169999999, -51.45493667 -15.69529333, -51.45338667 -15.69459306, -51.45144028 -15.69373111, -51.45245111 -15.691984999999999, -51.45266611 -15.69158278, -51.45531833 -15.686646390000002, -51.43900139 -15.68338417))"
GO-5212204-CA4C71E570B14DB591B595D9489A2B89,Jussara,GO,"POLYGON ((-51.313046919987976 -15.925938617113909, -51.31845912027341 -15.923744005762247, -51.31919738856061 -15.923423328408031, -51.31976753032521 -15.923155586716607, -51.319899102285724 -15.923250610910312, -51.31997950737271 -15.923298123007166, -51.32005991245969 -15.923334670773976, -51.32013666276999 -15.923374873317467, -51.32023534174038 -15.92341873063764, -51.32033036593408 -15.923469897511172, -51.32043635445783 -15.92353202871475, -51.32050579521477 -15.923564921704878, -51.32057889074839 -15.923601469471688, -51.32067756971878 -15.923638017238499, -51.32077990346585 -15.923663600675265, -51.32088954676628 -15.923678219781989, -51.32099553529003 -15.9237147675488, -51.32103469592062 -15.92363610084333, -51.32161313921722 -15.922474444494652, -51.321739608017786 -15.9222105012714, -51.321895207421036 -15.921892065283354, -51.32191872826107 -15.921857688671007, -51.32181197983325 -15.9218450236033, -51.32158762720531 -15.921852260784847, -51.32137593964507 -15.921859497966393, -51.32119501010641 -15.921870353738713, -51.3210882616786 -15.921875781624873, -51.32099598761388 -15.921857688671007, -51.32092723438918 -15.921810646990954, -51.32085397342526 -15.92175758520665, -51.32081118592847 -15.92168584550578, -51.32077914749234 -15.921638044922823, -51.32076108843857 -15.92156974323316, -51.32076343651094 -15.92104631551551, -51.32076620709977 -15.920527856561833, -51.32078495779674 -15.919920209151549, -51.32077862642284 -15.919828747684278, -51.32077941853886 -15.919717148918098, -51.3206844753156 -15.919702817865529, -51.31835747065497 -15.919672364378824, -51.318264318813284 -15.919672364378824, -51.318185498024164 -15.919675947141966, -51.31810488585347 -15.919695652339247, -51.31802427368278 -15.919729688589094, -51.31795261841994 -15.919765516220512, -51.31788583050924 -15.919826689738802, -51.31783495925389 -15.919875609988031, -51.31778771398232 -15.919928170025852, -51.31774415068449 -15.91999466139848, -51.31770789418525 -15.920068041847658, -51.31767892149912 -15.92013086872999, -51.317672267204095 -15.9202097788501, -51.317690181019806 -15.92030293069179, -51.31772242588808 -15.92038175148091, -51.31784952273112 -15.920428883849652, -51.31800879176995 -15.920385164268078, -51.31813455035851 -15.920863575598974, -51.318025330704884 -15.921336637733623, -51.31791226820494 -15.921445831015754, -51.31670788981096 -15.922037222051658, -51.31573932203549 -15.922279558382362, -51.309252068204856 -15.924672804230294, -51.30921414518296 -15.92466153641656, -51.30920978066306 -15.92466315343541, -51.30908080118996 -15.924706146593113, -51.30901272869026 -15.92473839146139, -51.30900556316398 -15.92477780185595, -51.31088293105031 -15.925343878432361, -51.311968508282284 -15.925659161588845, -51.313046919987976 -15.925938617113909))"
GO-5212204-CA6A8154990C4D92B41EE734F4B8FEEB,Jussara,GO,"POLYGON ((-51.4565768223 -15.72842014, -51.4565444451 -15.7282911561, -51.4567963256 -15.7280315585, -51.45668530790001 -15.7278591284, -51.45632275719999 -15.7276539377, -51.4565744997 -15.7274875289, -51.4564179473 -15.7271284827, -51.4567067148 -15.7265975962, -51.45879901320001 -15.717132832, -51.4570903302 -15.7168036745, -51.4567148781 -15.7183510015, -51.45493073680001 -15.726496446, -51.4549487451 -15.7276699241, -51.4561144925 -15.7281855233, -51.45644386 -15.7283393982, -51.4565768223 -15.72842014))"
GO-5212204-CC710126509D41038EA24A25CC12E236,Jussara,GO,"POLYGON ((-51.305058002471924 -15.904876293603703, -51.31040096282958 -15.897302654840685, -51.30321264266968 -15.888800028555444, -51.30115270614624 -15.88632346791274, -51.293063163757324 -15.884115175645512, -51.2902307510376 -15.89259736235957, -51.291046142578125 -15.892721187255589, -51.29149675369262 -15.892638637333366, -51.29199028015136 -15.892700549778208, -51.292290687561035 -15.89251481238656, -51.29295587539673 -15.892721187255589, -51.29362106323242 -15.89319584865115, -51.29499435424805 -15.894145168083366, -51.296045780181885 -15.895238943615338, -51.297075748443596 -15.895981882095102, -51.29896402359009 -15.897240743811928, -51.30044460296631 -15.898396413206898, -51.30061626434326 -15.899345708100281, -51.30070209503173 -15.899572712737116, -51.300777196884155 -15.899686214959463, -51.30085229873657 -15.899799717117766, -51.301002502441406 -15.899985447784118, -51.3012170791626 -15.900171178278962, -51.30134582519531 -15.900418818671954, -51.30162477493286 -15.900872825267228, -51.301796436309814 -15.90107919156264, -51.30215552114262 -15.90203034167297, -51.3022255897522 -15.903039660808068, -51.303019523620605 -15.903617479675944, -51.30409240722656 -15.904009570105016, -51.305058002471924 -15.904876293603703))"
GO-5212204-CE5E071E653F445E8EA2609440D42C75,Jussara,GO,"POLYGON ((-51.423985910557676 -15.74126609843781, -51.42368675624533 -15.747129478362583, -51.42570085307851 -15.749036606240574, -51.426386936154834 -15.751935517649022, -51.42581460537854 -15.753768041762392, -51.42656605390622 -15.759171104164343, -51.42912660128537 -15.761834257075096, -51.4291863677981 -15.764376207203869, -51.42702424960119 -15.76637124243619, -51.42725494475929 -15.767136420626095, -51.42850081017912 -15.77124445594123, -51.42732548155227 -15.776571281995391, -51.43450888999999 -15.785146940000002, -51.44971139 -15.774048889999976, -51.450323609999984 -15.773381110000004, -51.457485711883486 -15.750752874674962, -51.457498432519614 -15.75048891428691, -51.45968249800196 -15.743457750982323, -51.458350301726824 -15.743215561396154, -51.45813856843593 -15.744286387131904, -51.456782772037805 -15.744303877345661, -51.456742234362125 -15.744083286623859, -51.45670197017561 -15.743608931866119, -51.45711943305341 -15.74102338118581, -51.457748650588314 -15.740984484427406, -51.45820917534233 -15.740845289807336, -51.458236396812545 -15.739913078975269, -51.457632131603205 -15.74008937031057, -51.45642213853314 -15.74038797868664, -51.45310610163864 -15.741462201903738, -51.45031837925468 -15.736355681346076, -51.450347919125015 -15.735383289966512, -51.419932303319015 -15.736263827701226, -51.42014589570284 -15.737069644855993, -51.423985910557676 -15.74126609843781))"
GO-5212204-CEAFB76B8EA14062854C222248878EC8,Jussara,GO,"POLYGON ((-51.25196779174161 -15.95526323614424, -51.25365396524431 -15.95610771766227, -51.25783251573105 -15.95333980800461, -51.25701427459717 -15.949940763087143, -51.25574834975261 -15.95035384444099, -51.25538551122677 -15.95087295462612, -51.2551081908487 -15.95129602297779, -51.25511398597318 -15.95194049327954, -51.25456394159197 -15.95225813158809, -51.25373265603462 -15.95300285085434, -51.25322109561382 -15.95324724248385, -51.25252962998903 -15.95340126413378, -51.25214338302612 -15.953344947842384, -51.25177070383772 -15.95330710565432, -51.25093073564526 -15.95383695103056, -51.25196779174161 -15.95526323614424))"
GO-5212204-CFFEFFF2769A4055A61320097E500EB8,Jussara,GO,"POLYGON ((-51.344476198171584 -15.832538174004936, -51.34443852418708 -15.832713446053924, -51.34275500004258 -15.84089138886622, -51.340404444489984 -15.85138694445585, -51.33894111113919 -15.858486388867489, -51.338768611070684 -15.858975833314371, -51.33624777778852 -15.871178888895177, -51.336478260241925 -15.87147998936486, -51.33878519801014 -15.871582153551488, -51.3403483323918 -15.870926598643134, -51.340886601513105 -15.87070618598308, -51.341362177331455 -15.870545426106421, -51.34144414034235 -15.870473913973104, -51.3488697490026 -15.846897573139946, -51.3487926273716 -15.846860866676554, -51.3484278697846 -15.846663830231469, -51.34820828235639 -15.846379410569234, -51.347978889652495 -15.846040673613718, -51.34771642802595 -15.845642268564362, -51.35170867672784 -15.838964420954825, -51.3523165967367 -15.833831324163075, -51.344476198171584 -15.832538174004936))"
GO-5212204-D06FA1D1899847B1932E9F802BD14498,Jussara,GO,"POLYGON ((-51.46822626229207 -15.711865573187218, -51.46583261119975 -15.708278136907444, -51.46465790684106 -15.709267226367022, -51.46324214366958 -15.711170507083509, -51.45936723707606 -15.712052300762299, -51.45835727321855 -15.704739630621818, -51.4584522100895 -15.704729224836642, -51.45810681044767 -15.702328653372975, -51.4632531738124 -15.700943035765249, -51.46330203183611 -15.700700314786841, -51.46431916916158 -15.695465866170984, -51.457272071873035 -15.69510108845388, -51.4552284722171 -15.692609238370714, -51.45266606493203 -15.691582846432198, -51.45245106292754 -15.691985066025968, -51.45144039099713 -15.693731161679777, -51.45338655609909 -15.694593035643653, -51.45493654138573 -15.69529339581478, -51.45656882225459 -15.698389120820753, -51.45389056034279 -15.711154357449919, -51.45289708410594 -15.715910137473227, -51.45709612028516 -15.716729914142352, -51.46263499186307 -15.717807445233634, -51.463761018510944 -15.718728397022774, -51.464230578263894 -15.718127225605162, -51.46625376580867 -15.71528933966457, -51.46822626229207 -15.711865573187218))"
GO-5212204-D7C048E5C31F4DA5A37066D256069D00,Jussara,GO,"POLYGON ((-51.31963278490446 -15.9113424604403, -51.31940209525066 -15.91185690023368, -51.31893071578301 -15.91256567449098, -51.31688932097912 -15.91700871947377, -51.31727355969782 -15.9172216523877, -51.31724842786884 -15.91735837960737, -51.31730579806842 -15.91763649438347, -51.31741207810552 -15.91778443737537, -51.31758296676038 -15.91765565019077, -51.31774252366104 -15.91802085398499, -51.31768236602161 -15.91809181895349, -51.31788709825119 -15.9184055797609, -51.31804735386944 -15.91904786028358, -51.31763481117261 -15.91933977523276, -51.31713232003255 -15.91955689505186, -51.31677118851818 -15.91973004193865, -51.31676131867838 -15.92014481915269, -51.31723750999684 -15.92049191157363, -51.31769885819855 -15.92058340219507, -51.31757552637828 -15.920228177339, -51.31764642288414 -15.91998105421856, -51.31789799791402 -15.91970452799269, -51.31820099441285 -15.9195882926429, -51.32068707334135 -15.91962450889004, -51.32074413296375 -15.91827864011224, -51.321655492925 -15.91858321010666, -51.32243502049044 -15.91849829718983, -51.32257473890764 -15.91831060048217, -51.32336586900478 -15.91787086918891, -51.32348528377431 -15.91807377289252, -51.32431220013929 -15.9176850716079, -51.32475555515473 -15.91843455603908, -51.33231746759694 -15.91453036288234, -51.3323754172014 -15.91160795182324, -51.31963278490446 -15.9113424604403))"
GO-5212204-D99E7FB413AF499E8845CAA36FC4353B,Jussara,GO,"POLYGON ((-51.29202125469679 -15.88683969020894, -51.2928701595413 -15.88397353208358, -51.28135705459486 -15.88068556440028, -51.28077636100955 -15.88320694712611, -51.27883911377915 -15.89197562331911, -51.27831291051863 -15.89441693647289, -51.27789869671063 -15.89638328097104, -51.27711666023499 -15.89984842135258, -51.28181150862188 -15.90004175708838, -51.28493499290581 -15.8922598381504, -51.28499201079496 -15.89233205279809, -51.28504106071757 -15.89237355493508, -51.28521313862826 -15.8923354547813, -51.28533453099644 -15.89236442725219, -51.28541559466026 -15.89232862053718, -51.28549371427031 -15.89233163479017, -51.28555763036309 -15.89233410093698, -51.28562717933785 -15.89235238146493, -51.28570844540853 -15.89239437432442, -51.28574067831369 -15.89242656531971, -51.28581590120887 -15.89245259778661, -51.28590585166728 -15.8924714501564, -51.28596746970415 -15.89248917905357, -51.28605415525222 -15.89249198469408, -51.28618465050355 -15.89245141080553, -51.28623509916626 -15.89244563914927, -51.28638785413487 -15.89242058400837, -51.28644447177668 -15.8924227678767, -51.28650233685576 -15.89246366504454, -51.28660195624328 -15.89255190128142, -51.28669925631689 -15.89264668418141, -51.28676777968295 -15.89265686468376, -51.28681968112316 -15.89268143514568, -51.28687541468053 -15.89268358467266, -51.28697847614029 -15.89264232533061, -51.28711901725576 -15.89254133719375, -51.28720643804005 -15.89250634937796, -51.28747170308836 -15.89247029879515, -51.2875573332295 -15.89246586118058, -51.28772101040692 -15.89252619870001, -51.28790497698789 -15.89264022928493, -51.287976068369 -15.8926883520768, -51.28810346510319 -15.89273087983668, -51.28819877118265 -15.89274954982828, -51.28827304285169 -15.89276737934793, -51.28833946809565 -15.89279624865173, -51.28842118778762 -15.89280813381795, -51.28847598679803 -15.89279806554158, -51.2885649347063 -15.89280194489542, -51.28861255536388 -15.89283486526166, -51.28870490957067 -15.89281262156278, -51.2887649058159 -15.89281564874107, -51.28882656435814 -15.8927675114342, -51.28887105782733 -15.89274870506323, -51.2889488421941 -15.89271334393577, -51.28902841371856 -15.89266925899913, -51.28911417471127 -15.89261417111301, -51.28922612205052 -15.89256067535981, -51.28943011031004 -15.8925458547964, -51.28952285027389 -15.89252714148649, -51.2895875555354 -15.89250940609979, -51.28963151455459 -15.89248758201803, -51.28972197863124 -15.8924544157563, -51.28982818270293 -15.89245669028552, -51.28992297991197 -15.89246050952127, -51.28997786046336 -15.89244870350188, -51.29002408348682 -15.89244327014723, -51.29010392858706 -15.89242359727704, -51.29020615295243 -15.89244550356364, -51.29078208605946 -15.89090122895412, -51.29202125469679 -15.88683969020894))"
GO-5212204-DA0E3C866893466CA994D0B0178498F2,Jussara,GO,"POLYGON ((-51.30728411208417 -15.76866148922851, -51.30296716733438 -15.77105187057569, -51.30757009895142 -15.77301029866662, -51.30718192081507 -15.77394581888618, -51.30631828275673 -15.77368888484729, -51.30547172528424 -15.77383939637788, -51.31104061278493 -15.78444634659695, -51.31357784576421 -15.78129521639244, -51.31614445967451 -15.78772391683718, -51.3222432686144 -15.78494882674267, -51.32324333476485 -15.79059585322051, -51.32333349583008 -15.7906581887792, -51.32813477345387 -15.79114437964438, -51.329194917394 -15.79102957261116, -51.33266184819141 -15.79555920508631, -51.33639946751129 -15.79116742426019, -51.33218910361972 -15.78375159871365, -51.33354140032474 -15.77915522024943, -51.33520948376649 -15.77341036063292, -51.33421569968683 -15.77322175872663, -51.33133216777214 -15.77588625338817, -51.3256727314359 -15.77523177666317, -51.32573559990976 -15.77594511160283, -51.32462509723225 -15.77661080279508, -51.32403657531331 -15.77777935658224, -51.32504597566783 -15.77938142301124, -51.32503894510474 -15.78017228490344, -51.32058018949322 -15.77808753987306, -51.31841762988067 -15.77629634282111, -51.31556573952652 -15.77103448751965, -51.31379196022678 -15.77007178968587, -51.31312811152981 -15.7700609296108, -51.31224277232186 -15.76970314010984, -51.31067523435907 -15.7697385160729, -51.31001895745043 -15.77093831104135, -51.30930552779043 -15.77207030020973, -51.30728411208417 -15.76866148922851))"
GO-5212204-DD210C6E045D48DCBBE38A2FAEEE5520,Jussara,GO,"POLYGON ((-51.324048042297356 -15.927409792707541, -51.32460594177246 -15.926997113981676, -51.32582902908325 -15.926997113981676, -51.326773166656494 -15.92691457813473, -51.327245235443115 -15.926254290137651, -51.32793188095093 -15.925924145324853, -51.328747272491455 -15.925800340880118, -51.32904767990112 -15.926666970390286, -51.32939100265503 -15.926708238368896, -51.32990598678589 -15.925717804541204, -51.330721378326416 -15.92468609744242, -51.33192300796509 -15.924438486949951, -51.33303880691528 -15.924644829048212, -51.33387565612793 -15.924706731636336, -51.335055828094475 -15.92476863420539, -51.33533477783203 -15.924397218504867, -51.33537769317627 -15.922209978779238, -51.334519386291504 -15.913832217627853, -51.32986307144165 -15.916246534382402, -51.325249671936035 -15.918743361365443, -51.32645130157471 -15.920476677550855, -51.323790550231934 -15.921838558346659, -51.324048042297356 -15.927409792707541))"
GO-5212204-E60476C645D74B1FABA244292F6A832C,Jussara,GO,"POLYGON ((-51.41648769378662 -15.700102406288762, -51.41305446624756 -15.703015038476815, -51.4101957865 -15.7066024136, -51.414330491 -15.7072449911, -51.4165931333 -15.7057269282, -51.41648769378662 -15.700102406288762))"
GO-5212204-E8645BFEDF4047F3B7A323A4137BD120,Jussara,GO,"POLYGON ((-51.35058925166667 -15.810589649722223, -51.34586281333333 -15.8153671375, -51.34516786138889 -15.816451376666667, -51.34479090916667 -15.817013838055555, -51.34298588972222 -15.819841377777777, -51.33568663583333 -15.831121948333333, -51.34130342 -15.832028859722222, -51.34446973888889 -15.832540905277778, -51.352310277777775 -15.8338342, -51.35230420222222 -15.833777165, -51.35281371638889 -15.829307483333332, -51.352821265833335 -15.82913751138889, -51.35371149444445 -15.821131139722223, -51.35357685333334 -15.821139495555556, -51.352972826944445 -15.820902896388889, -51.35261526888889 -15.820991682222223, -51.352439948055554 -15.820986475, -51.352358735 -15.820907049166667, -51.3523300025 -15.820658358055555, -51.35232297333334 -15.820257488333333, -51.35224870527778 -15.820202270555555, -51.35208332 -15.820136660555555, -51.35188324805556 -15.82002918611111, -51.35173253916667 -15.820038385833334, -51.35145519333334 -15.819962830555555, -51.35137716111111 -15.819884222777779, -51.35140471611111 -15.819723131388889, -51.35134961777778 -15.819480831666667, -51.35125090388889 -15.819476265, -51.35109929694445 -15.819676495, -51.3510510825 -15.819673084444444, -51.35099327638889 -15.819515690277777, -51.35109296361111 -15.819391538888889, -51.35100978416666 -15.81928442138889, -51.350913928611114 -15.819303020555555, -51.35078824861111 -15.819299611944444, -51.350650154166665 -15.819328475277779, -51.350418734722226 -15.819453855277779, -51.350400899444445 -15.819610884444444, -51.350472978333336 -15.819645786111112, -51.35037364944444 -15.819783954722222, -51.35004780861111 -15.819760306388888, -51.34980150388889 -15.819557013611112, -51.34935160111111 -15.81946314638889, -51.34928573972222 -15.819429435, -51.34940349083333 -15.819345771666667, -51.34949196555556 -15.819262455555556, -51.3494816275 -15.819182010833334, -51.349381235555555 -15.819072326666667, -51.349354068055554 -15.818887198333334, -51.34958147 -15.818933805277778, -51.349906903611114 -15.8187051425, -51.34956007666667 -15.818376107222223, -51.34967205277778 -15.81826223638889, -51.34961737555555 -15.818185858055555, -51.34920639472222 -15.818247735555556, -51.34908445083333 -15.817916262777779, -51.34901839861111 -15.817688547777777, -51.34908840972222 -15.817611051944445, -51.3527271525 -15.815737782222222, -51.35417748194445 -15.81566770861111, -51.35374785 -15.8152397125, -51.35371644166667 -15.815220688333333, -51.35058925166667 -15.810589649722223))"
GO-5212204-ED546975E9DA42B19C6ED84E8C72955E,Jussara,GO,"POLYGON ((-51.319643548337375 -15.90775977189056, -51.332558746272014 -15.908036183924995, -51.33292487806713 -15.898817984929229, -51.333068139642286 -15.897311774677727, -51.33312913958195 -15.895029096127711, -51.31600375095266 -15.894287099545858, -51.315983678899215 -15.89439667120707, -51.31567472083497 -15.894494659278864, -51.31578348907836 -15.894707419521845, -51.31599571303402 -15.894589647711358, -51.31594707378959 -15.895069871609392, -51.315677575794474 -15.895259254529133, -51.31556677263887 -15.895640929490233, -51.31565437142398 -15.895876402989542, -51.31513890553892 -15.896112295443078, -51.314954877454625 -15.89628732329169, -51.31467791984052 -15.896396997764471, -51.314678877178224 -15.896706376330055, -51.31432957979064 -15.89669736504441, -51.31443020538348 -15.896870233523646, -51.314618345044174 -15.897146179582686, -51.31471604938218 -15.897164244671766, -51.31498918223256 -15.897117361164238, -51.31536018507228 -15.896703240814398, -51.31548411753803 -15.896707390305833, -51.315610917758185 -15.896501744446812, -51.315679223046395 -15.896435460068377, -51.31577245631185 -15.896467950623327, -51.316067882737215 -15.896466596721696, -51.31632985822299 -15.896424284204345, -51.31644949528468 -15.896489407760047, -51.316343025543084 -15.896881798609956, -51.31613238512259 -15.896962159361683, -51.31587349076973 -15.897117661756175, -51.31592718365096 -15.897307349914513, -51.31584518997659 -15.89752160924114, -51.31545635504275 -15.898026693614671, -51.31493019992796 -15.898156656999475, -51.31501789621241 -15.898400492906195, -51.315556467814424 -15.898792358061955, -51.31602797703043 -15.899154233519734, -51.3162250214759 -15.899598052259106, -51.316709659671474 -15.900036100884453, -51.31689683326414 -15.900114767076932, -51.31768265863374 -15.900075707031275, -51.317959343856096 -15.90021868049938, -51.31807381066138 -15.900410104753508, -51.3181717251233 -15.900673541826459, -51.31838899608051 -15.90095807502764, -51.318618092066956 -15.901116513482439, -51.31881311332262 -15.90115884217932, -51.31887385693437 -15.901433498593754, -51.31882392197178 -15.901769693412172, -51.31791266771273 -15.902201972591715, -51.31749616920559 -15.902499516089321, -51.31732968101833 -15.902769498327503, -51.31773994409314 -15.90309928495595, -51.318434082481915 -15.903186099365888, -51.319537985682594 -15.903160123949728, -51.31970523204783 -15.903560898447806, -51.31960565298872 -15.903724387220077, -51.31898071305854 -15.903747396366136, -51.319005981136975 -15.903983213348605, -51.319249410936564 -15.904295144423786, -51.31949777092773 -15.90448085527989, -51.31975641081566 -15.90473364826381, -51.319982537243376 -15.90517297385372, -51.319940159977634 -15.905549857354192, -51.32012405575323 -15.905831933794078, -51.3203685044645 -15.906088652439387, -51.3201551259381 -15.90668698923051, -51.31982397539041 -15.906857248847462, -51.3199736511017 -15.907044189974448, -51.319643548337375 -15.90775977189056))"
GO-5212204-F02DDCCA149C4C74B510CC73B2AE078F,Jussara,GO,"POLYGON ((-51.4190967165 -15.7058135305, -51.4167706765 -15.7057068001, -51.414423658 -15.7072897545, -51.414359181 -15.7073470215, -51.4146221298 -15.7110359941, -51.4195446083 -15.7115282764, -51.4190967165 -15.7058135305))"
"","","","POLYGON ((-15.544951473823573 -51.33921200365566, -15.545680816148993 -51.337718765934824, -15.555010854177768 -51.319790089006865, -15.5611139216678 -51.32376516406193, -15.569314097637585 -51.306371276252726, -15.556667084397466 -51.30159240130039, -15.559032393413709 -51.297539950424394, -15.581326057272566 -51.30579688124321, -15.572386874449338 -51.321130992336776, -15.584363436452854 -51.328571386428315, -15.58448691269418 -51.32864461609187, -15.58481574809508 -51.32832362353985, -15.585177502027705 -51.32799522027374, -15.585389111130397 -51.32795628760554, -15.585496616673494 -51.327826713656805, -15.585590799659414 -51.32747624485516, -15.586065692711143 -51.32705884749169, -15.586352339503135 -51.32714119623424, -15.586598831948454 -51.32705045692063, -15.586957864681203 -51.327335047252575, -15.587034874172168 -51.32740708422627, -15.587304357634963 -51.32747998588176, -15.588007675856934 -51.32763080737532, -15.588094927309935 -51.327563880647595, -15.588202075444817 -51.32779556027221, -15.58832173211497 -51.327823359630194, -15.588593917619283 -51.327478111739964, -15.58877028005533 -51.32797732323764, -15.588960731836934 -51.328000478084675, -15.589482397312096 -51.327683421228194, -15.589495321446941 -51.32750397853503, -15.589377793776308 -51.327382067045704, -15.589363772528083 -51.32726610272968, -15.589785999848539 -51.32742860566462, -15.589988659132635 -51.32738928435789, -15.590146256448937 -51.32749801448244, -15.590270440945071 -51.32746006124322, -15.590272398280625 -51.32729906921395, -15.59014420091562 -51.32717825979406, -15.590366463592629 -51.32714885652318, -15.590460812779824 -51.32699006270346, -15.590501968500874 -51.32685441045948, -15.590246613224316 -51.326764740987976, -15.590467199073935 -51.32676863432879, -15.590614969628946 -51.32673734052775, -15.590670824563105 -51.32662652294585, -15.590678977487942 -51.326371890638924, -15.590865466090815 -51.32638524394401, -15.591069111236099 -51.326534342129236, -15.591148972305195 -51.32651264155761, -15.59122481992034 -51.32645399698553, -15.591226346269698 -51.3263392688396, -15.590996944552371 -51.325817862454706, -15.591476292070015 -51.32593129694727, -15.591751815000455 -51.32583341750087, -15.591944844135998 -51.32594770665999, -15.592048226237221 -51.32591559582804, -15.591933837472805 -51.32556599899116, -15.592159043746218 -51.32544117572215, -15.592417009872403 -51.32547749387535, -15.59266006959976 -51.32538441270409, -15.593038195619112 -51.325414110886896, -15.593351681705448 -51.32556552822653, -15.593550445326274 -51.32547041813667, -15.593752237141121 -51.3255282885958, -15.593910063535883 -51.325788130229625, -15.594073896131649 -51.32583819914301, -15.594401045427594 -51.325493119004314, -15.594507183205916 -51.32555373062282, -15.594389758924518 -51.32572769617181, -15.594373119831127 -51.32591366686839, -15.59449617046598 -51.32603055222931, -15.594607567596949 -51.32601944135863, -15.594673380966288 -51.32583811866957, -15.595257263786973 -51.32581217542004, -15.595331440062514 -51.32572209188236, -15.595327633130507 -51.32554560251461, -15.595540516074774 -51.32550079107062, -15.595776330463469 -51.32559957195484, -15.596020896873442 -51.325649022254, -15.595883802118498 -51.32591922188684, -15.596152913792253 -51.32606012484926, -15.596288011332668 -51.32597862556681, -15.596308917536742 -51.325719529012034, -15.596427433068381 -51.326029402947235, -15.596560849100936 -51.3262892097976, -15.596832936117769 -51.32649625351969, -15.596934913991559 -51.32661833096952, -15.597122824432152 -51.32664819774328, -15.597325333574169 -51.326344519711725, -15.597559268473692 -51.32649105870111, -15.597805197429265 -51.326596853703165, -15.597838346494404 -51.32673878479083, -15.597607398212068 -51.32677274636868, -15.597599245681225 -51.32696591583211, -15.597772522556529 -51.327048276403, -15.597696599157011 -51.32715775993023, -15.597324523927675 -51.327193456315776, -15.59720719403271 -51.32730315377473, -15.59721198651801 -51.32742395841423, -15.597480974630841 -51.32758641167334, -15.59767214759428 -51.327610874362854, -15.59783698165581 -51.32753455307719, -15.597939984846947 -51.32745346964029, -15.597936444589756 -51.32758452228261, -15.597817837724017 -51.32776231209207, -15.59778945658488 -51.32793987184347, -15.597571432364541 -51.327855200775886, -15.597466518395601 -51.32794439616702, -15.59747807247308 -51.32807761790517, -15.597659032111064 -51.32828200149212, -15.597834236253803 -51.32834477747974, -15.597999980885943 -51.32826426057835, -15.598193659474463 -51.32842696891805, -15.598363017855604 -51.328408675509856, -15.598306138719927 -51.32817557147573, -15.598509399274146 -51.328217963821444, -15.59857461253594 -51.328137100268634, -15.598583868794723 -51.32793199184818, -15.598803427810669 -51.327654271959055, -15.598918059088803 -51.32747488917889, -15.598880201649322 -51.32764161436458, -15.598906334616919 -51.32769855682957, -15.599316338542055 -51.32763036642059, -15.599291879023038 -51.327845712306875, -15.599701424268105 -51.3281456069575, -15.599835517492133 -51.328071195442554, -15.600217198687838 -51.32795958488815, -15.600167616197416 -51.328107449648755, -15.600240230753801 -51.3283374092462, -15.600072683146946 -51.328414472665756, -15.600027236937025 -51.32851663618153, -15.600060748110876 -51.32859691102441, -15.600217281335537 -51.32881207935203, -15.600378935381023 -51.32874657366648, -15.600368336752831 -51.32863975006355, -15.600565624412974 -51.32856515935284, -15.600411370244156 -51.328821063546734, -15.600388704366903 -51.3291660738465, -15.600491815403082 -51.32937556086347, -15.600661500887872 -51.3294406619068, -15.601213603629954 -51.32926533428243, -15.601295909297038 -51.32912059951615, -15.6011090983711 -51.32902086386255, -15.601312654506042 -51.32880514847637, -15.601540845325534 -51.32880159403647, -15.601780765349918 -51.32881382286653, -15.601690814515038 -51.329113579902, -15.601524889991053 -51.32967589616925, -15.595506326953133 -51.35321924978724, -15.592809874655435 -51.3643568016057, -15.592743132436668 -51.364643138298455, -15.590283472597315 -51.37538075043837, -15.587412563698411 -51.373773448537975, -15.587229325927952 -51.37365801620935, -15.572320751981247 -51.36540083038149, -15.55193670698376 -51.354012636769774, -15.551233729084954 -51.35371664504579, -15.550323831003318 -51.35402750661656, -15.54954453603972 -51.354134354181056, -15.548481437554926 -51.35413943832193, -15.54744627268605 -51.35392047390964, -15.546270641284053 -51.35340359767819, -15.545622944273315 -51.35296726702143, -15.544946631625892 -51.352333561173324, -15.54440863337954 -51.351646751979146, -15.544246798260282 -51.35136773675037, -15.544007874143293 -51.35090058851156, -15.543499539126845 -51.34934954728827, -15.534595024664895 -51.34440491388357, -15.523236015352577 -51.338107518112615, -15.50990594205268 -51.3248032786502, -15.509326835245266 -51.32465235011391, -15.496495546817114 -51.323901632554204, -15.494151529650079 -51.323798315483266, -15.493764780787277 -51.323851042680744, -15.493473097086383 -51.32399500630319, -15.492654256349484 -51.32339256729144, -15.491240309589397 -51.32337722335979, -15.490717399804529 -51.323001992027315, -15.490405499659099 -51.32200635412879, -15.489676211962825 -51.32142775105687, -15.488830125084535 -51.31921808435297, -15.488106262642482 -51.31932344305703, -15.487873475098374 -51.31919032564067, -15.487005064315715 -51.318282610835226, -15.486848304703479 -51.31745980278503, -15.48614819159844 -51.316701802840804, -15.485579347108395 -51.31581721524475, -15.485295457597537 -51.31557103193121, -15.484882549209974 -51.314949033607064, -15.484418913980072 -51.31414059647476, -15.48393011593096 -51.313159278969906, -15.483016464570625 -51.312771659348535, -15.482605264527317 -51.31272694453438, -15.482029351745174 -51.31267545653169, -15.481703680194961 -51.312564492466066, -15.481647166112458 -51.3124431183558, -15.481819963063483 -51.31229486585839, -15.482489595926799 -51.31185648654357, -15.482817404693018 -51.312119042267895, -15.483029221991629 -51.311995925590644, -15.483206284017422 -51.31138666363512, -15.483643294871237 -51.31094970233403, -15.48378435314914 -51.310676007218355, -15.48417416333476 -51.31088803214597, -15.484015207336908 -51.3110951355128, -15.484067554026167 -51.31128745155156, -15.484506145398607 -51.31159082211434, -15.48458539460344 -51.31155364915264, -15.484547833714926 -51.3113263938093, -15.48469059367084 -51.311128775255305, -15.485340480299957 -51.31090851354324, -15.485562875540975 -51.31072033580206, -15.485899101662813 -51.31123425338093, -15.486007606119374 -51.31135169859002, -15.486500779704828 -51.31167184209324, -15.486712229418181 -51.3116169666499, -15.48674502577511 -51.311439599072685, -15.486539750505843 -51.3111541947757, -15.486860849365396 -51.3109812670154, -15.486974200617015 -51.311188127565835, -15.487192796359542 -51.311323265353266, -15.48721156777189 -51.31102551614049, -15.487367102068589 -51.31074419316789, -15.487538668310485 -51.31057020184024, -15.488181489846198 -51.310681080270534, -15.488324941623683 -51.31056988376751, -15.488592157869665 -51.3100741081202, -15.48859236614629 -51.310376922193306, -15.488602721248935 -51.3105999458122, -15.488706867912123 -51.31079495383909, -15.488909071912051 -51.31056394983844, -15.489575811894772 -51.310316390520384, -15.489766569105216 -51.31006010233587, -15.489918015213265 -51.31037265334579, -15.490067291301493 -51.31036299351071, -15.490321409351738 -51.30992369233029, -15.490328197420803 -51.309724652935856, -15.490233958879156 -51.309490594602266, -15.490012283393803 -51.30916488695363, -15.490494122210572 -51.30905866626201, -15.49063228292525 -51.3093043507432, -15.491146569744247 -51.30946267747158, -15.491353982678623 -51.309449467376446, -15.491448137495208 -51.309291019596785, -15.491487386916848 -51.309087925113566, -15.49171454004634 -51.308922775397455, -15.491968287718942 -51.30900594257678, -15.492290675223705 -51.30907429475912, -15.492424186450256 -51.309541495047945, -15.492555563682807 -51.30959511284773, -15.492824775169128 -51.309481303442354, -15.492870522549289 -51.309221811499334, -15.493359343953625 -51.309229717157926, -15.493525643948992 -51.30958825903622, -15.493665742683854 -51.30974071725019, -15.49380044154534 -51.30968190124733, -15.493860220021554 -51.30915112038298, -15.494017515389405 -51.30877236090869, -15.494161010326694 -51.30901805733844, -15.494953475377446 -51.308985950386365, -15.494819317959866 -51.30911031120694, -15.494905115590015 -51.30969119128477, -15.495260989630381 -51.30966915864059, -15.495530986330195 -51.30996296792617, -15.49571075264503 -51.31000136858494, -15.495841104831372 -51.30988315560611, -15.495955882339874 -51.30939496619742, -15.496140016735021 -51.309800529334446, -15.496399383386997 -51.309809027120394, -15.496469610493003 -51.309629189407055, -15.49644031451401 -51.30924436757398, -15.496711981984713 -51.30937828336183, -15.496883399974559 -51.30930954482183, -15.496961588009244 -51.30893168806393, -15.497155751652299 -51.309212799401536, -15.498316036119563 -51.30856756575848, -15.498633973643239 -51.308326185093556, -15.49881686061285 -51.308071737088525, -15.498982307950662 -51.30800541208032, -15.499123043199072 -51.308350498959086, -15.499345030021022 -51.308453667134714, -15.499835103480692 -51.30840637774014, -15.500331571397455 -51.30850622421837, -15.500662240736496 -51.30847044601821, -15.50090863109056 -51.308318929567875, -15.500834627061348 -51.30887357602879, -15.500808695361627 -51.30925077166649, -15.50100803921937 -51.30931838489966, -15.501237572693773 -51.30919667983558, -15.501660958802624 -51.30860796035102, -15.501966405325273 -51.30857158526238, -15.502120466645259 -51.30895473796623, -15.502159644426468 -51.30932019172191, -15.50226646243962 -51.30954495854675, -15.502460431419474 -51.309512521189596, -15.502667956607809 -51.30916048698853, -15.502833886363858 -51.30958953180477, -15.503022702749119 -51.309685754228994, -15.503192112021654 -51.309437435754845, -15.503459604880645 -51.30938869781493, -15.50362036792858 -51.30905197648729, -15.50400987269023 -51.30915959260457, -15.504128658776954 -51.30961821961143, -15.504634569436522 -51.309882184249034, -15.50491848507047 -51.30985584822323, -15.50527807670957 -51.30943858341966, -15.505760275681785 -51.30939771700974, -15.505868549430925 -51.30922827720943, -15.505826253621274 -51.30889442017611, -15.505669036193868 -51.30850547515699, -15.5067396651485 -51.30744833579773, -15.507199667212596 -51.30711596595045, -15.507627501298739 -51.30657553004584, -15.508088239690725 -51.30616754062123, -15.508468574123548 -51.306043346216924, -15.509545201518819 -51.3061319252391, -15.510606266537826 -51.30649013456816, -15.510884134885115 -51.30665175796126, -15.511486825804838 -51.30682085461328, -15.512743565898361 -51.307348687261516, -15.513679262713618 -51.30749124035698, -15.514218493410723 -51.307655678987615, -15.514631346741336 -51.307941239731726, -15.515362297889888 -51.30838830413369, -15.516167468591927 -51.30857924972513, -15.516727580077509 -51.30887463813799, -15.516928210525926 -51.30912100630557, -15.517102617354384 -51.30950020805786, -15.517471584097208 -51.30987625075758, -15.517322707214488 -51.31024583321567, -15.516689083507913 -51.310667745573504, -15.516788876263941 -51.31100086733955, -15.517038356989827 -51.3111597550793, -15.517194820420162 -51.31105359851014, -15.517424967685683 -51.3113310637255, -15.51778995603321 -51.311577028969396, -15.517991160246526 -51.31135037494238, -15.518089351751613 -51.31153607785665, -15.518523044354977 -51.3117214454215, -15.518897249970864 -51.31216202763455, -15.519012506449418 -51.31255448039659, -15.518860154155313 -51.312757617088494, -15.518876636998371 -51.313120176157035, -15.519020980987628 -51.31333690748606, -15.519426971140591 -51.31418399505847, -15.519377687728205 -51.31470012268052, -15.519017984154829 -51.31544226952931, -15.518875751986437 -51.31608991540531, -15.51877758586492 -51.316331362031036, -15.519064256078568 -51.316528078368925, -15.519118650130434 -51.31673889382476, -15.519259283227584 -51.316830021794004, -15.519473375518233 -51.316761160967964, -15.519950464426307 -51.31719454497468, -15.52025384275659 -51.3175912996733, -15.520393539743603 -51.31770443312602, -15.520909831203207 -51.317971811466066, -15.52068730726243 -51.31811973047681, -15.520678475527369 -51.31835115145997, -15.520809869675702 -51.31839116865778, -15.521399404971948 -51.31827197261282, -15.52143940633618 -51.31849405150486, -15.521139715880299 -51.31848790375744, -15.520896256233073 -51.31860874910751, -15.520914606915168 -51.31873540435279, -15.521427303688148 -51.319049496403615, -15.521538529521237 -51.318969476169485, -15.521791426010543 -51.31913780019115, -15.521773053079633 -51.31933946229874, -15.521671876744458 -51.3196594188317, -15.521797741331303 -51.31995911771023, -15.521881972797992 -51.320040744276454, -15.522153993920123 -51.32011249670645, -15.52219045585286 -51.32028030219147, -15.521946251959823 -51.320352657082715, -15.521692753337218 -51.320600019471414, -15.521823818082556 -51.320742048544375, -15.522144258413455 -51.32071596859586, -15.522283198880237 -51.32047728732713, -15.522452195557612 -51.32064623015647, -15.522621416687452 -51.320598283353725, -15.522840089763966 -51.32061307423699, -15.522791367368665 -51.32079501537297, -15.523130461452858 -51.321370122821065, -15.523237182723966 -51.32134194117656, -15.523477934395212 -51.32109483792745, -15.52338670689648 -51.321410242502395, -15.52353978201154 -51.32152340096163, -15.523781016785362 -51.32137933574942, -15.524103411843786 -51.32131465549969, -15.524250135273997 -51.321070949132334, -15.524932958317352 -51.32139603895291, -15.524489362643047 -51.32137446474038, -15.524435969955091 -51.32153476662292, -15.524520471464491 -51.32161676828279, -15.524702152961888 -51.32164185350111, -15.524722832860999 -51.32202997939771, -15.524543600977907 -51.3218750047356, -15.524365652431065 -51.321955946735045, -15.524342381996975 -51.32216646188484, -15.524432588067269 -51.3223660568645, -15.524385176903078 -51.32251583084107, -15.52440018555489 -51.322638846704486, -15.524933385540589 -51.32302376015371, -15.52529317069708 -51.32286197673688, -15.525335211448043 -51.322984568993576, -15.525146265229886 -51.32304339363751, -15.525118550537849 -51.32320121788718, -15.525195160355446 -51.3233624682834, -15.525288567577869 -51.323474417211834, -15.525373090789182 -51.32372612999929, -15.525531479048116 -51.323729360971285, -15.525578380785525 -51.32361930903409, -15.525457742276082 -51.3233968194113, -15.52571568709376 -51.32338743037841, -15.525819384814044 -51.323510212346946, -15.526033135117583 -51.32330577395812, -15.526151381825187 -51.323309594826895, -15.526581680359067 -51.32370610203205, -15.526892506978111 -51.32382426575485, -15.52708923241468 -51.32394756685912, -15.527186310642733 -51.32396040013999, -15.527310604345175 -51.32390958746617, -15.527506758505298 -51.32392928927103, -15.527619415585635 -51.323860834423115, -15.527656367325935 -51.32375440257768, -15.527793167125113 -51.32411446129289, -15.528010006295375 -51.324454224227885, -15.528249602862847 -51.32474926419869, -15.528437691418171 -51.32496636157723, -15.528497846419382 -51.32500440798037, -15.528708347906758 -51.324919788103166, -15.528663800568514 -51.325149576405636, -15.528767075940983 -51.325374187983776, -15.52897149861178 -51.32548827213117, -15.529198377099652 -51.325517348710385, -15.529275491975698 -51.32533488819442, -15.529544161512668 -51.325654874126286, -15.529160302224309 -51.32571040749901, -15.529052844006136 -51.325808802874676, -15.529474029787048 -51.32612846929213, -15.529585249055842 -51.32629928998294, -15.529348048201333 -51.3265867766186, -15.529327691552414 -51.3267802362333, -15.529476630832017 -51.32699802085578, -15.52941018117723 -51.3271204453491, -15.529171530861555 -51.326860184359724, -15.529008920556949 -51.326838760709244, -15.528909210623814 -51.32725990172528, -15.529039806659455 -51.32734916036336, -15.528872091082015 -51.32747832507312, -15.528819292192692 -51.32766194179069, -15.528889790524252 -51.32791830078076, -15.529046424243157 -51.32800704148787, -15.529263012334066 -51.3280251011819, -15.528877658090853 -51.328173690009464, -15.528607607919824 -51.32823769771698, -15.528556381943703 -51.328396698847726, -15.528689980289023 -51.328533706118435, -15.528861450169309 -51.328615943280475, -15.529050244661365 -51.32896340775292, -15.529340925501916 -51.32913013154483, -15.529427861818668 -51.329335510534214, -15.52913095724977 -51.329522842513796, -15.529105348460456 -51.329720302944665, -15.529318700539806 -51.329725770678266, -15.529524598412978 -51.32987958582716, -15.529558099940369 -51.33038952498957, -15.529661773149524 -51.330586352451185, -15.529790781952412 -51.330647915958686, -15.529390010216463 -51.33088795291318, -15.52933354224613 -51.331044614361, -15.529596340180714 -51.33111478397052, -15.529498741192297 -51.331389060114, -15.529676260124713 -51.33153621099372, -15.52994683034258 -51.331487687500186, -15.530009112022226 -51.33173415154719, -15.529953990015043 -51.33189715631789, -15.530017780740147 -51.332101753986805, -15.530170505572944 -51.33226359953257, -15.530529393664006 -51.33234166461293, -15.530691914041803 -51.3323623466075, -15.530873196682236 -51.33259119189064, -15.531445561083558 -51.33265206916663, -15.531841962790253 -51.332853378955505, -15.531556775268042 -51.33324223988343, -15.531472021555565 -51.333449957769886, -15.531556860259874 -51.333604889031115, -15.531779901037378 -51.333659985475556, -15.53204941667922 -51.333651466948275, -15.5324407219939 -51.33333607093395, -15.532525645104858 -51.33349501278372, -15.532306923780562 -51.333692444987555, -15.532297424897134 -51.33387585298594, -15.53255128015488 -51.333880551081556, -15.532785987278137 -51.33381350874979, -15.532738149113294 -51.33400133145564, -15.532992955615242 -51.33415401992629, -15.533239500797398 -51.33438894256855, -15.532801998332987 -51.33452401001557, -15.532947073965875 -51.334780496495036, -15.533308678668986 -51.3347357602523, -15.533666345712824 -51.33448558583018, -15.533904492396962 -51.33441593837061, -15.533994469067153 -51.33469965980403, -15.53433056143339 -51.33484530096825, -15.534916012226866 -51.33480129893146, -15.535207687598584 -51.33472651574991, -15.535209227477988 -51.33442643467906, -15.535374130204206 -51.33442595456476, -15.535560072652318 -51.33456128289696, -15.536010851939476 -51.33479243559901, -15.536541095310225 -51.33490659297215, -15.536768281800411 -51.33467205739159, -15.536875827511466 -51.33445886964023, -15.537077032241642 -51.33478380578478, -15.53741384075249 -51.33457648956719, -15.537728650715966 -51.33480593287798, -15.538007820487584 -51.334810113730455, -15.538372910018376 -51.334673155049764, -15.538548156673395 -51.33476706398074, -15.538685889847404 -51.334678695869336, -15.538875483791156 -51.33485021479358, -15.5389971101078 -51.335188174555434, -15.53876063877081 -51.33522611934415, -15.538671809482988 -51.33537788507114, -15.538830265292559 -51.33557415957152, -15.538741705994033 -51.335726578404284, -15.538412443218691 -51.33590565058036, -15.538421634387152 -51.336103641597035, -15.538646074777823 -51.33618895897046, -15.538973547576997 -51.336235463769064, -15.539092009665602 -51.33615695007768, -15.539067054549758 -51.33568383565436, -15.539370598423686 -51.33541426513092, -15.53933353368239 -51.33565069584078, -15.539366248647031 -51.335836975901756, -15.539455717465106 -51.33585922188791, -15.540257879788859 -51.33557320622957, -15.540513181664906 -51.33551822660214, -15.540579985633588 -51.335819638312486, -15.540769776576333 -51.33609858886254, -15.540764445484614 -51.33627464387849, -15.541084046283936 -51.33632542628092, -15.541335902384699 -51.336455178588665, -15.541228024009166 -51.33676656600022, -15.541139606273845 -51.33688494848877, -15.541168213813279 -51.33709612255448, -15.54139630536817 -51.337039981303285, -15.541577661267258 -51.33680322341563, -15.541600405293444 -51.33653226299695, -15.542023279551985 -51.336919303344295, -15.542000022303625 -51.33705252637752, -15.54213555256621 -51.33716390629289, -15.54234830530196 -51.337206216961164, -15.542395230277224 -51.33702621830674, -15.54221643359596 -51.336712032292276, -15.542550820259036 -51.33690785108889, -15.542738466622053 -51.3371693631372, -15.54299341349108 -51.33716940479278, -15.54316503285532 -51.337033158430465, -15.543165745077365 -51.33715868099217, -15.543192154334674 -51.337329194342246, -15.543256563365054 -51.337775991402694, -15.54328400647753 -51.33792048838862, -15.543609155657252 -51.338008025663726, -15.54372423641007 -51.33818950176362, -15.5436585555276 -51.33845498581343, -15.543513802560293 -51.338639394902806, -15.543536038212228 -51.33881885439162, -15.543752246490937 -51.33890668134226, -15.544031446018096 -51.33883244017857, -15.544281061837925 -51.33888936112504, -15.544428635684792 -51.33928136952033, -15.544503195714075 -51.33953290896503, -15.544748545616907 -51.33954189041208, -15.544951473823573 -51.33921200365566))"
GO-5212204-F3A12BE84DF7404989ED34657671EADE,Jussara,GO,"POLYGON ((-51.34277570748238 -15.87000142367152, -51.33873112626653 -15.87184308160852, -51.33626973858353 -15.87157028311575, -51.33600724450294 -15.87301950534945, -51.33382718784743 -15.87286367720631, -51.33376995717363 -15.87554659482428, -51.33378144926974 -15.8755484755839, -51.33364436799893 -15.88090647860651, -51.33366741431022 -15.88179854924123, -51.33353517430757 -15.88709235499706, -51.33341025647539 -15.89104871213339, -51.33279511452125 -15.90467785470977, -51.33274516579086 -15.9064007560089, -51.33247093361656 -15.91160409361053, -51.33239568247348 -15.91447506919921, -51.33247124491789 -15.91452096834761, -51.33683342345769 -15.91227924883096, -51.33756584634704 -15.91182147635907, -51.34597864513291 -15.91211924202077, -51.34609449457661 -15.91201274177338, -51.34610922874133 -15.91156042896761, -51.35166563869448 -15.90596279443924, -51.35186174620868 -15.90570464407069, -51.35757239600852 -15.90647725869486, -51.36051104753797 -15.90753389290019, -51.36110323928385 -15.90899689810533, -51.36599912610265 -15.91164660962951, -51.36741103665037 -15.91144677125746, -51.36862103064742 -15.91261588558081, -51.37252166337998 -15.91526569503385, -51.37605081127934 -15.91428159463092, -51.37675933940589 -15.91337930972881, -51.37703138650692 -15.91207521898227, -51.38328460121044 -15.91988427303448, -51.38335071225387 -15.92011215253473, -51.38717450535684 -15.91954175485557, -51.38682135160201 -15.91753887247465, -51.38252027266626 -15.91301751340824, -51.38294947375825 -15.91080485571512, -51.3863431223964 -15.90810922430025, -51.38526989188576 -15.90795718429253, -51.38371356378619 -15.90493813310777, -51.38636873729733 -15.90332440303977, -51.3875328787133 -15.90325252691564, -51.38888899008136 -15.90366431836371, -51.38781628475194 -15.90114254746596, -51.3827942542067 -15.90026401176122, -51.38219050377726 -15.90115799450581, -51.38100370570204 -15.90442356153654, -51.38031359396429 -15.90416305963626, -51.37929555438173 -15.9044855099489, -51.37820177067663 -15.90447016027815, -51.37685501520043 -15.9052616447106, -51.37586175539221 -15.90560283971073, -51.37561993920317 -15.90618229401206, -51.3758187813437 -15.90680934771454, -51.37539967018831 -15.90714746185393, -51.37377601072707 -15.90855921414765, -51.36820658318614 -15.90593234367184, -51.36960998841915 -15.89306661393631, -51.36755449088437 -15.89439923143723, -51.3665853333364 -15.89492738740112, -51.36123656034788 -15.89722721875516, -51.36125661867093 -15.89700316512949, -51.36467655839632 -15.87555837664875, -51.36530878947051 -15.87159862037658, -51.36526748861053 -15.87138226344451, -51.36442345133301 -15.87162217122155, -51.36162938259891 -15.87205898731744, -51.35696339097179 -15.8712322145814, -51.35418169503876 -15.87057810127221, -51.34801554005496 -15.87058267792135, -51.34277570748238 -15.87000142367152))"
GO-5212204-F9D8CEEE683C4CF0AA64F517381CE6A0,Jussara,GO,"POLYGON ((-51.4409329360192 -15.698577185602893, -51.44033250415586 -15.693228057970918, -51.439933412476975 -15.693201631500623, -51.4394923438378 -15.689270270287915, -51.43594541699998 -15.687838970783377, -51.43424234381021 -15.690312615803654, -51.41545915587437 -15.68614659000155, -51.41684132965685 -15.705456290506893, -51.432923369982255 -15.707420503806809, -51.438506032320575 -15.708102067242852, -51.44000171954441 -15.707120370554602, -51.44299873064759 -15.70595439170273, -51.44391060396996 -15.70542678782382, -51.446126727640305 -15.70414452636762, -51.44690787775797 -15.698459350777394, -51.4438956511888 -15.698518776829927, -51.44195219057918 -15.698557095929702, -51.441852557819445 -15.69855905991726, -51.4409329360192 -15.698577185602893))"
GO-5212204-FD40D8C25F054CC0AC3449EBFAE863CB,Jussara,GO,"POLYGON ((-51.33949756622314 -15.783271600936628, -51.33790969848633 -15.786885084776053, -51.3370943069458 -15.790973405945875, -51.33625326632572 -15.79563361393378, -51.33593559265137 -15.798509741370609, -51.34003400802612 -15.793616317142428, -51.33962129897013 -15.79329600819242, -51.33920965740406 -15.79307283512648, -51.340227127075195 -15.791819967191795, -51.33985206428421 -15.79116871422955, -51.34084428427335 -15.7906140442355, -51.34124945294479 -15.79029442219, -51.3417204922925 -15.78971010022511, -51.34220790537043 -15.78937003494052, -51.34293680703218 -15.78875130662728, -51.34328782747311 -15.78811510541168, -51.342983031323 -15.78769691094151, -51.34253087568782 -15.78757051494871, -51.34231089945732 -15.78742942168221, -51.34240538028616 -15.78713571813021, -51.34234177626232 -15.78695581104599, -51.34204170767975 -15.78677942701588, -51.34208282330206 -15.78606933729914, -51.34201726798001 -15.7856624809568, -51.34163233581246 -15.78482179535586, -51.34137390969918 -15.78460865927123, -51.34099402317142 -15.78437364478303, -51.34088599317671 -15.78377567912385, -51.34042024612427 -15.783560682014485, -51.33994817733765 -15.783498736103937, -51.33949756622314 -15.783271600936628))"
GO-5212204-FE9378475EAB41548AD312054603D2A9,Jussara,GO,"POLYGON ((-51.25847339630127 -15.955428693014431, -51.257829666137695 -15.953530628984485, -51.25369816782401 -15.95611542991016, -51.25280322826359 -15.95579424789436, -51.25192014024694 -15.95530571921754, -51.25097920116277 -15.95407171071609, -51.25075711250876 -15.95419600822209, -51.25064490691854 -15.95417417581085, -51.25031077612932 -15.95451805142695, -51.24997592553342 -15.95494804540342, -51.24967575073242 -15.955304906777824, -51.24921172042446 -15.95593127575825, -51.24989257188833 -15.95650592928346, -51.251091957092285 -15.957739355395667, -51.25145189089355 -15.95767880527956, -51.25180461028825 -15.95784943506901, -51.25219083574719 -15.95816259912359, -51.25291276438224 -15.95872758337855, -51.25396928239791 -15.95878649283158, -51.25688552856445 -15.957904401689039, -51.25847339630127 -15.955428693014431))"
GO-5212204-FF2B860A5A8E4683AC9980742FD4017B,Jussara,GO,"POLYGON ((-51.3969900511625 -15.723802938060214, -51.395580406171504 -15.72558972905954, -51.400515976559944 -15.726019551124795, -51.40135034124488 -15.720935747340476, -51.39945415268045 -15.720650292135593, -51.398585073143 -15.721781124016543, -51.39789805504563 -15.722651978839005, -51.3969900511625 -15.723802938060214))"
GO-5212204-FFA9CF9AB45940F9BFA6ABCCF2A34EC0,Jussara,GO,"POLYGON ((-51.453649651837104 -15.727427800744298, -51.45397196825009 -15.725876754942462, -51.454440529799946 -15.723611069841901, -51.4497477693505 -15.723085597565017, -51.448858457487106 -15.72299476392592, -51.44824819258341 -15.72557813826638, -51.44818902422763 -15.725837176929202, -51.447177838838435 -15.730121147363164, -51.45052796154291 -15.730466831290606, -51.452964486278724 -15.73072486216235, -51.45348336769631 -15.728227980007922, -51.453649651837104 -15.727427800744298))"
GO-5212204-FFF0D6BB370744B6ADC11130F3424BAA,Jussara,GO,"POLYGON ((-51.3939660497213 -15.75166826485095, -51.38939995741393 -15.74607139709991, -51.38596985524231 -15.7440104041767, -51.38322903758829 -15.75958941710393, -51.38298977131257 -15.76097688533524, -51.38257833477455 -15.76210314295194, -51.38284894145943 -15.76203938438582, -51.38296081313534 -15.76195782377242, -51.3843163436742 -15.76296796495714, -51.3939660497213 -15.75166826485095))"
GO-5219258-021D6EEAC0FE4976868FEBAAD4C9056C,Santa Fe de Goias,GO,"POLYGON ((-51.39768133126898 -15.659477138346016, -51.39784967143026 -15.659713908114952, -51.402486941857354 -15.660355026208203, -51.403286818108256 -15.664816568295436, -51.43049555345745 -15.668748612215754, -51.43058455735313 -15.668763815076975, -51.43073326578736 -15.668429223614627, -51.43072761362683 -15.667896054132308, -51.43058390580647 -15.667726719193729, -51.43095737606817 -15.66728807252155, -51.4311351200207 -15.667139865542127, -51.43141864779303 -15.666772986756516, -51.431614979201534 -15.666309654789565, -51.43164585626415 -15.66575898323132, -51.43161671488784 -15.665465279152773, -51.43153802275576 -15.665200990992966, -51.43151501907512 -15.664772815646204, -51.43155347628306 -15.664125920236902, -51.43187946431348 -15.663568130624904, -51.43164726176203 -15.663095083819728, -51.43243030871689 -15.662705892315406, -51.4320471404661 -15.661996328312764, -51.43208145026733 -15.661787841244339, -51.43210634908018 -15.661359146452495, -51.432337581657144 -15.661069512138285, -51.43285284209269 -15.660696062718621, -51.43279543409575 -15.660494012756075, -51.43262790260056 -15.659691955128075, -51.43250545251215 -15.659446268481753, -51.43269518792373 -15.65920491960592, -51.43282819877102 -15.658656170403669, -51.43298248464579 -15.658392000796168, -51.43305076570975 -15.658001777772148, -51.433252230594185 -15.657580155963458, -51.43326967173187 -15.657426189057134, -51.43326767493961 -15.656996471395665, -51.43316359122909 -15.65678761584067, -51.43332421934441 -15.65649651087233, -51.43360727954867 -15.656319236462583, -51.43394529302706 -15.656573997338075, -51.43409738417656 -15.656102433432048, -51.434373147814085 -15.655280513237095, -51.43432680039082 -15.655274719742339, -51.426997813274184 -15.653867739740578, -51.403647441448484 -15.648806671498406, -51.403647439700386 -15.648806674624707, -51.394596474767624 -15.646850646510236, -51.39459644926937 -15.646850639920785, -51.392403249516676 -15.646377113318119, -51.387461540713716 -15.645310076178706, -51.387118458853976 -15.645098491912595, -51.38161300498636 -15.647152717303905, -51.38019320278234 -15.647178904379043, -51.37664284837414 -15.646781787617769, -51.37282637832443 -15.644922812750636, -51.37230983678629 -15.644932396491765, -51.37164698738631 -15.645095328664622, -51.37090562126473 -15.645044266394198, -51.37002188715466 -15.645231533710056, -51.36920601834863 -15.644846507076808, -51.3683486588727 -15.64427730972482, -51.36797796721923 -15.64387538365481, -51.36816608450602 -15.643116674385018, -51.367641013337824 -15.642663023628547, -51.3669215028758 -15.642122473736753, -51.36624734251302 -15.641756680872673, -51.36518961589689 -15.640934642515651, -51.36413097270642 -15.64067642355209, -51.36337975083277 -15.64012721725606, -51.362757292785226 -15.639418473632624, -51.361906975662414 -15.638793584699284, -51.36097006678768 -15.638750070434606, -51.35992180049096 -15.639215239235844, -51.35911238753384 -15.639346207583069, -51.358333006249644 -15.639085767095919, -51.35732770150649 -15.639607926499496, -51.356410865669766 -15.639488003529431, -51.3559531693838 -15.639794055612219, -51.355541149220194 -15.640153281626239, -51.355551436305234 -15.640356451571654, -51.35628089681767 -15.654756456033788, -51.35629452820778 -15.655025543892279, -51.356297473576014 -15.65502511176173, -51.35696348704273 -15.65492739634717, -51.3569812483576 -15.65492478862854, -51.35790838154608 -15.654729177549722, -51.357908455472725 -15.65472920751791, -51.358496890561476 -15.654967744879897, -51.359469132760026 -15.655587762045144, -51.360157138915916 -15.656221332822788, -51.361212660460154 -15.657033831919032, -51.362036190350146 -15.657537441273336, -51.36294366266748 -15.657935161187991, -51.36425389281632 -15.658477968645098, -51.36517167466299 -15.659175319662987, -51.365852220310224 -15.659632033226426, -51.3664854412062 -15.66023414134584, -51.366383072154505 -15.660385316646739, -51.362075824121426 -15.666745751465118, -51.3725081218705 -15.67538866723425, -51.37828177959937 -15.672127624300636, -51.377040405885296 -15.67031624414003, -51.37649640107993 -15.669522433886852, -51.37205554489632 -15.66304206161814, -51.3714493733385 -15.662157461068809, -51.37128587425078 -15.661918861332953, -51.37317728497945 -15.66143274740892, -51.373177787769166 -15.661432651766807, -51.37436835975888 -15.661200775271523, -51.37436887338158 -15.661200668934733, -51.37502229469802 -15.660807666961231, -51.37614270940996 -15.660713546240313, -51.37614293487837 -15.660713460259768, -51.376788983161 -15.66046709380189, -51.37773676085245 -15.660099247984308, -51.378739664816166 -15.659642262692083, -51.37961946503204 -15.659064352227437, -51.3806104660034 -15.65868068925565, -51.38148071003854 -15.65822161620832, -51.38187646865842 -15.657978203649746, -51.38211250305174 -15.657833573960607, -51.38224124908446 -15.65777158977678, -51.382389939607364 -15.657711718728736, -51.38239022239877 -15.657711728006213, -51.382627487182596 -15.657750928377991, -51.3828635215759 -15.657750928378002, -51.383121013641336 -15.657750928377995, -51.38324975967405 -15.657750928377995, -51.3833768822547 -15.657744094889662, -51.3835339566702 -15.657765472042009, -51.39757040842856 -15.659675518551285, -51.39768133126898 -15.659477138346016))"
GO-5219258-6D5094743E1043679D24C466E4814A0D,Santa Fe de Goias,GO,"POLYGON ((-51.40327667 -15.66481611, -51.40478944 -15.673275, -51.40892333 -15.68379083, -51.40929417 -15.68473417, -51.40964610999999 -15.68436889, -51.40977917 -15.68435, -51.40987333000001 -15.68423944, -51.41007750000001 -15.68407361, -51.41037194 -15.68399472, -51.41046167 -15.68388889, -51.41054556 -15.6835875, -51.41079111 -15.68361639, -51.41085 -15.68352917, -51.41102389 -15.68355806, -51.41114917000001 -15.68359722, -51.41123667 -15.68346444, -51.41151611 -15.68329889, -51.41202861 -15.68346611, -51.41203083000001 -15.68336083, -51.41233861 -15.68336917, -51.41251943999999 -15.6831075, -51.41260167 -15.68274917, -51.41298417000001 -15.68305028, -51.41343667 -15.68328556, -51.41363694 -15.68328667, -51.41400056 -15.68333194, -51.41428722 -15.68331472, -51.41460306 -15.6833775, -51.41518861 -15.68323833, -51.41580222 -15.68337694, -51.41640083 -15.68338861, -51.41704944 -15.68365056, -51.41938056 -15.67931611, -51.41945056000001 -15.67915278, -51.41956111 -15.67907028, -51.41959028000001 -15.67891778, -51.41973806 -15.67882472, -51.41969305999999 -15.67873833, -51.41953306 -15.67859028, -51.41966667 -15.67851139, -51.41964556 -15.67843, -51.41944222000001 -15.6782425, -51.41946750000001 -15.67811611, -51.41960139 -15.6781225, -51.41996639 -15.67795583, -51.41995333 -15.67789361, -51.42018028 -15.67785472, -51.42031944000001 -15.67804472, -51.42044111 -15.67794806, -51.42008556 -15.67766528, -51.42017556 -15.67765194, -51.420495 -15.67720861, -51.42075111 -15.67733111, -51.42104167 -15.67733333, -51.42109582999999 -15.67725889, -51.42086250000001 -15.67710083, -51.42112278 -15.67683139, -51.42127556 -15.67678917, -51.42149916999999 -15.67698694, -51.42166028 -15.67701889, -51.42170833 -15.6769, -51.42147889 -15.67674722, -51.42190528 -15.67646611, -51.42207167 -15.67643972, -51.42223083 -15.6763275, -51.42227528 -15.67607528, -51.42254083 -15.67590972, -51.42263444 -15.67567167, -51.42289444 -15.67566722, -51.42316917 -15.67548111, -51.42359278 -15.67553472, -51.42364778 -15.67524222, -51.42377611 -15.67516917, -51.42428 -15.67541111, -51.42465444 -15.67585306, -51.42480194 -15.67579667, -51.42506111000001 -15.67584861, -51.42520917 -15.67574972, -51.42535972 -15.67571389, -51.42533 -15.67543111, -51.42553389 -15.67549083, -51.42571806000001 -15.67539194, -51.42569889 -15.67518722, -51.42599750000001 -15.67516028, -51.42587722 -15.67483722, -51.42611861 -15.674905, -51.42624916999999 -15.6747325, -51.42651722 -15.67474611, -51.42655749999999 -15.67466167, -51.42646194 -15.67454583, -51.42651389 -15.67422333, -51.426925 -15.67413417, -51.42692361 -15.67405944, -51.426785 -15.67395639, -51.42710361000001 -15.67348861, -51.42723500000001 -15.67342306, -51.42737583 -15.67350056, -51.42768389 -15.67336889, -51.42790861000001 -15.67297194, -51.42804278 -15.67264917, -51.42839556 -15.67231028, -51.42872861 -15.6724175, -51.42889667000001 -15.67244083, -51.42883306 -15.67233806, -51.4287675 -15.67217333, -51.42878666999999 -15.67198056, -51.4290175 -15.67176944, -51.42941611 -15.67147111, -51.42941194 -15.67145056, -51.42923166999999 -15.67145444, -51.42916027999999 -15.67131028, -51.42935000000001 -15.67103722, -51.42951167 -15.67103694, -51.42958360999999 -15.67073889, -51.42951083 -15.670605, -51.43002444 -15.67047667, -51.43003083 -15.67019056, -51.43013778000001 -15.66985944, -51.43032943999999 -15.66968861, -51.43030972 -15.66953278, -51.43045028 -15.6693825, -51.43047360999999 -15.66927139, -51.43032972 -15.6692175, -51.43043166999999 -15.66889833, -51.43053861 -15.66900972, -51.43068611 -15.66896861, -51.43053056 -15.66875472, -51.42604333 -15.66810639, -51.40328611 -15.66481861, -51.40327667 -15.66481611))"
GO-5219258-782BD54A308C45BEA6E4184FDA795ED5,Santa Fe de Goias,GO,"POLYGON ((-51.37687683105469 -15.615679993368976, -51.3870906829834 -15.6033628980599, -51.377992630004876 -15.58988764480508, -51.3651180267334 -15.593277208954685, -51.37687683105469 -15.615679993368976))"
GO-5219258-790AA7BBD80648C79EF9210095176353,Santa Fe de Goias,GO,"POLYGON ((-51.38626287577289 -15.709049459274626, -51.386003500902625 -15.708770083275597, -51.38765787121409 -15.705963068765524, -51.38023555318619 -15.70026668122746, -51.37671092189291 -15.70206041722898, -51.373667224606145 -15.698284308249134, -51.366746272421594 -15.703201586806342, -51.36986005745921 -15.709626933488938, -51.373817113771615 -15.71782914685376, -51.38189328382543 -15.712334464969071, -51.383272973788955 -15.712670704607184, -51.385375853053965 -15.712538810413202, -51.38715811185208 -15.712344362066625, -51.38816000508267 -15.712294398138164, -51.38814682521119 -15.712522241495812, -51.38806555892082 -15.712683396732551, -51.38810274054826 -15.712800856821584, -51.387991580522836 -15.713046051143872, -51.38810688995238 -15.7131684350887, -51.38818594059982 -15.713364924888651, -51.3879663860871 -15.713541694632703, -51.38795537618877 -15.713592702457031, -51.388032271577295 -15.713686044340184, -51.387807821626 -15.71453118475751, -51.38775012345471 -15.714767785958841, -51.38768406432303 -15.714926382712374, -51.38780869118443 -15.715089251548207, -51.38769228030356 -15.715470423717525, -51.387800697202174 -15.715599600362244, -51.387797837205085 -15.715765136469916, -51.38770012759788 -15.716214169353433, -51.387560547880334 -15.716189284612415, -51.387566406317305 -15.716424597674042, -51.387550564887135 -15.716635268758834, -51.38744616880492 -15.716707687375575, -51.387494842028666 -15.717028447309138, -51.38747856140788 -15.717352396250988, -51.3871841673406 -15.717341527469136, -51.38693356759653 -15.717786491617332, -51.38709320227347 -15.718002185505279, -51.38706733262993 -15.718289989523214, -51.38714295835209 -15.718352777114768, -51.38708755870031 -15.718522474546809, -51.387216093042284 -15.718628381747592, -51.387132056325335 -15.71880680882254, -51.3868839667345 -15.718703915998146, -51.38695687015659 -15.718857203572822, -51.38668265282917 -15.718955145655071, -51.386464955418774 -15.718883297743698, -51.386385324186676 -15.719121564654571, -51.38650914444018 -15.719202348102707, -51.386298464911164 -15.719486501302445, -51.3862744309151 -15.71941205035614, -51.38601346119964 -15.719556978619204, -51.38597129454212 -15.71981552019435, -51.386046782135516 -15.720002976468889, -51.3858769722782 -15.720183001197976, -51.385569872373274 -15.720266896902611, -51.38520130358158 -15.720619673807688, -51.38523137622173 -15.720728920021033, -51.38518864650541 -15.721135364512868, -51.38525307189782 -15.721247443051062, -51.38524636120235 -15.721401323675083, -51.385250763755074 -15.721757058350729, -51.384998535663236 -15.722085581936897, -51.38505106044894 -15.722122916835206, -51.385002656324524 -15.72239087128815, -51.38484881443612 -15.722377762670307, -51.384782144174466 -15.722710298220898, -51.38468396459711 -15.722914243415449, -51.38452281790081 -15.722937942155147, -51.384547834933365 -15.723237770413133, -51.38410219283099 -15.723456972757736, -51.38396604176965 -15.723670205729247, -51.38382587774648 -15.724033246230201, -51.38352290186342 -15.72412987897005, -51.383495319453345 -15.724253691442456, -51.3833951171902 -15.724325558384917, -51.383529617657175 -15.724576014266573, -51.383363047634255 -15.72474482121562, -51.38334643307752 -15.724943921497644, -51.383422492670064 -15.725137977139381, -51.38373160028367 -15.725473558467574, -51.383744481906255 -15.725772956078774, -51.38382484027929 -15.725969444918956, -51.38390755160582 -15.726076700182304, -51.383948355829006 -15.726184661972864, -51.384037948486274 -15.726278163567171, -51.383963979035464 -15.726502406866777, -51.38416302540512 -15.726678616877866, -51.38423238367334 -15.726782550534228, -51.384241984749664 -15.72707417903941, -51.38444031832217 -15.727268018933414, -51.384339872818 -15.727608659757937, -51.384444180357264 -15.727883215741752, -51.38472119338002 -15.727974669075117, -51.3847534880737 -15.728173140724406, -51.38457092202279 -15.728622321560902, -51.38463007715313 -15.72895861294335, -51.384565587322655 -15.72911151043498, -51.38456309434777 -15.729473766181508, -51.38455645633113 -15.729865410724804, -51.38446684821912 -15.730062831524426, -51.384624577156956 -15.730303572270772, -51.38450493536974 -15.730562249949344, -51.38444957051584 -15.73090235928134, -51.38457705516645 -15.730992539230918, -51.384537516977275 -15.731112033415174, -51.38464371320632 -15.731248085978299, -51.38454435186449 -15.731371663421188, -51.384695575129484 -15.731676421994706, -51.38486778400157 -15.731873200328073, -51.384979179295044 -15.731944423433136, -51.38501072308283 -15.73204091988732, -51.385172114470016 -15.732093883330815, -51.38531302311334 -15.732273630076591, -51.38514550150142 -15.732732819615073, -51.38540665832721 -15.733074630204099, -51.385403686126956 -15.733429383065532, -51.385470726232946 -15.733688544974276, -51.38545471044603 -15.734105609619647, -51.38542068387092 -15.734574417491267, -51.38556130869581 -15.734949257571197, -51.385730511410635 -15.73508438448653, -51.390753891517605 -15.730402884869182, -51.39199392267877 -15.729242759054337, -51.39416096388423 -15.72720421055964, -51.394864935260934 -15.726487385895863, -51.395580406171504 -15.72558972905954, -51.398585073143 -15.721781124016543, -51.393113316945026 -15.716397053478687, -51.390597339241964 -15.713698148003107, -51.390329480805626 -15.713410917522811, -51.38817232110466 -15.711101937703848, -51.3879808853099 -15.710896878223453, -51.38763384329326 -15.710525179546744, -51.38626389139224 -15.709050552280795, -51.38626287577289 -15.709049459274626))"
GO-5219258-803E3D97C5A8498CBB0C2DFE0F2EB8E7,Santa Fe de Goias,GO,"POLYGON ((-51.377320273174554 -15.644978152473188, -51.376991439781115 -15.644974106205428, -51.37282637832445 -15.644922812758177, -51.37230983678631 -15.644932396499309, -51.371646987386335 -15.64509532867216, -51.370905621264754 -15.645044266401758, -51.370021887154685 -15.645231533717594, -51.36920601834865 -15.644846507084353, -51.36834865887272 -15.644277309732365, -51.36797796721925 -15.643875383662355, -51.36816608450605 -15.64311667439255, -51.367641013337845 -15.642663023636088, -51.366921502875826 -15.642122473744294, -51.36624734251305 -15.6417566808802, -51.36518961589692 -15.640934642523181, -51.364130972706434 -15.64067642355962, -51.363379750832785 -15.640127217263585, -51.362757292785254 -15.639418473640152, -51.36190697566244 -15.638793584706827, -51.3609700667877 -15.638750070442134, -51.35992180049097 -15.639215239243368, -51.35911238753387 -15.639346207590606, -51.35833300624967 -15.639085767103428, -51.35732770150651 -15.639607926507027, -51.35641086566979 -15.639488003536954, -51.35595316938383 -15.639794055619747, -51.35554114922022 -15.640153281633758, -51.35555143630526 -15.64035645157918, -51.3562808968177 -15.654756456041367, -51.356294528207805 -15.65502554389985, -51.356297473576035 -15.655025111769309, -51.356963487042755 -15.654927396354745, -51.35698124835762 -15.654924788636116, -51.3579083815461 -15.654729177557302, -51.35790845547274 -15.654729207525481, -51.35849689056149 -15.654967744887465, -51.359469132760054 -15.655587762052717, -51.360157138915945 -15.656221332830384, -51.361212660460176 -15.657033831926611, -51.36203619035017 -15.657537441280935, -51.3629436626675 -15.657935161195583, -51.36425389281635 -15.658477968652678, -51.365171674663 -15.659175319670583, -51.36585222031025 -15.65963203323402, -51.36648544120622 -15.660234141353438, -51.36638307215453 -15.660385316654333, -51.362075824121455 -15.666745751472726, -51.37250812187052 -15.67538866724189, -51.3782817795994 -15.67212762430826, -51.37704040588531 -15.67031624414766, -51.376496401079955 -15.66952243389447, -51.372055544896334 -15.663042061625742, -51.371449373338514 -15.662157461076406, -51.371285874250795 -15.66191886134054, -51.37317728497947 -15.661432747416498, -51.37317778776919 -15.661432651774412, -51.3743683597589 -15.661200775279104, -51.374368873381606 -15.661200668942325, -51.37502229469804 -15.660807666968807, -51.37614270940999 -15.660713546247901, -51.37614293487839 -15.660713460267358, -51.37678898316103 -15.660467093809482, -51.37773676085248 -15.660099247991903, -51.37873966481619 -15.659642262699675, -51.379619465032064 -15.659064352235017, -51.38061046600341 -15.658680689263237, -51.38148071003856 -15.658221616215899, -51.38187646865845 -15.65797820365733, -51.38211250305176 -15.657833573968189, -51.38224124908447 -15.657771589784373, -51.38238993960738 -15.657711718736318, -51.38239022239878 -15.657711728013792, -51.38262748718262 -15.65775092838558, -51.38286352157593 -15.65775092838558, -51.38312101364136 -15.65775092838558, -51.383249759674065 -15.65775092838558, -51.383376882254716 -15.657744094897243, -51.38353395667022 -15.65776547204959, -51.39757040842858 -15.659675518558878, -51.40034031367 -15.654721675254251, -51.401289176068275 -15.653024618295792, -51.403647445354274 -15.648806675854138, -51.39459647476765 -15.646850646517791, -51.3945964492694 -15.646850639928333, -51.392403249516704 -15.64637711332567, -51.387461540713744 -15.645310076186254, -51.38711845885399 -15.645098491920134, -51.377320273174554 -15.644978152473188))"
GO-5219258-D8B970A69F30415F9FDEE84663A2210B,Santa Fe de Goias,GO,"POLYGON ((-51.397091747194736 -15.606501429706324, -51.39495738146983 -15.606106120652337, -51.387763522848275 -15.604773570719535, -51.38533536222152 -15.607664900267753, -51.38404017179406 -15.6066656360356, -51.37676545632125 -15.615327909476958, -51.36896035827662 -15.624593546894179, -51.36820426515377 -15.623202298310813, -51.35952266436562 -15.63889075917739, -51.35940802674275 -15.639097903536712, -51.3601968179865 -15.638800612661802, -51.36056626203895 -15.638764919248928, -51.36092288149987 -15.63828963108266, -51.367262035446345 -15.629840499504873, -51.37236253503527 -15.631908763914122, -51.37568618287621 -15.633267498464296, -51.378046462834554 -15.632968722502346, -51.37991797090622 -15.632082300852591, -51.383574515618385 -15.633700000588798, -51.38453183282434 -15.636051008028893, -51.38702750264308 -15.637450397677197, -51.38899729270711 -15.639346871934547, -51.38711845885399 -15.645098491920134, -51.387461540713744 -15.645310076186254, -51.3945964492694 -15.646850639928333, -51.39808443645103 -15.628721714711244, -51.40076137460544 -15.62568322904627, -51.41437571816323 -15.628122594803907, -51.415670026111194 -15.622345958784992, -51.41800729465824 -15.609645696063325, -51.40586015675158 -15.608125205285383, -51.397091747194736 -15.606501429706324))"
GO-5219258-E7F86639E6404DC4AD9B8DBFAFFB112B,Santa Fe de Goias,GO,"POLYGON ((-51.42046312 -15.72382634, -51.41954518 -15.71153013, -51.41909528 -15.70579863, -51.41677076 -15.70570688, -51.41677628 -15.70561954, -51.41638123 -15.69997326, -51.41626164 -15.69829748, -51.41558629 -15.68905426, -51.41557112 -15.6888884, -51.41537866 -15.6863832, -51.41513697 -15.68615412, -51.41141356 -15.68527889, -51.41130741 -15.68525559, -51.40926931 -15.68477475, -51.40905808 -15.68493697, -51.40898288 -15.68499045, -51.4089288 -15.68496524, -51.40879887 -15.68490464, -51.40882071 -15.68373602, -51.40470767 -15.6732879, -51.402546 -15.67620346, -51.40234571 -15.67647251, -51.40214524 -15.67674157, -51.39819963 -15.68204542, -51.39153495 -15.68192329, -51.38777983 -15.68185395, -51.38589885 -15.68270572, -51.38578594 -15.68280645, -51.38572911 -15.68285682, -51.38552422 -15.68347447, -51.38691488 -15.68834466, -51.38812577 -15.69291483, -51.38814928 -15.69300999, -51.3892355 -15.69711723, -51.38930337 -15.69737548, -51.38936015 -15.69759109, -51.38941683 -15.69780669, -51.38952954 -15.69823519, -51.39035202 -15.70137665, -51.38891227 -15.70383461, -51.38765787 -15.70596307, -51.3860035 -15.70877008, -51.38747747 -15.71035769, -51.38798089 -15.71089688, -51.388063 -15.71098488, -51.38817232 -15.71110194, -51.39026701 -15.71334377, -51.39032948 -15.71341092, -51.39059724 -15.71369811, -51.39311574 -15.71639597, -51.39858507 -15.72178112, -51.39945415 -15.72065029, -51.40135034 -15.72093575, -51.40213561 -15.72105391, -51.41487738 -15.72297204, -51.41491745 -15.72298616, -51.42012975 -15.72379326, -51.42046287 -15.72384108, -51.42046312 -15.72382634))"
GO-5207600-E22FF9A4A75344D3994CB002B90B6686,Fazenda Nova,GO,"MULTIPOLYGON (((-51.2445275 -15.95345306, -51.24469 -15.95375806, -51.24507556 -15.95381611, -51.2455325 -15.95345333, -51.24612361 -15.95358833, -51.24623889 -15.95407360999999, -51.24689443999998 -15.95428694, -51.24743694 -15.95496139, -51.24810528 -15.95549361, -51.24872917 -15.95609306, -51.24938139 -15.95641667, -51.250124169999985 -15.95704472, -51.250191669999985 -15.957085, -51.25044194 -15.9573025, -51.25114889 -15.95795083, -51.25180194 -15.95793361, -51.25241389 -15.95858083, -51.252903889999985 -15.95877833, -51.25269778 -15.959528329999978, -51.25237417 -15.96001583, -51.25247028 -15.96048639, -51.25254389 -15.96056528, -51.25311111 -15.96097889000001, -51.25372138999999 -15.96116722, -51.25434278 -15.96121833, -51.25362943999998 -15.96161333, -51.2519 -15.96257111, -51.25182556 -15.962611939999984, -51.24886194 -15.9648425, -51.249165 -15.96572139, -51.25034139 -15.965881939999989, -51.2515 -15.96605028, -51.25283639 -15.96645306000001, -51.25372028 -15.96673389, -51.254485 -15.96693, -51.25566139 -15.96760222, -51.25623917 -15.96783917, -51.25713806 -15.96834222, -51.25767305999999 -15.96865333, -51.25789 -15.96888667, -51.25815639 -15.96899222, -51.25860278 -15.969338329999989, -51.25915806 -15.969769719999988, -51.2598175 -15.97023917, -51.26073805999999 -15.97075778, -51.26158583 -15.97139639, -51.26241361 -15.97187472, -51.26292056 -15.97238639, -51.26387 -15.97284611, -51.26471277999999 -15.97317917, -51.26565722 -15.973728610000014, -51.26642056 -15.97409639, -51.26781639 -15.97435111, -51.26870667 -15.97399693999998, -51.27045667 -15.972153609999989, -51.27121444 -15.97130528, -51.272335 -15.9704325, -51.27306333 -15.969865, -51.27379610999998 -15.969306389999987, -51.27456028 -15.96869639, -51.27516361 -15.96821056, -51.27567666999999 -15.96765639, -51.27618805999999 -15.9671625, -51.27690417 -15.966429439999974, -51.27774694 -15.96543972, -51.27835666999999 -15.96479694, -51.279067220000016 -15.96395417, -51.279508609999986 -15.96349611, -51.27988194 -15.963066389999982, -51.27377249999998 -15.955655, -51.27347361 -15.95530778, -51.270805 -15.95220722, -51.26923222 -15.952515, -51.25977667 -15.95436639, -51.25916721999999 -15.954079439999983, -51.257036669999984 -15.957345, -51.25772833 -15.95759861, -51.25808694 -15.95790278, -51.256987219999985 -15.957423059999988, -51.25644667000001 -15.957225, -51.2565 -15.9576725, -51.25628583 -15.95807472, -51.25340639 -15.95863028, -51.25305056 -15.95868889, -51.2528525 -15.958561669999984, -51.25231056 -15.95821611, -51.25184583 -15.95771417, -51.25102028 -15.95766889, -51.24989472 -15.95653528, -51.24897472 -15.95581944, -51.24883860999998 -15.95574917, -51.24895167 -15.95523028, -51.24853832999999 -15.954618330000018, -51.24949278 -15.95423, -51.24937333 -15.95389611, -51.24933972 -15.95380333, -51.24926528 -15.9537525, -51.24906389 -15.95384083, -51.24874667000001 -15.9539975, -51.24863778 -15.953773609999987, -51.24841278 -15.95386944, -51.24831666999998 -15.953916939999987, -51.24743833 -15.95434361, -51.24720472 -15.95420833, -51.247163329999985 -15.95358139, -51.24742194 -15.95248222, -51.24736444 -15.95243583, -51.247099169999984 -15.95355861, -51.24714139 -15.95418583, -51.2462375 -15.95345222, -51.24548139 -15.95327944, -51.24500722 -15.953618329999987, -51.2446175 -15.95324278, -51.24394444 -15.95278278, -51.24388639 -15.95274417000001, -51.24342861 -15.951563329999988, -51.24317528 -15.95177778, -51.243760559999984 -15.95297139, -51.24382444 -15.95305194, -51.2445275 -15.95345306)), ((-51.20062249999998 -15.95207722, -51.201145 -15.95459222000002, -51.20254444 -15.95385667, -51.20372222 -15.95314556, -51.20417249999998 -15.95277694, -51.20482833 -15.95255, -51.20547167 -15.952177499999985, -51.20599556 -15.95195389, -51.206685 -15.949396389999988, -51.20564139 -15.94974444, -51.20382833 -15.95046306, -51.20201332999998 -15.95139, -51.20062249999998 -15.95207722)), ((-51.24864027999999 -15.94833972, -51.24875721999999 -15.94846806, -51.24841611 -15.949291390000012, -51.24827694 -15.9500025, -51.24784083 -15.95028583, -51.24743278 -15.95163056, -51.24713443999999 -15.95216250000001, -51.24744889 -15.95237028, -51.24781333 -15.95261361, -51.24746694 -15.95164417, -51.247875 -15.95029972, -51.24831028 -15.95002417, -51.24844944 -15.949306670000011, -51.248801939999986 -15.94845556, -51.249055279999986 -15.948462779999987, -51.24929139 -15.94748944, -51.24966417 -15.947418329999987, -51.24975111 -15.94659444, -51.24972444 -15.946569169999982, -51.248851669999986 -15.947265559999982, -51.24923583 -15.94750194, -51.24864027999999 -15.94833972)), ((-51.2015875 -15.94444944, -51.20162722 -15.94503667, -51.20203582999998 -15.95130306, -51.20385082999998 -15.95037611, -51.20566417 -15.9496575, -51.20670111 -15.94933722, -51.20783750000001 -15.945116670000012, -51.20793 -15.94477306, -51.20798 -15.9445875, -51.20761610999999 -15.94436444, -51.20717166999999 -15.94433, -51.20689528 -15.9444025, -51.20683222 -15.94444639, -51.20672943999999 -15.944325, -51.206475 -15.9445725, -51.206221939999985 -15.94455806, -51.205762219999976 -15.94475667, -51.20547 -15.944840279999989, -51.205815 -15.945425280000013, -51.20501083 -15.94500472, -51.20503444 -15.94569556000001, -51.20483222 -15.94615139, -51.20442306 -15.945702499999989, -51.20349361 -15.9454025, -51.20341778 -15.944855, -51.20290389 -15.94479861, -51.20262332999999 -15.94461888999998, -51.20248889 -15.94439722, -51.20220693999999 -15.94437972, -51.20214471999998 -15.94441333, -51.20183917 -15.94454, -51.20160806 -15.94394139, -51.20157833 -15.9443325, -51.2015875 -15.94444944)), ((-51.25469194 -15.95155194, -51.25499111 -15.95177917, -51.25534083 -15.95122389, -51.25718111 -15.95015722, -51.25716278 -15.95004028, -51.257125 -15.94982722, -51.25704333 -15.94938639, -51.25728667 -15.947542779999988, -51.25697722 -15.94697139000001, -51.25688556 -15.942173329999989, -51.25543611000001 -15.942085559999986, -51.25518167 -15.94493194, -51.25497889 -15.947300829999987, -51.253833329999985 -15.94797361, -51.25424611 -15.94943083, -51.25468944 -15.95102611, -51.25468778 -15.95149833, -51.25469194 -15.95155194)), ((-51.23024222 -15.93904917, -51.23027417 -15.93905472, -51.23008944 -15.93851944, -51.23006111 -15.93852443999998, -51.22968277999998 -15.938965, -51.23024222 -15.93904917)), ((-51.25210167 -15.93821028, -51.25553028 -15.938698329999989, -51.25467332999999 -15.93672583, -51.25334306 -15.93636778, -51.25138639 -15.93584, -51.25092917 -15.935870829999988, -51.251265 -15.93651444, -51.25139249999998 -15.93660417, -51.25147416999998 -15.93672167, -51.25145055999999 -15.93685833, -51.25153917 -15.93702472, -51.25152139 -15.93746722, -51.25139611 -15.93767056, -51.25155694 -15.93813639, -51.25210167 -15.93821028)), ((-51.237401939999984 -15.92821139, -51.23735417 -15.92892306, -51.23773389 -15.92871167, -51.23850611 -15.92913722, -51.23877722 -15.92947639, -51.23902028 -15.929596939999982, -51.23924667 -15.92970472, -51.23959972 -15.9302675, -51.23994083 -15.93047917, -51.240395 -15.93119778, -51.24056361 -15.93217556, -51.23980221999999 -15.93359972, -51.23990667 -15.93366361, -51.23981556 -15.933974169999985, -51.24066333 -15.93424111, -51.24100306 -15.93421806, -51.24122389 -15.932544439999987, -51.24132944 -15.93183611, -51.24180611 -15.93125638999998, -51.24225583 -15.93118806, -51.24273806 -15.93085972, -51.24305111 -15.93084667, -51.243351109999985 -15.93087167, -51.243559719999986 -15.93087139, -51.24396417 -15.93098444, -51.24431639 -15.93098389, -51.24464249999998 -15.93102139, -51.24490360999999 -15.93110944, -51.24511222 -15.93115972, -51.245373059999984 -15.93108361, -51.24573611 -15.93106333, -51.24613583 -15.931297499999989, -51.24703861 -15.931826939999986, -51.24768943999999 -15.93103528, -51.24806221999999 -15.927458610000015, -51.24651556000001 -15.92771111, -51.24655666999998 -15.92810306, -51.24612722 -15.928636109999989, -51.24521722 -15.928804720000015, -51.24452361 -15.92866917, -51.24397028 -15.928817780000015, -51.243745 -15.9290275, -51.24346444 -15.929548890000014, -51.24364444 -15.928805559999986, -51.2437875 -15.92829278, -51.2440475 -15.92722389, -51.24408694 -15.92664111, -51.24438778 -15.92634917, -51.24415111 -15.92569111, -51.24388528 -15.92577833, -51.23774667 -15.92777361, -51.23740278 -15.92789083, -51.237401939999984 -15.92821139)))"
"","","",POINT (-35 -10)
