{
"type": "FeatureCollection",
"name": "property_results",
"bbox": [ -51.516855, -15.97435111, -35, -10 ],                                                                                    
"features": [
{ "type": "Feature", "properties": { "property_key": "GO-5207600-E22FF9A4A75344D3994CB002B90B6686", "cod_imovel": "GO-5207600-E22FF9A4A75344D3994CB002B90B6686", "municipio": "Fazenda Nova", "cod_estado": "GO", "input_rows": "1, 118", "input_row_count": 2, "resolution_status": "resolved", "resolution_method": "id_exact", "axes_repaired": false, "matched_field_count": 2, "relevant_field_count": 2, "loss_field_count": 0, "dominant_mbmode24": 15, "dominant_class": "Pasture", "dominant_class_area_ha": 58.025, "post2020_loss_ha": 0.0, "follow_up_required": false, "assessment_status": "no_post2020_loss", "applicable_delivery_tiers": "slaughter_point", "contact_entity_id": null, "contact_entity_type": null, "contact_tier": null, "contact_evidence_basis": null, "contact_evidence_value": null, "contact_distance_m": null, "facility_override": false, "contact_selection_status": "not_applicable", "unsupported_class_field_count": 0 }, "bbox": [ -51.27988194, -15.97435111, -51.20062249999998, -15.92569111 ], "geometry": { "type": "MultiPolygon", "coordinates": [ [ [ [ -51.2445275, -15.95345306 ], [ -51.24469, -15.95375806 ], [ -51.24507556, -15.95381611 ], [ -51.2455325, -15.95345333 ], [ -51.24612361, -15.95358833 ], [ -51.24623889, -15.954073609999989 ], [ -51.246894439999977, -15.95428694 ], [ -51.24743694, -15.95496139 ], [ -51.24810528, -15.95549361 ], [ -51.24872917, -15.95609306 ], [ -51.24938139, -15.95641667 ], [ -51.250124169999985, -15.95704472 ], [ -51.250191669999985, -15.957085 ], [ -51.25044194, -15.9573025 ], [ -51.25114889, -15.95795083 ], [ -51.25180194, -15.95793361 ], [ -51.25241389, -15.95858083 ], [ -51.252903889999985, -15.95877833 ], [ -51.25269778, -15.959528329999978 ], [ -51.25237417, -15.96001583 ], [ -51.25247028, -15.96048639 ], [ -51.25254389, -15.96056528 ], [ -51.25311111, -15.96097889000001 ], [ -51.253721389999988, -15.96116722 ], [ -51.25434278, -15.96121833 ], [ -51.253629439999983, -15.96161333 ], [ -51.2519, -15.96257111 ], [ -51.25182556, -15.962611939999984 ], [ -51.24886194, -15.9648425 ], [ -51.249165, -15.96572139 ], [ -51.25034139, -15.965881939999989 ], [ -51.2515, -15.96605028 ], [ -51.25283639, -15.96645306000001 ], [ -51.25372028, -15.96673389 ], [ -51.254485, -15.96693 ], [ -51.25566139, -15.96760222 ], [ -51.25623917, -15.96783917 ], [ -51.25713806, -15.96834222 ], [ -51.257673059999988, -15.96865333 ], [ -51.25789, -15.96888667 ], [ -51.25815639, -15.96899222 ], [ -51.25860278, -15.969338329999989 ], [ -51.25915806, -15.969769719999988 ], [ -51.2598175, -15.97023917 ], [ -51.260738059999987, -15.97075778 ], [ -51.26158583, -15.97139639 ], [ -51.26241361, -15.97187472 ], [ -51.26292056, -15.97238639 ], [ -51.26387, -15.97284611 ], [ -51.264712779999989, -15.97317917 ], [ -51.26565722, -15.973728610000014 ], [ -51.26642056, -15.97409639 ], [ -51.26781639, -15.97435111 ], [ -51.26870667, -15.97399693999998 ], [ -51.27045667, -15.972153609999989 ], [ -51.27121444, -15.97130528 ], [ -51.272335, -15.9704325 ], [ -51.27306333, -15.969865 ], [ -51.273796109999978, -15.969306389999987 ], [ -51.27456028, -15.96869639 ], [ -51.27516361, -15.96821056 ], [ -51.275676669999989, -15.96765639 ], [ -51.276188059999988, -15.9671625 ], [ -51.27690417, -15.966429439999974 ], [ -51.27774694, -15.96543972 ], [ -51.278356669999987, -15.96479694 ], [ -51.279067220000016, -15.96395417 ], [ -51.279508609999986, -15.96349611 ], [ -51.27988194, -15.963066389999982 ], [ -51.273772499999978, -15.955655 ], [ -51.27347361, -15.95530778 ], [ -51.270805, -15.95220722 ], [ -51.26923222, -15.952515 ], [ -51.25977667, -15.95436639 ], [ -51.259167219999988, -15.954079439999983 ], [ -51.257036669999984, -15.957345 ], [ -51.25772833, -15.95759861 ], [ -51.25808694, -15.95790278 ], [ -51.256987219999985, -15.957423059999988 ], [ -51.25644667000001, -15.957225 ], [ -51.2565, -15.9576725 ], [ -51.25628583, -15.95807472 ], [ -51.25340639, -15.95863028 ], [ -51.25305056, -15.95868889 ], [ -51.2528525, -15.958561669999984 ], [ -51.25231056, -15.95821611 ], [ -51.25184583, -15.95771417 ], [ -51.25102028, -15.95766889 ], [ -51.24989472, -15.95653528 ], [ -51.24897472, -15.95581944 ], [ -51.248838609999979, -15.95574917 ], [ -51.24895167, -15.95523028 ], [ -51.248538329999988, -15.954618330000018 ], [ -51.24949278, -15.95423 ], [ -51.24937333, -15.95389611 ], [ -51.24933972, -15.95380333 ], [ -51.24926528, -15.9537525 ], [ -51.24906389, -15.95384083 ], [ -51.24874667000001, -15.9539975 ], [ -51.24863778, -15.953773609999987 ], [ -51.24841278, -15.95386944 ], [ -51.24831666999998, -15.953916939999987 ], [ -51.24743833, -15.95434361 ], [ -51.24720472, -15.95420833 ], [ -51.247163329999985, -15.95358139 ], [ -51.24742194, -15.95248222 ], [ -51.24736444, -15.95243583 ], [ -51.247099169999984, -15.95355861 ], [ -51.24714139, -15.95418583 ], [ -51.2462375, -15.95345222 ], [ -51.24548139, -15.95327944 ], [ -51.24500722, -15.953618329999987 ], [ -51.2446175, -15.95324278 ], [ -51.24394444, -15.95278278 ], [ -51.24388639, -15.95274417000001 ], [ -51.24342861, -15.951563329999988 ], [ -51.24317528, -15.95177778 ], [ -51.243760559999984, -15.95297139 ], [ -51.24382444, -15.95305194 ], [ -51.2445275, -15.95345306 ] ] ], [ [ [ -51.20062249999998, -15.95207722 ], [ -51.201145, -15.95459222000002 ], [ -51.20254444, -15.95385667 ], [ -51.20372222, -15.95314556 ], [ -51.204172499999977, -15.95277694 ], [ -51.20482833, -15.95255 ], [ -51.20547167, -15.952177499999985 ], [ -51.20599556, -15.95195389 ], [ -51.206685, -15.949396389999988 ], [ -51.20564139, -15.94974444 ], [ -51.20382833, -15.95046306 ], [ -51.202013329999978, -15.95139 ], [ -51.20062249999998, -15.95207722 ] ] ], [ [ [ -51.248640279999989, -15.94833972 ], [ -51.248757219999987, -15.94846806 ], [ -51.24841611, -15.949291390000012 ], [ -51.24827694, -15.9500025 ], [ -51.24784083, -15.95028583 ], [ -51.24743278, -15.95163056 ], [ -51.247134439999989, -15.952162500000011 ], [ -51.24744889, -15.95237028 ], [ -51.24781333, -15.95261361 ], [ -51.24746694, -15.95164417 ], [ -51.247875, -15.95029972 ], [ -51.24831028, -15.95002417 ], [ -51.24844944, -15.949306670000011 ], [ -51.248801939999986, -15.94845556 ], [ -51.249055279999986, -15.948462779999987 ], [ -51.24929139, -15.94748944 ], [ -51.24966417, -15.947418329999987 ], [ -51.24975111, -15.94659444 ], [ -51.24972444, -15.946569169999982 ], [ -51.248851669999986, -15.947265559999982 ], [ -51.24923583, -15.94750194 ], [ -51.248640279999989, -15.94833972 ] ] ], [ [ [ -51.2015875, -15.94444944 ], [ -51.20162722, -15.94503667 ], [ -51.202035829999978, -15.95130306 ], [ -51.203850829999979, -15.95037611 ], [ -51.20566417, -15.9496575 ], [ -51.20670111, -15.94933722 ], [ -51.207837500000011, -15.945116670000012 ], [ -51.20793, -15.94477306 ], [ -51.20798, -15.9445875 ], [ -51.207616109999989, -15.94436444 ], [ -51.207171669999987, -15.94433 ], [ -51.20689528, -15.9444025 ], [ -51.20683222, -15.94444639 ], [ -51.206729439999989, -15.944325 ], [ -51.206475, -15.9445725 ], [ -51.206221939999985, -15.94455806 ], [ -51.205762219999976, -15.94475667 ], [ -51.20547, -15.944840279999989 ], [ -51.205815, -15.945425280000013 ], [ -51.20501083, -15.94500472 ], [ -51.20503444, -15.94569556000001 ], [ -51.20483222, -15.94615139 ], [ -51.20442306, -15.945702499999989 ], [ -51.20349361, -15.9454025 ], [ -51.20341778, -15.944855 ], [ -51.20290389, -15.94479861 ], [ -51.202623329999987, -15.94461888999998 ], [ -51.20248889, -15.94439722 ], [ -51.202206939999989, -15.94437972 ], [ -51.202144719999978, -15.94441333 ], [ -51.20183917, -15.94454 ], [ -51.20160806, -15.94394139 ], [ -51.20157833, -15.9443325 ], [ -51.2015875, -15.94444944 ] ] ], [ [ [ -51.25469194, -15.95155194 ], [ -51.25499111, -15.95177917 ], [ -51.25534083, -15.95122389 ], [ -51.25718111, -15.95015722 ], [ -51.25716278, -15.95004028 ], [ -51.257125, -15.94982722 ], [ -51.25704333, -15.94938639 ], [ -51.25728667, -15.947542779999988 ], [ -51.25697722, -15.946971390000011 ], [ -51.25688556, -15.942173329999989 ], [ -51.255436110000012, -15.942085559999986 ], [ -51.25518167, -15.94493194 ], [ -51.25497889, -15.947300829999987 ], [ -51.253833329999985, -15.94797361 ], [ -51.25424611, -15.94943083 ], [ -51.25468944, -15.95102611 ], [ -51.25468778, -15.95149833 ], [ -51.25469194, -15.95155194 ] ] ], [ [ [ -51.23024222, -15.93904917 ], [ -51.23027417, -15.93905472 ], [ -51.23008944, -15.93851944 ], [ -51.23006111, -15.938524439999981 ], [ -51.229682779999983, -15.938965 ], [ -51.23024222, -15.93904917 ] ] ], [ [ [ -51.25210167, -15.93821028 ], [ -51.25553028, -15.938698329999989 ], [ -51.254673329999989, -15.93672583 ], [ -51.25334306, -15.93636778 ], [ -51.25138639, -15.93584 ], [ -51.25092917, -15.935870829999988 ], [ -51.251265, -15.93651444 ], [ -51.25139249999998, -15.93660417 ], [ -51.25147416999998, -15.93672167 ], [ -51.251450559999988, -15.93685833 ], [ -51.25153917, -15.93702472 ], [ -51.25152139, -15.93746722 ], [ -51.25139611, -15.93767056 ], [ -51.25155694, -15.93813639 ], [ -51.25210167, -15.93821028 ] ] ], [ [ [ -51.237401939999984, -15.92821139 ], [ -51.23735417, -15.92892306 ], [ -51.23773389, -15.92871167 ], [ -51.23850611, -15.92913722 ], [ -51.23877722, -15.92947639 ], [ -51.23902028, -15.929596939999982 ], [ -51.23924667, -15.92970472 ], [ -51.23959972, -15.9302675 ], [ -51.23994083, -15.93047917 ], [ -51.240395, -15.93119778 ], [ -51.24056361, -15.93217556 ], [ -51.239802219999987, -15.93359972 ], [ -51.23990667, -15.93366361 ], [ -51.23981556, -15.933974169999985 ], [ -51.24066333, -15.93424111 ], [ -51.24100306, -15.93421806 ], [ -51.24122389, -15.932544439999987 ], [ -51.24132944, -15.93183611 ], [ -51.24180611, -15.93125638999998 ], [ -51.24225583, -15.93118806 ], [ -51.24273806, -15.93085972 ], [ -51.24305111, -15.93084667 ], [ -51.243351109999985, -15.93087167 ], [ -51.243559719999986, -15.93087139 ], [ -51.24396417, -15.93098444 ], [ -51.24431639, -15.93098389 ], [ -51.244642499999983, -15.93102139 ], [ -51.244903609999987, -15.93110944 ], [ -51.24511222, -15.93115972 ], [ -51.245373059999984, -15.93108361 ], [ -51.24573611, -15.93106333 ], [ -51.24613583, -15.931297499999989 ], [ -51.24703861, -15.931826939999986 ], [ -51.247689439999988, -15.93103528 ], [ -51.248062219999987, -15.927458610000015 ], [ -51.246515560000013, -15.92771111 ], [ -51.246556669999983, -15.92810306 ], [ -51.24612722, -15.928636109999989 ], [ -51.24521722, -15.928804720000015 ], [ -51.24452361, -15.92866917 ], [ -51.24397028, -15.928817780000015 ], [ -51.243745, -15.9290275 ], [ -51.24346444, -15.929548890000014 ], [ -51.24364444, -15.928805559999986 ], [ -51.2437875, -15.92829278 ], [ -51.2440475, -15.92722389 ], [ -51.24408694, -15.92664111 ], [ -51.24438778, -15.92634917 ], [ -51.24415111, -15.92569111 ], [ -51.24388528, -15.92577833 ], [ -51.23774667, -15.92777361 ], [ -51.23740278, -15.92789083 ], [ -51.237401939999984, -15.92821139 ] ] ] ] } },
{ "type": "Feature", "properties": { "property_key": "GO-5212204-011050C9BC804D77A80A4F161A120C5A", "cod_imovel": "GO-5212204-011050C9BC804D77A80A4F161A120C5A", "municipio": "Jussara", "cod_estado": "GO", "input_rows": "2", "input_row_count": 1, "resolution_status": "resolved", "resolution_method": "id_exact", "axes_repaired": false, "matched_field_count": 1, "relevant_field_count": 1, "loss_field_count": 0, "dominant_mbmode24": 15, "dominant_class": "Pasture", "dominant_class_area_ha": 15.416, "post2020_loss_ha": 0.0, "follow_up_required": false, "assessment_status": "no_post2020_loss", "applicable_delivery_tiers": "slaughter_point", "contact_entity_id": null, "contact_entity_type": null, "contact_tier": null, "contact_evidence_basis": null, "contact_evidence_value": null, "contact_distance_m": null, "facility_override": false, "contact_selection_status": "not_applicable", "unsupported_class_field_count": 0 }, "bbox": [ -51.402135555599997, -15.7217811106, -51.390329444400003, -15.712032499499999 ], "geometry": { "type": "Polygon", "coordinates": [ [ [ -51.392090320587158, -15.712351706411308 ], [ -51.391958888900007, -15.712032499499999 ], [ -51.391725540161133, -15.712310394663888 ], [ -51.391575336456299, -15.712620232565396 ], [ -51.390329444400003, -15.713410832799999 ], [ -51.393115833299987, -15.7163958328 ], [ -51.398585, -15.7217811106 ], [ -51.399454166699989, -15.720650277300001 ], [ -51.401350277800013, -15.7209358328 ], [ -51.401724815368652, -15.721026987691513 ], [ -51.402135555599997, -15.7210538884 ], [ -51.4020927778, -15.7208966662 ], [ -51.400832222200002, -15.719407221699999 ], [ -51.3977769444, -15.7175880551 ], [ -51.393935680389397, -15.715656619054462 ], [ -51.392212777799998, -15.712776944 ], [ -51.392090320587158, -15.712351706411308 ] ] ] } },
{ "type": "Feature", "properties": { "property_key": "GO-5212204-0E3C72FBAFCA4422AE312548AA7331C0", "cod_imovel": "GO-5212204-0E3C72FBAFCA4422AE312548AA7331C0", "municipio": "Jussara", "cod_estado": "GO", "input_rows": "3", "input_row_count": 1, "resolution_status": "resolved", "resolution_method": "id_exact", "axes_repaired": false, "matched_field_count": 0, "relevant_field_count": 0, "loss_field_count": 0, "dominant_mbmode24": null, "dominant_class": null, "dominant_class_area_ha": null, "post2020_loss_ha": 0.0, "follow_up_required": false, "assessment_status": "no_matched_fields", "applicable_delivery_tiers": "none", "contact_entity_id": null, "contact_entity_type": null, "contact_tier": null, "contact_evidence_basis": null, "contact_evidence_value": null, "contact_distance_m": null, "facility_override": false, "contact_selection_status": "not_applicable", "unsupported_class_field_count": 0 }, "bbox": [ -51.29418639, -15.90320277999998, -51.28557722, -15.892401110000012 ], "geometry": { "type": "Polygon", "coordinates": [ [ [ -51.292505, -15.89255694 ], [ -51.29212722, -15.892401110000012 ], [ -51.29180888999997, -15.89267389 ], [ -51.291617219999978, -15.892653329999989 ], [ -51.29151194, -15.89252917 ], [ -51.291051939999988, -15.892513609999989 ], [ -51.29032694, -15.89241972 ], [ -51.289441669999967, -15.892650559999987 ], [ -51.28557722, -15.90186861 ], [ -51.287402779999972, -15.90262056000001 ], [ -51.28879167, -15.90320277999998 ], [ -51.291025, -15.89828333 ], [ -51.29418639, -15.893146940000012 ], [ -51.29379222, -15.893301109999971 ], [ -51.29371333000001, -15.89317444 ], [ -51.29364443999998, -15.8930575 ], [ -51.29322694, -15.89298306 ], [ -51.29307833, -15.89270917 ], [ -51.292648889999988, -15.892449440000011 ], [ -51.292505, -15.89255694 ] ] ] } },
{ "type": "Feature", "properties": { "property_key": "GO-5212204-0F4C0661AD054C0883A19B9670A7A0F0", "cod_imovel": "GO-5212204-0F4C0661AD054C0883A19B9670A7A0F0", "municipio": "Jussara", "cod_estado": "GO", "input_rows": "4", "input_row_count": 1, "resolution_status": "resolved", "resolution_method": "id_exact", "axes_repaired": false, "matched_field_count": 4, "relevant_field_count": 4, "loss_field_count": 0, "dominant_mbmode24": 15, "dominant_class": "Pasture", "dominant_class_area_ha": 51.425, "post2020_loss_ha": 0.0, "follow_up_required": false, "assessment_status": "no_post2020_loss", "applicable_delivery_tiers": "slaughter_point", "contact_entity_id": null, "contact_entity_type": null, "contact_tier": null, "contact_evidence_basis": null, "contact_evidence_value": null, "contact_distance_m": null, "facility_override": false, "contact_selection_status": "not_applicable", "unsupported_class_field_count": 0 }, "bbox": [ -51.398585074099998, -15.7350843854, -51.383346434, -15.7109848779 ], "geometry": { "type": "Polygon", "coordinates": [ [ [ -51.388062997, -15.7109848779 ], [ -51.387902827099992, -15.711125018500001 ], [ -51.388117172100003, -15.7113528194 ], [ -51.388059022199997, -15.711596653899999 ], [ -51.388195382399999, -15.711795844399999 ], [ -51.388175795400002, -15.711950290500001 ], [ -51.388159749300002, -15.7122988293 ], [ -51.388146826099998, -15.7125222424 ], [ -51.388065559899999, -15.712683397599999 ], [ -51.388102741499999, -15.7128008577 ], [ -51.387991581500003, -15.713046052099999 ], [ -51.388106890899991, -15.713168436 ], [ -51.388185941499998, -15.713364925800001 ], [ -51.387966387, -15.7135416955 ], [ -51.387955377099999, -15.7135927034 ], [ -51.388032272499998, -15.713686045199999 ], [ -51.387807822600003, -15.7145311857 ], [ -51.3877501244, -15.7147677869 ], [ -51.3876840653, -15.7149263836 ], [ -51.387808692100002, -15.7150892525 ], [ -51.387692281200003, -15.715470424599999 ], [ -51.387800698100001, -15.715599601299999 ], [ -51.387797838099999, -15.7157651374 ], [ -51.387700128500001, -15.716214170300001 ], [ -51.387560548800003, -15.7161892855 ], [ -51.3875664073, -15.7164245986 ], [ -51.387550565799998, -15.716635269699999 ], [ -51.387446169699999, -15.7167076883 ], [ -51.387494843, -15.717028448200001 ], [ -51.387478562299997, -15.717352397200001 ], [ -51.38718416830001, -15.7173415284 ], [ -51.386933568499998, -15.7177864925 ], [ -51.387093203200003, -15.7180021864 ], [ -51.387067333600001, -15.718289990400001 ], [ -51.387142959300007, -15.718352778 ], [ -51.387087559599998, -15.7185224755 ], [ -51.387216094, -15.7186283827 ], [ -51.387132057300001, -15.7188068097 ], [ -51.386883967700001, -15.718703916899999 ], [ -51.386956871099997, -15.718857204500001 ], [ -51.386682653799987, -15.718955146600001 ], [ -51.386464956399998, -15.7188832986 ], [ -51.386385325099987, -15.7191215656 ], [ -51.386509145399998, -15.719202349 ], [ -51.386298465800003, -15.719486502200001 ], [ -51.386274431899992, -15.719412051300001 ], [ -51.386013462100003, -15.7195569795 ], [ -51.385971295499999, -15.719815521099999 ], [ -51.386046783100007, -15.7200029774 ], [ -51.385876973199998, -15.720183002100001 ], [ -51.3855698733, -15.7202668978 ], [ -51.385201304500001, -15.7206196747 ], [ -51.3852313772, -15.720728920899999 ], [ -51.385188647400007, -15.7211353654 ], [ -51.385253072799998, -15.721247444 ], [ -51.385246362100013, -15.7214013246 ], [ -51.385250764699997, -15.7217570593 ], [ -51.384998536600001, -15.7220855828 ], [ -51.385051061399999, -15.7221229177 ], [ -51.385002657300006, -15.7223908722 ], [ -51.384848815399991, -15.722377763600001 ], [ -51.38478214509999, -15.722710299099999 ], [ -51.384683965500003, -15.7229142443 ], [ -51.384522818800001, -15.7229379431 ], [ -51.384547835900001, -15.723237771300001 ], [ -51.384102193799997, -15.723456973699999 ], [ -51.383966042700003, -15.7236702066 ], [ -51.383825878699987, -15.724033247099999 ], [ -51.383522902800003, -15.7241298799 ], [ -51.383495320400009, -15.7242536923 ], [ -51.383395118099997, -15.7243255593 ], [ -51.383529618600008, -15.7245760152 ], [ -51.383363048600003, -15.7247448221 ], [ -51.383346434, -15.7249439224 ], [ -51.383422493600008, -15.725137978 ], [ -51.383731601199997, -15.725473559399999 ], [ -51.383744482799997, -15.725772957 ], [ -51.383824841200003, -15.725969445800001 ], [ -51.383907552499998, -15.7260767011 ], [ -51.383948356799998, -15.7261846629 ], [ -51.384037949400003, -15.7262781645 ], [ -51.38396398, -15.7265024078 ], [ -51.384163026300008, -15.726678617799999 ], [ -51.384232384599997, -15.726782551399999 ], [ -51.384241985700001, -15.727074179900001 ], [ -51.384440319299998, -15.7272680198 ], [ -51.384339873800002, -15.7276086607 ], [ -51.384444181299997, -15.7278832166 ], [ -51.384721194299999, -15.72797467 ], [ -51.384753489, -15.728173141599999 ], [ -51.384570923000012, -15.7286223225 ], [ -51.384630078100002, -15.7289586138 ], [ -51.384565588299999, -15.729111511299999 ], [ -51.384563095300003, -15.7294737671 ], [ -51.384556457300008, -15.729865411600001 ], [ -51.384466849200003, -15.7300628324 ], [ -51.384624578100002, -15.7303035732 ], [ -51.384504936299997, -15.7305622509 ], [ -51.384449571500006, -15.7309023602 ], [ -51.384577056099999, -15.730992540100001 ], [ -51.384537517899993, -15.731112034300001 ], [ -51.384643714100001, -15.731248086900001 ], [ -51.384544352799999, -15.731371664299999 ], [ -51.384695576100007, -15.7316764229 ], [ -51.384867784900003, -15.731873201200001 ], [ -51.384979180199998, -15.7319444243 ], [ -51.385010724, -15.732040920799999 ], [ -51.385172115400003, -15.732093884199999 ], [ -51.385313024000013, -15.732273631 ], [ -51.3851455024, -15.732732820500001 ], [ -51.38540665930001, -15.733074631099999 ], [ -51.385403687100002, -15.733429384 ], [ -51.385470727200001, -15.7336885459 ], [ -51.385454711400008, -15.7341056105 ], [ -51.385420684800003, -15.734574418399999 ], [ -51.3855613096, -15.7349492585 ], [ -51.385730512300007, -15.7350843854 ], [ -51.390753892500001, -15.7304028858 ], [ -51.391993923599998, -15.72924276 ], [ -51.394160964800001, -15.7272042115 ], [ -51.394864936200001, -15.726487386800001 ], [ -51.395580407099999, -15.72558973 ], [ -51.398585074099998, -15.7217811249 ], [ -51.393113317900003, -15.7163970544 ], [ -51.390597237400002, -15.713698107500001 ], [ -51.3903294817, -15.713410918399999 ], [ -51.390267008400002, -15.713343769 ], [ -51.388172322, -15.711101938600001 ], [ -51.388062997, -15.7109848779 ] ] ] } },
{ "type": "Feature", "properties": { "property_key": "GO-5212204-118F8241E57F4C21AF20F2486C2316F9", "cod_imovel": "GO-5212204-118F8241E57F4C21AF20F2486C2316F9", "municipio": "Jussara", "cod_estado": "GO", "input_rows": "5", "input_row_count": 1, "resolution_status": "resolved", "resolution_method": "id_exact", "axes_repaired": false, "matched_field_count": 2, "relevant_field_count": 2, "loss_field_count": 0, "dominant_mbmode24": 15, "dominant_class": "Pasture", "dominant_class_area_ha": 92.285, "post2020_loss_ha": 0.0, "follow_up_required": false, "assessment_status": "no_post2020_loss", "applicable_delivery_tiers": "slaughter_point", "contact_entity_id": null, "contact_entity_type": null, "contact_tier": null, "contact_evidence_basis": null, "contact_evidence_value": null, "contact_distance_m": null, "facility_override": false, "contact_selection_status": "not_applicable", "unsupported_class_field_count": 0 }, "bbox": [ -51.4538922144, -15.725528108600001, -51.446634733, -15.711125822 ], "geometry": { "type": "Polygon", "coordinates": [ [ [ -51.4538922144, -15.711125822 ], [ -51.450372982399998, -15.7111960096 ], [ -51.448879095700001, -15.7129725336 ], [ -51.4470804774, -15.7141515851 ], [ -51.446634733, -15.714475502100001 ], [ -51.447848198099997, -15.715742471800001 ], [ -51.447549481700001, -15.7227823005 ], [ -51.44725937390001, -15.723622516100001 ], [ -51.447215080261223, -15.723836047157072 ], [ -51.447172164916992, -15.724269795530756 ], [ -51.447107791900635, -15.724600269861615 ], [ -51.446977916400002, -15.7250502439 ], [ -51.446979155300014, -15.725168869499999 ], [ -51.447599866399997, -15.725103148400001 ], [ -51.447637522599997, -15.7251008653 ], [ -51.448257221200002, -15.725528108600001 ], [ -51.4488610792, -15.722964084899999 ], [ -51.449768543243408, -15.722989202429826 ], [ -51.452894135900003, -15.7158648205 ], [ -51.4538922144, -15.711125822 ] ] ] } },
{ "type": "Feature", "properties": { "property_key": "GO-5212204-1388D04145DA42C49E1692A41D96CDB5", "cod_imovel": "GO-5212204-1388D04145DA42C49E1692A41D96CDB5", "municipio": "Jussara", "cod_estado": "GO", "input_rows": "6", "input_row_count": 1, "resolution_status": "resolved", "resolution_method": "id_exact", "axes_repaired": false, "matched_field_count": 1, "relevant_field_count": 1, "loss_field_count": 0, "dominant_mbmode24": 15, "dominant_class": "Pasture", "dominant_class_area_ha": 7.706, "post2020_loss_ha": 0.0, "follow_up_required": false, "assessment_status": "no_post2020_loss", "applicable_delivery_tiers": "slaughter_point", "contact_entity_id": null, "contact_entity_type": null, "contact_tier": null, "contact_evidence_basis": null, "contact_evidence_value": null, "contact_distance_m": null, "facility_override": false, "contact_selection_status": "not_applicable", "unsupported_class_field_count": 0 }, "bbox": [ -51.316065788269043, -15.924892439286248, -51.304650306701653, -15.915214778635113 ], "geometry": { "type": "Polygon", "coordinates": [ [ [ -51.306560039520264, -15.919795733690297 ], [ -51.304650306701653, -15.920930638842119 ], [ -51.304993629455566, -15.923241698599083 ], [ -51.30540132522583, -15.923055989422657 ], [ -51.305551528930664, -15.923448041927037 ], [ -51.305100917816162, -15.923695653640722 ], [ -51.305615901947021, -15.923840093666046 ], [ -51.306581497192383, -15.924170241905269 ], [ -51.309134960174561, -15.924892439286248 ], [ -51.307933330535882, -15.922952817583777 ], [ -51.310572624206536, -15.921116349983746 ], [ -51.313254833221436, -15.919259230841005 ], [ -51.314692497253411, -15.91828939513114 ], [ -51.316065788269043, -15.91725764987449 ], [ -51.315507888793938, -15.916617965154455 ], [ -51.314628124237061, -15.916494154973398 ], [ -51.314263343811035, -15.91583383271924 ], [ -51.314220428466797, -15.915214778635113 ], [ -51.308534145355225, -15.918619552494205 ], [ -51.306560039520264, -15.919795733690297 ] ] ] } },
{ "type": "Feature", "properties": { "property_key": "GO-5212204-15108D4D7C134B8D9E71E50A2ED2E605", "cod_imovel": "GO-5212204-15108D4D7C134B8D9E71E50A2ED2E605", "municipio": "Jussara", "cod_estado": "GO", "input_rows": "7", "input_row_count": 1, "resolution_status": "resolved", "resolution_method": "point_containment", "axes_repaired": false, "matched_field_count": 42, "relevant_field_count": 42, "loss_field_count": 0, "dominant_mbmode24": 15, "dominant_class": "Pasture", "dominant_class_area_ha": 3096.006, "post2020_loss_ha": 0.0, "follow_up_required": false, "assessment_status": "no_post2020_loss", "applicable_delivery_tiers": "slaughter_point", "contact_entity_id": null, "contact_entity_type": null, "contact_tier": null, "contact_evidence_basis": null, "contact_evidence_value": null, "contact_distance_m": null, "facility_override": false, "contact_selection_status": "not_applicable", "unsupported_class_field_count": 0 }, "bbox": [ -51.441228189382336, -15.581264479962988, -51.344404915924827, -15.489155950455475 ], "geometry": { "type": "Polygon", "coordinates": [ [ [ -51.408197671411919, -15.492367680154166 ], [ -51.40683573466638, -15.491837876576218 ], [ -51.404578573154879, -15.492396749879129 ], [ -51.398601986763396, -15.500921171271434 ], [ -51.365505990633281, -15.521606161239619 ], [ -51.344404915924827, -15.534594986556996 ], [ -51.349349541717551, -15.543499576399512 ], [ -51.350900580401593, -15.544007910502794 ], [ -51.351367727726426, -15.544246743795815 ], [ -51.351646742501607, -15.544408578633739 ], [ -51.352333550739566, -15.544946666361593 ], [ -51.352967255418413, -15.545622887450536 ], [ -51.3534035855387, -15.546270673771442 ], [ -51.353920460971565, -15.547446303196358 ], [ -51.354139425070912, -15.548481466334968 ], [ -51.354134340988509, -15.549544563053159 ], [ -51.354027586894986, -15.550323856576636 ], [ -51.35371663262265, -15.551233753309758 ], [ -51.354012623736423, -15.551936639621289 ], [ -51.365400892953048, -15.572320740516293 ], [ -51.368138989627987, -15.577264915915682 ], [ -51.385052410707829, -15.564851542941385 ], [ -51.388921993321013, -15.569690321154095 ], [ -51.391680328798714, -15.573128449097712 ], [ -51.393996746809897, -15.575927167425043 ], [ -51.398550735862273, -15.581264479962988 ], [ -51.39862591270829, -15.581167700093642 ], [ -51.409815243401134, -15.566770657805076 ], [ -51.410707855020235, -15.566005066813537 ], [ -51.411019298314933, -15.565880720432608 ], [ -51.412047378978734, -15.565659475334488 ], [ -51.428119678919892, -15.560862098549929 ], [ -51.441228189382336, -15.556867165760123 ], [ -51.439291815047412, -15.550704472765931 ], [ -51.437532122981018, -15.54499840656087 ], [ -51.427200328038651, -15.543871595115064 ], [ -51.42228228867063, -15.550148717426106 ], [ -51.419307946159677, -15.544806078515226 ], [ -51.407255362699431, -15.5325911314991 ], [ -51.408591879519378, -15.531108624077383 ], [ -51.409891360931496, -15.531421189072613 ], [ -51.411178673853975, -15.530908814242549 ], [ -51.411750344742366, -15.530185223724159 ], [ -51.410762856056039, -15.528590131754791 ], [ -51.420127823720449, -15.517906408975938 ], [ -51.418941541728266, -15.514232119507255 ], [ -51.407766643649367, -15.508661857169473 ], [ -51.407685096480321, -15.508538060696161 ], [ -51.416302835864421, -15.498604979902211 ], [ -51.416486351246753, -15.498573624992728 ], [ -51.426095567311471, -15.502276251488194 ], [ -51.426218833959894, -15.502235150320352 ], [ -51.423172851200107, -15.495974409611819 ], [ -51.410079091467956, -15.489155950455475 ], [ -51.408197671411919, -15.492367680154166 ] ] ] } },
{ "type": "Feature", "properties": { "property_key": "GO-5212204-156094615E67476AB099D9F46F6C0655", "cod_imovel": "GO-5212204-156094615E67476AB099D9F46F6C0655", "municipio": "Jussara", "cod_estado": "GO", "input_rows": "8", "input_row_count": 1, "resolution_status": "resolved", "resolution_method": "id_exact", "axes_repaired": false, "matched_field_count": 22, "relevant_field_count": 22, "loss_field_count": 1, "dominant_mbmode24": 15, "dominant_class": "Pasture", "dominant_class_area_ha": 1092.19, "post2020_loss_ha": 0.312, "follow_up_required": true, "assessment_status": "flagged_post2020_loss", "applicable_delivery_tiers": "slaughter_point", "contact_entity_id": "5212204", "contact_entity_type": "cooperative", "contact_tier": "membership_muni", "contact_evidence_basis": "observed", "contact_evidence_value": 105.0, "contact_distance_m": null, "facility_override": false, "contact_selection_status": "default_membership_no_qualifying_override", "unsupported_class_field_count": 0 }, "bbox": [ -51.303555230547573, -15.963066120693098, -51.256885870759156, -15.919818440871657 ], "geometry": { "type": "Polygon", "coordinates": [ [ [ -51.272550632991809, -15.919818440871657 ], [ -51.270722750441848, -15.930505774263132 ], [ -51.268604035004259, -15.930051430228685 ], [ -51.257777253642686, -15.939016897048859 ], [ -51.258177777873406, -15.940740964356221 ], [ -51.258530496527996, -15.942267736027093 ], [ -51.256885870759156, -15.942173964009234 ], [ -51.256977381715849, -15.94697114084077 ], [ -51.25728758441258, -15.947543027674056 ], [ -51.257043717657695, -15.949386292994408 ], [ -51.257788644440105, -15.953418411326505 ], [ -51.259776744103995, -15.954366077753251 ], [ -51.270805027690116, -15.952207035883555 ], [ -51.27377285923432, -15.955654901703546 ], [ -51.27988214054492, -15.963066120693098 ], [ -51.280634571028557, -15.962322385068306 ], [ -51.280826583703345, -15.962039080924837 ], [ -51.281471149050248, -15.961347555540376 ], [ -51.28213630110465, -15.96034573591275 ], [ -51.282477254860424, -15.959990183436718 ], [ -51.282634516195223, -15.959717771702872 ], [ -51.283405887321599, -15.959036108965579 ], [ -51.283937277989025, -15.957950565150266 ], [ -51.283941843656237, -15.957675822370849 ], [ -51.284597287719798, -15.956963209321955 ], [ -51.285360626183838, -15.95656026480771 ], [ -51.286231782730034, -15.956279580967809 ], [ -51.287071962607556, -15.955967836051475 ], [ -51.288035147933677, -15.955746688749388 ], [ -51.289209034779653, -15.955321665392599 ], [ -51.290107915632639, -15.955028814700945 ], [ -51.291067018511981, -15.954703876049919 ], [ -51.291577013410453, -15.954625981754806 ], [ -51.291805050259576, -15.95458562421444 ], [ -51.292605589727742, -15.954399572653761 ], [ -51.293397854058476, -15.954307187575949 ], [ -51.29470590744905, -15.954011771391185 ], [ -51.295692406446513, -15.954217082497776 ], [ -51.29695003079177, -15.954769979047027 ], [ -51.297667327005712, -15.955419804760449 ], [ -51.298263707077993, -15.956193105906431 ], [ -51.297738299473089, -15.953174261882253 ], [ -51.295597363535734, -15.948789649215014 ], [ -51.297093659920911, -15.944051614332917 ], [ -51.297292466467958, -15.942952664086441 ], [ -51.297293450266388, -15.942950732990901 ], [ -51.297712654810944, -15.942127873674693 ], [ -51.300275686561108, -15.933988526464857 ], [ -51.300698408202805, -15.932814677573237 ], [ -51.303555230547573, -15.92374272485066 ], [ -51.293066600917435, -15.920644886555236 ], [ -51.292328610557171, -15.920447269785791 ], [ -51.291773391319005, -15.920332123108077 ], [ -51.291032719709627, -15.920217315498002 ], [ -51.290644659742988, -15.920178512608874 ], [ -51.290155242138646, -15.920147348806662 ], [ -51.287213867752847, -15.920082484878 ], [ -51.281053679655379, -15.919978853628319 ], [ -51.272550632991809, -15.919818440871657 ] ] ] } },
{ "type": "Feature", "properties": { "property_key": "GO-5212204-162DBAFE85134130B3480CF2ED130BFA", "cod_imovel": "GO-5212204-162DBAFE85134130B3480CF2ED130BFA", "municipio": "Jussara", "cod_estado": "GO", "input_rows": "9", "input_row_count": 1, "resolution_status": "resolved", "resolution_method": "id_exact", "axes_repaired": false, "matched_field_count": 2, "relevant_field_count": 2, "loss_field_count": 0, "dominant_mbmode24": 15, "dominant_class": "Pasture", "dominant_class_area_ha": 34.323, "post2020_loss_ha": 0.0, "follow_up_required": false, "assessment_status": "no_post2020_loss", "applicable_delivery_tiers": "slaughter_point", "contact_entity_id": null, "contact_entity_type": null, "contact_tier": null, "contact_evidence_basis": null, "contact_evidence_value": null, "contact_distance_m": null, "facility_override": false, "contact_selection_status": "not_applicable", "unsupported_class_field_count": 0 }, "bbox": [ -51.3226575, -15.847211425699999, -51.3095034153, -15.83396278 ], "geometry": { "type": "Polygon", "coordinates": [ [ [ -51.32061861, -15.83396278 ], [ -51.32061611, -15.83401139 ], [ -51.3204, -15.83418778 ], [ -51.32017694, -15.83418083 ], [ -51.32006056, -15.83417722 ], [ -51.31991389, -15.83433111 ], [ -51.3095034153, -15.845261880800001 ], [ -51.310972477, -15.847211425699999 ], [ -51.312855, -15.84536 ], [ -51.32147111, -15.83641972 ], [ -51.32087694, -15.83597889 ], [ -51.3226575, -15.83413028 ], [ -51.32258333, -15.83406583 ], [ -51.32249417, -15.83410694 ], [ -51.32231278, -15.8341 ], [ -51.32224222, -15.83424222 ], [ -51.32211389, -15.83424111 ], [ -51.32196444, -15.83407806 ], [ -51.321855, -15.83408417 ], [ -51.32174028, -15.83401 ], [ -51.32170083, -15.83419667 ], [ -51.32143306, -15.83408611 ], [ -51.32126528, -15.83403139 ], [ -51.3208825, -15.83414972 ], [ -51.32061861, -15.83396278 ] ] ] } },
{ "type": "Feature", "properties": { "property_key": "GO-5212204-16833B91FD32494C864B458F765C0755", "cod_imovel": "GO-5212204-16833B91FD32494C864B458F765C0755", "municipio": "Jussara", "cod_estado": "GO", "input_rows": "10", "input_row_count": 1, "resolution_status": "resolved", "resolution_method": "id_exact", "axes_repaired": false, "matched_field_count": 2, "relevant_field_count": 2, "loss_field_count": 0, "dominant_mbmode24": 15, "dominant_class": "Pasture", "dominant_class_area_ha": 47.097, "post2020_loss_ha": 0.0, "follow_up_required": false, "assessment_status": "no_post2020_loss", "applicable_delivery_tiers": "slaughter_point", "contact_entity_id": null, "contact_entity_type": null, "contact_tier": null, "contact_evidence_basis": null, "contact_evidence_value": null, "contact_distance_m": null, "facility_override": false, "contact_selection_status": "not_applicable", "unsupported_class_field_count": 0 }, "bbox": [ -51.339497566223137, -15.796692787524711, -51.333746910095208, -15.773463248699837 ], "geometry": { "type": "Polygon", "coordinates": [ [ [ -51.338725090026855, -15.783250952272434 ], [ -51.337995529174805, -15.773876241518849 ], [ -51.336094087433374, -15.773564994193929 ], [ -51.335420608520508, -15.773463248699837 ], [ -51.334969997406006, -15.774722874168921 ], [ -51.334390640258789, -15.776870414307131 ], [ -51.333746910095208, -15.779224422562079 ], [ -51.336922645568848, -15.779802595847764 ], [ -51.336472034454346, -15.782094623720686 ], [ -51.335420608520508, -15.786988326224808 ], [ -51.336064338684075, -15.787215457226939 ], [ -51.336879730224602, -15.791200532481019 ], [ -51.335077285766594, -15.79566042012266 ], [ -51.336193084716797, -15.796692787524711 ], [ -51.337780952453613, -15.787483884446706 ], [ -51.3381028175354, -15.786513415125055 ], [ -51.339497566223137, -15.78345743881972 ], [ -51.338725090026855, -15.783250952272434 ] ] ] } },
{ "type": "Feature", "properties": { "property_key": "GO-5212204-1C88EF1B3499490DB39608D89AA62FA5", "cod_imovel": "GO-5212204-1C88EF1B3499490DB39608D89AA62FA5", "municipio": "Jussara", "cod_estado": "GO", "input_rows": "11", "input_row_count": 1, "resolution_status": "resolved", "resolution_method": "id_exact", "axes_repaired": false, "matched_field_count": 1, "relevant_field_count": 1, "loss_field_count": 0, "dominant_mbmode24": 21, "dominant_class": "Mosaic of Uses", "dominant_class_area_ha": 13.091, "post2020_loss_ha": 0.0, "follow_up_required": false, "assessment_status": "no_post2020_loss", "applicable_delivery_tiers": "slaughter_point", "contact_entity_id": null, "contact_entity_type": null, "contact_tier": null, "contact_evidence_basis": null, "contact_evidence_value": null, "contact_distance_m": null, "facility_override": false, "contact_selection_status": "not_applicable", "unsupported_class_field_count": 0 }, "bbox": [ -51.304287499999987, -15.908611939999988, -51.29163917, -15.89496667 ], "geometry": { "type": "Polygon", "coordinates": [ [ [ -51.296035, -15.89514111 ], [ -51.29565667, -15.89496667 ], [ -51.29508972, -15.89542583 ], [ -51.29163917, -15.898278329999982 ], [ -51.29191, -15.89857361 ], [ -51.29490972, -15.901831389999982 ], [ -51.298692499999987, -15.90593528 ], [ -51.30118444, -15.908611939999988 ], [ -51.304287499999987, -15.90425917 ], [ -51.304243889999988, -15.90415722 ], [ -51.303966939999967, -15.904126669999981 ], [ -51.30369944, -15.90385944 ], [ -51.303320559999968, -15.90380778 ], [ -51.30293722, -15.903729440000012 ], [ -51.30277472, -15.903326109999989 ], [ -51.302545829999978, -15.903168609999989 ], [ -51.30235472, -15.903303330000011 ], [ -51.30215667, -15.90316556 ], [ -51.302303889999983, -15.90293471999998 ], [ -51.30195833, -15.90285694 ], [ -51.301737219999978, -15.902600280000012 ], [ -51.301536939999977, -15.90182389 ], [ -51.30177778000003, -15.901476940000011 ], [ -51.301578889999981, -15.90129667 ], [ -51.3014225, -15.900642500000012 ], [ -51.301129719999977, -15.90068611 ], [ -51.30109805999998, -15.90034582999998 ], [ -51.300612779999987, -15.9000525 ], [ -51.30079639, -15.89984056 ], [ -51.30060278, -15.89961417 ], [ -51.30053167, -15.89929389 ], [ -51.30033056, -15.89909861000001 ], [ -51.300166669999989, -15.8983975 ], [ -51.30032, -15.89827610999998 ], [ -51.29973138999997, -15.89806472000001 ], [ -51.29938943999997, -15.89757333 ], [ -51.29923333, -15.89733444 ], [ -51.29883250000001, -15.897068889999989 ], [ -51.2985, -15.89711861000001 ], [ -51.298345, -15.896736110000022 ], [ -51.298347219999982, -15.8965525 ], [ -51.29784278, -15.896576390000011 ], [ -51.297379719999988, -15.89616611 ], [ -51.29733417, -15.895834439999989 ], [ -51.297115, -15.89594832999998 ], [ -51.296994719999987, -15.89564944 ], [ -51.29686361000001, -15.89555528 ], [ -51.29679333, -15.89518306 ], [ -51.296035, -15.89514111 ] ] ] } },
{ "type": "Feature", "properties": { "property_key": "GO-5212204-1E2963990BB04DAF9B1A8E86549F116C", "cod_imovel": "GO-5212204-1E2963990BB04DAF9B1A8E86549F116C", "municipio": "Jussara", "cod_estado": "GO", "input_rows": "12", "input_row_count": 1, "resolution_status": "resolved", "resolution_method": "id_exact", "axes_repaired": false, "matched_field_count": 0, "relevant_field_count": 0, "loss_field_count": 0, "dominant_mbmode24": null, "dominant_class": null, "dominant_class_area_ha": null, "post2020_loss_ha": 0.0, "follow_up_required": false, "assessment_status": "no_matched_fields", "applicable_delivery_tiers": "none", "contact_entity_id": null, "contact_entity_type": null, "contact_tier": null, "contact_evidence_basis": null, "contact_evidence_value": null, "contact_distance_m": null, "facility_override": false, "contact_selection_status": "not_applicable", "unsupported_class_field_count": 0 }, "bbox": [ -51.301184439999979, -15.920830279995766, -51.288831109999975, -15.901831389995831 ], "geometry": { "type": "Polygon", "coordinates": [ [ [ -51.301184439999979, -15.908611939995806 ], [ -51.2986925, -15.905935279995795 ], [ -51.294909719999985, -15.901831389995831 ], [ -51.288831109999975, -15.919445559995768 ], [ -51.29055917, -15.919467499995768 ], [ -51.291353329999978, -15.91954110999581 ], [ -51.292578609999978, -15.919765559995787 ], [ -51.293783059999988, -15.920118329995804 ], [ -51.29624, -15.920830279995766 ], [ -51.299041109999969, -15.91333693999578 ], [ -51.301184439999979, -15.908611939995806 ] ] ] } },
{ "type": "Feature", "properties": { "property_key": "GO-5212204-20FBD72E32A74011BE0C063F4C507E80", "cod_imovel": "GO-5212204-20FBD72E32A74011BE0C063F4C507E80", "municipio": "Jussara", "cod_estado": "GO", "input_rows": "13", "input_row_count": 1, "resolution_status": "resolved", "resolution_method": "id_exact", "axes_repaired": false, "matched_field_count": 0, "relevant_field_count": 0, "loss_field_count": 0, "dominant_mbmode24": null, "dominant_class": null, "dominant_class_area_ha": null, "post2020_loss_ha": 0.0, "follow_up_required": false, "assessment_status": "no_matched_fields", "applicable_delivery_tiers": "none", "contact_entity_id": null, "contact_entity_type": null, "contact_tier": null, "contact_evidence_basis": null, "contact_evidence_value": null, "contact_distance_m": null, "facility_override": false, "contact_selection_status": "not_applicable", "unsupported_class_field_count": 0 }, "bbox": [ -51.3594102859497, -15.784717002203106, -51.342544555664062, -15.775631451618066 ], "geometry": { "type": "Polygon", "coordinates": [ [ [ -51.343553066253662, -15.784035600033089 ], [ -51.344518661499023, -15.784717002203106 ], [ -51.347329616546631, -15.781970730984632 ], [ -51.350520912746589, -15.78165954366996 ], [ -51.352972984313965, -15.783870411283246 ], [ -51.3594102859497, -15.780463363298256 ], [ -51.356976804026807, -15.777241419085531 ], [ -51.356821639767389, -15.77717073546847 ], [ -51.354555380475212, -15.77673590164356 ], [ -51.350443493238899, -15.776046947388039 ], [ -51.347823143005371, -15.775631451618066 ], [ -51.345140933990479, -15.779492860364035 ], [ -51.342544555664062, -15.783292249598723 ], [ -51.343038082122803, -15.783643276532425 ], [ -51.343145370483398, -15.783746519632537 ], [ -51.343317031860352, -15.783849762680056 ], [ -51.343435049057007, -15.783942681377875 ], [ -51.343553066253662, -15.784035600033089 ] ] ] } },
{ "type": "Feature", "properties": { "property_key": "GO-5212204-230E3EB4EA894130A1CF632779C35DF4", "cod_imovel": "GO-5212204-230E3EB4EA894130A1CF632779C35DF4", "municipio": "Jussara", "cod_estado": "GO", "input_rows": "14", "input_row_count": 1, "resolution_status": "resolved", "resolution_method": "id_exact", "axes_repaired": false, "matched_field_count": 1, "relevant_field_count": 1, "loss_field_count": 0, "dominant_mbmode24": 15, "dominant_class": "Pasture", "dominant_class_area_ha": 57.987, "post2020_loss_ha": 0.0, "follow_up_required": false, "assessment_status": "no_post2020_loss", "applicable_delivery_tiers": "slaughter_point", "contact_entity_id": null, "contact_entity_type": null, "contact_tier": null, "contact_evidence_basis": null, "contact_evidence_value": null, "contact_distance_m": null, "facility_override": false, "contact_selection_status": "not_applicable", "unsupported_class_field_count": 0 }, "bbox": [ -51.332558744724942, -15.911607924731021, -51.317390453065101, -15.907759846241939 ], "geometry": { "type": "Polygon", "coordinates": [ [ [ -51.320713979033442, -15.909221967510829 ], [ -51.320051340349771, -15.90967879282919 ], [ -51.319481177988351, -15.909710084884789 ], [ -51.319017826686022, -15.90992601186635 ], [ -51.31875993943757, -15.90989367552141 ], [ -51.318200529046827, -15.909497366025519 ], [ -51.318023868216507, -15.909509523333149 ], [ -51.317390453065101, -15.909929882956369 ], [ -51.317404368472339, -15.91001629747578 ], [ -51.317712733523763, -15.9100794611746 ], [ -51.31842768585053, -15.910031986022901 ], [ -51.318425993448933, -15.910244681258581 ], [ -51.318442444985699, -15.910541253393299 ], [ -51.318292655955389, -15.91058585335508 ], [ -51.318076604539208, -15.910334948853301 ], [ -51.317878738782511, -15.91047366627547 ], [ -51.317804856657901, -15.910798405581289 ], [ -51.31843334855526, -15.911136466521921 ], [ -51.318945611571181, -15.911265069242839 ], [ -51.31928876080071, -15.911322601366329 ], [ -51.319632766177037, -15.91134243334692 ], [ -51.33237539847228, -15.911607924731021 ], [ -51.332548168133201, -15.908359376987949 ], [ -51.332558744724942, -15.90803625827802 ], [ -51.319643546851268, -15.907759846241939 ], [ -51.31946390180066, -15.908016840396909 ], [ -51.319321140350979, -15.908067478660779 ], [ -51.319378447516641, -15.908388534966139 ], [ -51.319763749998799, -15.908319972322159 ], [ -51.32021421733188, -15.90841892083162 ], [ -51.320579143696143, -15.90855038700103 ], [ -51.320737497370601, -15.908812096577959 ], [ -51.320901309985892, -15.908574968526221 ], [ -51.321044600673368, -15.90861060066095 ], [ -51.321025704571753, -15.90883035487315 ], [ -51.320713979033442, -15.909221967510829 ] ] ] } },
{ "type": "Feature", "properties": { "property_key": "GO-5212204-24550295C0BD4B61B04260CF073F0784", "cod_imovel": "GO-5212204-24550295C0BD4B61B04260CF073F0784", "municipio": "Jussara", "cod_estado": "GO", "input_rows": "15", "input_row_count": 1, "resolution_status": "resolved", "resolution_method": "id_exact", "axes_repaired": false, "matched_field_count": 2, "relevant_field_count": 2, "loss_field_count": 0, "dominant_mbmode24": 15, "dominant_class": "Pasture", "dominant_class_area_ha": 192.542, "post2020_loss_ha": 0.0, "follow_up_required": false, "assessment_status": "no_post2020_loss", "applicable_delivery_tiers": "slaughter_point", "contact_entity_id": null, "contact_entity_type": null, "contact_tier": null, "contact_evidence_basis": null, "contact_evidence_value": null, "contact_distance_m": null, "facility_override": false, "contact_selection_status": "not_applicable", "unsupported_class_field_count": 0 }, "bbox": [ -51.312062068155178, -15.923500834558995, -51.296223721134389, -15.904258056077758 ], "geometry": { "type": "Polygon", "coordinates": [ [ [ -51.306078592126667, -15.91545550572828 ], [ -51.306112055909139, -15.915441239591292 ], [ -51.312062068155178, -15.912904451021245 ], [ -51.311702438474562, -15.912708343240304 ], [ -51.311734618257326, -15.912547137713705 ], [ -51.311151725293939, -15.912260690691397 ], [ -51.310607863415989, -15.911881170441433 ], [ -51.310091084105572, -15.911515038461809 ], [ -51.30988791198147, -15.910958883341294 ], [ -51.309649881859535, -15.910458632105309 ], [ -51.30951955776596, -15.909864365457459 ], [ -51.309358431819867, -15.9092398747222 ], [ -51.309136377258213, -15.908764569424848 ], [ -51.308779195244931, -15.908372691812684 ], [ -51.308225153726795, -15.907897859802789 ], [ -51.308027839409164, -15.90751764260316 ], [ -51.308031824107601, -15.907143579525348 ], [ -51.307937532597876, -15.906781069119139 ], [ -51.307577731334035, -15.906489355064345 ], [ -51.307160695885727, -15.906042521050358 ], [ -51.306596446610484, -15.905726352362809 ], [ -51.305818120044243, -15.905415888739165 ], [ -51.305231655250807, -15.904891483666258 ], [ -51.304616505155494, -15.904463856702233 ], [ -51.304311076838118, -15.904258056077758 ], [ -51.301190484147426, -15.908634602453551 ], [ -51.29904602188509, -15.913359595600436 ], [ -51.296223721134389, -15.920906419163988 ], [ -51.304921700868782, -15.923500834558995 ], [ -51.304477755428223, -15.920795104117312 ], [ -51.30375347775631, -15.916446757378846 ], [ -51.306078592126667, -15.91545550572828 ] ] ] } },
{ "type": "Feature", "properties": { "property_key": "GO-5212204-24978B3823B34D09AA76633A5DD8CFE2", "cod_imovel": "GO-5212204-24978B3823B34D09AA76633A5DD8CFE2", "municipio": "Jussara", "cod_estado": "GO", "input_rows": "16", "input_row_count": 1, "resolution_status": "resolved", "resolution_method": "id_exact", "axes_repaired": false, "matched_field_count": 18, "relevant_field_count": 16, "loss_field_count": 0, "dominant_mbmode24": 15, "dominant_class": "Pasture", "dominant_class_area_ha": 373.645, "post2020_loss_ha": 0.0, "follow_up_required": false, "assessment_status": "no_post2020_loss", "applicable_delivery_tiers": "slaughter_point", "contact_entity_id": null, "contact_entity_type": null, "contact_tier": null, "contact_evidence_basis": null, "contact_evidence_value": null, "contact_distance_m": null, "facility_override": false, "contact_selection_status": "not_applicable", "unsupported_class_field_count": 0 }, "bbox": [ -51.470423327759853, -15.674918436477594, -51.430662684986686, -15.656284364217505 ], "geometry": { "type": "Polygon", "coordinates": [ [ [ -51.46740171389682, -15.662127798046464 ], [ -51.465303714601511, -15.661711438717942 ], [ -51.45068172767273, -15.658809023127658 ], [ -51.444261432683341, -15.657862762260539 ], [ -51.434566955869869, -15.656360241235873 ], [ -51.434079089503484, -15.656284364217505 ], [ -51.434015961243567, -15.65661256810202 ], [ -51.433986473417939, -15.656655207144899 ], [ -51.433798178209315, -15.656608569538278 ], [ -51.433554293125951, -15.656394340949362 ], [ -51.433523695833053, -15.656574668567819 ], [ -51.433345807533648, -15.656551696023429 ], [ -51.433209689142799, -15.656735577242113 ], [ -51.433429496772646, -15.657124696624145 ], [ -51.433321207419212, -15.657275796338025 ], [ -51.433422132701594, -15.657349457397267 ], [ -51.433291548395758, -15.657503042126283 ], [ -51.433367730742802, -15.657612914034834 ], [ -51.433180329074645, -15.657902308597276 ], [ -51.433206577603819, -15.658093553140162 ], [ -51.433059357500724, -15.658145826908832 ], [ -51.433048437502819, -15.658365893640857 ], [ -51.432935644960594, -15.658505791881561 ], [ -51.432885129443342, -15.658709935202525 ], [ -51.4329291707189, -15.658887583900817 ], [ -51.432858414466729, -15.658917647677569 ], [ -51.432883134252748, -15.659047600852665 ], [ -51.432620334055962, -15.659423390033817 ], [ -51.432709099630536, -15.659526818558897 ], [ -51.432675695274931, -15.659659598688794 ], [ -51.432715393245424, -15.659768548393521 ], [ -51.432718190602699, -15.659989401634791 ], [ -51.43289484962127, -15.659870260803865 ], [ -51.432842471838299, -15.65972173891438 ], [ -51.432860910674719, -15.659616019347812 ], [ -51.432960758741302, -15.659576405577592 ], [ -51.433188551358185, -15.659901231497654 ], [ -51.433115214178322, -15.660035085094924 ], [ -51.432992890475617, -15.660080167646205 ], [ -51.43284910543354, -15.660257916275354 ], [ -51.432961748384663, -15.660445373896225 ], [ -51.432830133379888, -15.660819638335797 ], [ -51.432492154014433, -15.661076060840882 ], [ -51.432482257720508, -15.661206443994924 ], [ -51.432346992064851, -15.661398278622183 ], [ -51.432201403095853, -15.661517538541979 ], [ -51.432275230174071, -15.661660593950414 ], [ -51.432178925439253, -15.661877212887012 ], [ -51.432089512941886, -15.662043553160228 ], [ -51.432382054186988, -15.662453051705276 ], [ -51.432477830665135, -15.662872521307989 ], [ -51.432344020705195, -15.66295839873249 ], [ -51.43219491215455, -15.662868649903892 ], [ -51.432053457327449, -15.662913227282715 ], [ -51.431704129504254, -15.663188475192269 ], [ -51.431868258169629, -15.663410276025552 ], [ -51.431937845675769, -15.66366697859506 ], [ -51.431826721266276, -15.663936422944001 ], [ -51.431561239111467, -15.66423853632722 ], [ -51.431611896210903, -15.664811783162524 ], [ -51.431543210431236, -15.664984681904352 ], [ -51.431617410129689, -15.665038145676149 ], [ -51.431587975114468, -15.665240077385741 ], [ -51.431693801207601, -15.665424203997144 ], [ -51.431761635231844, -15.665556603562576 ], [ -51.431817591748782, -15.665676008247022 ], [ -51.43167657601375, -15.665797338139935 ], [ -51.431662492335604, -15.666244597926655 ], [ -51.431829828038424, -15.666392802932394 ], [ -51.431828190626817, -15.666546132514915 ], [ -51.431506709234455, -15.666576780566945 ], [ -51.431575879248754, -15.666812058074633 ], [ -51.431530392695279, -15.666924159124196 ], [ -51.431265462395878, -15.667091025663359 ], [ -51.431189853817393, -15.667211412791993 ], [ -51.431030116888799, -15.667305205716723 ], [ -51.431068012103609, -15.667488562238333 ], [ -51.430976703881605, -15.667597860423347 ], [ -51.430662684986686, -15.667672790886105 ], [ -51.430759316131997, -15.667788047609044 ], [ -51.430870483777063, -15.667715685954263 ], [ -51.431025457345768, -15.667842037930614 ], [ -51.430906483731661, -15.668018742033276 ], [ -51.430982797584328, -15.668189999127613 ], [ -51.430754487472058, -15.668333558992813 ], [ -51.430863624539541, -15.668405215994785 ], [ -51.430774726633928, -15.668551756085218 ], [ -51.430785921241565, -15.668639517008675 ], [ -51.430679372724882, -15.668779040220715 ], [ -51.461501182162486, -15.674918436477594 ], [ -51.462790514988058, -15.672525695687227 ], [ -51.468097274095278, -15.673304636327732 ], [ -51.468416252528883, -15.673238682141378 ], [ -51.46899815761585, -15.670135123944124 ], [ -51.470423327759853, -15.662727413704168 ], [ -51.46740171389682, -15.662127798046464 ] ] ] } },
{ "type": "Feature", "properties": { "property_key": "GO-5212204-27018A8454A847469C4A947E06A1A23E", "cod_imovel": "GO-5212204-27018A8454A847469C4A947E06A1A23E", "municipio": "Jussara", "cod_estado": "GO", "input_rows": "17", "input_row_count": 1, "resolution_status": "resolved", "resolution_method": "id_exact", "axes_repaired": false, "matched_field_count": 8, "relevant_field_count": 7, "loss_field_count": 0, "dominant_mbmode24": 15, "dominant_class": "Pasture", "dominant_class_area_ha": 227.245, "post2020_loss_ha": 0.0, "follow_up_required": false, "assessment_status": "no_post2020_loss", "applicable_delivery_tiers": "slaughter_point", "contact_entity_id": null, "contact_entity_type": null, "contact_tier": null, "contact_evidence_basis": null, "contact_evidence_value": null, "contact_distance_m": null, "facility_override": false, "contact_selection_status": "not_applicable", "unsupported_class_field_count": 0 }, "bbox": [ -51.327742651246176, -15.959483441622652, -51.295597413394319, -15.923742718379573 ], "geometry": { "type": "Polygon", "coordinates": [ [ [ -51.31874924604562, -15.928262994611741 ], [ -51.303555233904149, -15.923742718379573 ], [ -51.300698411891076, -15.932814698187791 ], [ -51.300275690028016, -15.933988537974134 ], [ -51.297712658037632, -15.942127875801084 ], [ -51.29729246535274, -15.942949873246377 ], [ -51.297093635213663, -15.944051589922159 ], [ -51.295597413394319, -15.948789642452656 ], [ -51.297738312469932, -15.953174264308839 ], [ -51.298263682894202, -15.95619309085482 ], [ -51.298629321641748, -15.95674093360174 ], [ -51.298909205208069, -15.957376708953472 ], [ -51.299131984532671, -15.958088627717926 ], [ -51.299254415305569, -15.958655473325662 ], [ -51.299444380467506, -15.959166212801744 ], [ -51.299768444197618, -15.959437857307586 ], [ -51.300373609324595, -15.959477827743143 ], [ -51.301224987495971, -15.959483441622652 ], [ -51.30182982707052, -15.959305733322697 ], [ -51.302427282188816, -15.958896752002158 ], [ -51.303073333266774, -15.95805234868164 ], [ -51.303564637176649, -15.95724217403739 ], [ -51.304034922411567, -15.956493248218003 ], [ -51.304559854326342, -15.955798519619302 ], [ -51.305060896580137, -15.955241480845034 ], [ -51.305605223638921, -15.954701110485381 ], [ -51.306149587751662, -15.954185836510524 ], [ -51.306518850968281, -15.95353061727265 ], [ -51.306708648658812, -15.952970795290931 ], [ -51.306884418302388, -15.952141091908349 ], [ -51.306849178371067, -15.951148409485619 ], [ -51.306511739304682, -15.949921389215453 ], [ -51.30585030238138, -15.949040448774747 ], [ -51.305260849362838, -15.948136195820924 ], [ -51.304731792221574, -15.947487137034994 ], [ -51.303987043646174, -15.947058851743163 ], [ -51.303422076719492, -15.946467858453898 ], [ -51.303126318159791, -15.94571736690096 ], [ -51.303361224039193, -15.944882198103944 ], [ -51.303959827400682, -15.944042967274543 ], [ -51.304765343435918, -15.94381720985373 ], [ -51.30565073549802, -15.943605376781122 ], [ -51.306449583650526, -15.943772706888463 ], [ -51.306907685156887, -15.94424937022635 ], [ -51.307467996009322, -15.945097911526195 ], [ -51.307948387005496, -15.945904450062772 ], [ -51.308773203501381, -15.947080491175877 ], [ -51.309386581544992, -15.948009370257132 ], [ -51.309882949776288, -15.948642583155655 ], [ -51.310277697430379, -15.949515424314606 ], [ -51.310511800733849, -15.950149013920331 ], [ -51.310964140344062, -15.950570978595163 ], [ -51.311366120422562, -15.950596282461388 ], [ -51.311848940556992, -15.950468222199584 ], [ -51.312130792973605, -15.950188830181554 ], [ -51.31237422628282, -15.949406110206283 ], [ -51.312279163841026, -15.948781567702051 ], [ -51.312064620222088, -15.947963121001841 ], [ -51.312038674346859, -15.947062677257215 ], [ -51.312182556930047, -15.946245989494644 ], [ -51.312301730995706, -15.945165866531411 ], [ -51.312216401163951, -15.944057835626881 ], [ -51.311811787287013, -15.943410482543946 ], [ -51.311168067986536, -15.942696233570922 ], [ -51.310769471717911, -15.942283533569709 ], [ -51.310112791075035, -15.941771449346154 ], [ -51.309229312292885, -15.941129314853679 ], [ -51.308757307379366, -15.940799254617597 ], [ -51.307984191996589, -15.939722902396502 ], [ -51.308293485802913, -15.937639905993688 ], [ -51.31074188432342, -15.936376418266939 ], [ -51.312417510657824, -15.936657701751534 ], [ -51.314491131846431, -15.939129993903741 ], [ -51.316041853386764, -15.939942344081897 ], [ -51.317572964979504, -15.938795015560371 ], [ -51.317357641497715, -15.934960457317837 ], [ -51.320273480276299, -15.933808916468621 ], [ -51.322962039276497, -15.934808098472981 ], [ -51.325305920696074, -15.936836332279373 ], [ -51.32652558404363, -15.936872269578155 ], [ -51.327742651246176, -15.935769162770109 ], [ -51.326206324209174, -15.933117650723124 ], [ -51.325778475701966, -15.932353030416385 ], [ -51.326162209044938, -15.931893597960093 ], [ -51.326362078227689, -15.931267657752965 ], [ -51.324613857822413, -15.930739002416455 ], [ -51.324717653098268, -15.930385594682431 ], [ -51.324803466548325, -15.930063790992202 ], [ -51.319119536836183, -15.928373140960735 ], [ -51.31874924604562, -15.928262994611741 ] ] ] } },
{ "type": "Feature", "properties": { "property_key": "GO-5212204-2849994015EF46DB90DE964061CB16A2", "cod_imovel": "GO-5212204-2849994015EF46DB90DE964061CB16A2", "municipio": "Jussara", "cod_estado": "GO", "input_rows": "18", "input_row_count": 1, "resolution_status": "resolved", "resolution_method": "id_exact", "axes_repaired": false, "matched_field_count": 1, "relevant_field_count": 1, "loss_field_count": 0, "dominant_mbmode24": 15, "dominant_class": "Pasture", "dominant_class_area_ha": 3.569, "post2020_loss_ha": 0.0, "follow_up_required": false, "assessment_status": "no_post2020_loss", "applicable_delivery_tiers": "slaughter_point", "contact_entity_id": null, "contact_entity_type": null, "contact_tier": null, "contact_evidence_basis": null, "contact_evidence_value": null, "contact_distance_m": null, "facility_override": false, "contact_selection_status": "not_applicable", "unsupported_class_field_count": 0 }, "bbox": [ -51.416769619847663, -15.707208329440409, -51.410136222839355, -15.70017557198063 ], "geometry": { "type": "Polygon", "coordinates": [ [ [ -51.416573524475098, -15.70262255855179 ], [ -51.416381727878473, -15.70017557198063 ], [ -51.413231537400002, -15.702905664699999 ], [ -51.413169742599997, -15.7029688749 ], [ -51.410136222839355, -15.706547323786433 ], [ -51.414299011230469, -15.707208329440409 ], [ -51.416593133299997, -15.705726928200001 ], [ -51.416667160199999, -15.705676052099999 ], [ -51.416702270507812, -15.705555811284613 ], [ -51.416769619847663, -15.70550767123733 ], [ -51.416573524475098, -15.70262255855179 ] ] ] } },
{ "type": "Feature", "properties": { "property_key": "GO-5212204-28658426F94C46068323D3A6FEE33470", "cod_imovel": "GO-5212204-28658426F94C46068323D3A6FEE33470", "municipio": "Jussara", "cod_estado": "GO", "input_rows": "19", "input_row_count": 1, "resolution_status": "resolved", "resolution_method": "id_exact", "axes_repaired": false, "matched_field_count": 0, "relevant_field_count": 0, "loss_field_count": 0, "dominant_mbmode24": null, "dominant_class": null, "dominant_class_area_ha": null, "post2020_loss_ha": 0.0, "follow_up_required": false, "assessment_status": "no_matched_fields", "applicable_delivery_tiers": "none", "contact_entity_id": null, "contact_entity_type": null, "contact_tier": null, "contact_evidence_basis": null, "contact_evidence_value": null, "contact_distance_m": null, "facility_override": false, "contact_selection_status": "not_applicable", "unsupported_class_field_count": 0 }, "bbox": [ -51.257788059999989, -15.95604333, -51.24853833, -15.95015722 ], "geometry": { "type": "Polygon", "coordinates": [ [ [ -51.249373329999983, -15.95389611 ], [ -51.24949278, -15.95423 ], [ -51.24853833, -15.95461833 ], [ -51.24895167, -15.95523028 ], [ -51.248838609999986, -15.95574917 ], [ -51.249396389999987, -15.95540861 ], [ -51.25002556, -15.95462778 ], [ -51.25047139, -15.95438667 ], [ -51.250553609999983, -15.95437194 ], [ -51.251063329999987, -15.95428028 ], [ -51.251153889999976, -15.95420417 ], [ -51.25218639, -15.95537528 ], [ -51.253664719999989, -15.95604333 ], [ -51.257788059999989, -15.95341861 ], [ -51.257181109999983, -15.95015722 ], [ -51.25534083, -15.95122389 ], [ -51.254991109999985, -15.95177917 ], [ -51.25469194, -15.95155194 ], [ -51.253415, -15.95310111 ], [ -51.25252417, -15.95339056 ], [ -51.25150611, -15.953288329999989 ], [ -51.251479439999983, -15.95324917 ], [ -51.25083528, -15.95357889 ], [ -51.25073306, -15.95365222 ], [ -51.250563329999984, -15.95341 ], [ -51.249373329999983, -15.95389611 ] ] ] } },
{ "type": "Feature", "properties": { "property_key": "GO-5212204-294B806F6169468E98BB3456EC5158A4", "cod_imovel": "GO-5212204-294B806F6169468E98BB3456EC5158A4", "municipio": "Jussara", "cod_estado": "GO", "input_rows": "20", "input_row_count": 1, "resolution_status": "resolved", "resolution_method": "id_exact", "axes_repaired": false, "matched_field_count": 4, "relevant_field_count": 4, "loss_field_count": 1, "dominant_mbmode24": 15, "dominant_class": "Pasture", "dominant_class_area_ha": 558.717, "post2020_loss_ha": 0.049, "follow_up_required": true, "assessment_status": "flagged_post2020_loss", "applicable_delivery_tiers": "slaughter_point", "contact_entity_id": "5212204", "contact_entity_type": "cooperative", "contact_tier": "membership_muni", "contact_evidence_basis": "observed", "contact_evidence_value": 105.0, "contact_distance_m": null, "facility_override": false, "contact_selection_status": "default_membership_no_qualifying_override", "unsupported_class_field_count": 0 }, "bbox": [ -51.476743396472742, -15.577792894638479, -51.434447765350342, -15.554397204439816 ], "geometry": { "type": "Polygon", "coordinates": [ [ [ -51.442945003509521, -15.554397204439816 ], [ -51.434447765350342, -15.571843474778008 ], [ -51.447282997482169, -15.57428252152785 ], [ -51.449663216349407, -15.5747684406213 ], [ -51.459143093364773, -15.57638729684126 ], [ -51.46673605341492, -15.577792894638479 ], [ -51.467083823959953, -15.577042306240029 ], [ -51.467599868774407, -15.575667400271994 ], [ -51.467900276184082, -15.575005969598651 ], [ -51.468007564544678, -15.57428252736273 ], [ -51.468029022216797, -15.573517742802082 ], [ -51.468136310577393, -15.572814965291952 ], [ -51.468114852905273, -15.571554093737573 ], [ -51.468780040740967, -15.570603267451359 ], [ -51.469852924346924, -15.568784283174363 ], [ -51.471140384674072, -15.566820588905889 ], [ -51.472281601198873, -15.56553782986391 ], [ -51.472749710083008, -15.5645468142244 ], [ -51.473736763000488, -15.563389246549745 ], [ -51.475110054016113, -15.562066304088571 ], [ -51.476743396472742, -15.56018751646471 ], [ -51.464724540710449, -15.558056082779517 ], [ -51.451764106750488, -15.555926912900931 ], [ -51.442945003509521, -15.554397204439816 ] ] ] } },
{ "type": "Feature", "properties": { "property_key": "GO-5212204-2AD669448DED4EF59B8729DE50E7DEE2", "cod_imovel": "GO-5212204-2AD669448DED4EF59B8729DE50E7DEE2", "municipio": "Jussara", "cod_estado": "GO", "input_rows": "21", "input_row_count": 1, "resolution_status": "resolved", "resolution_method": "id_exact", "axes_repaired": false, "matched_field_count": 4, "relevant_field_count": 4, "loss_field_count": 0, "dominant_mbmode24": 15, "dominant_class": "Pasture", "dominant_class_area_ha": 141.533, "post2020_loss_ha": 0.0, "follow_up_required": false, "assessment_status": "no_post2020_loss", "applicable_delivery_tiers": "slaughter_point", "contact_entity_id": null, "contact_entity_type": null, "contact_tier": null, "contact_evidence_basis": null, "contact_evidence_value": null, "contact_distance_m": null, "facility_override": false, "contact_selection_status": "not_applicable", "unsupported_class_field_count": 0 }, "bbox": [ -51.435614110627867, -15.728843807554224, -51.400515976559944, -15.70703594139572 ], "geometry": { "type": "Polygon", "coordinates": [ [ [ -51.409231443319918, -15.726778286319563 ], [ -51.432978416886897, -15.728843807554224 ], [ -51.435614110627867, -15.719152296568383 ], [ -51.433836901924387, -15.707626848062274 ], [ -51.42918006480469, -15.70703594139572 ], [ -51.432328065739284, -15.716389564699865 ], [ -51.427575338475009, -15.719943856264504 ], [ -51.428321655145545, -15.722227994296443 ], [ -51.429272843352436, -15.725215523067082 ], [ -51.420463122099179, -15.723826342660436 ], [ -51.420462872348736, -15.723841079047864 ], [ -51.4201297513073, -15.723793263760054 ], [ -51.414917445305306, -15.722986159114569 ], [ -51.414877375693713, -15.722972041785116 ], [ -51.401350341244878, -15.720935747340476 ], [ -51.400515976559944, -15.726019551124795 ], [ -51.405535188163945, -15.726456547795147 ], [ -51.409231443319918, -15.726778286319563 ] ] ] } },
{ "type": "Feature", "properties": { "property_key": "GO-5212204-2B296F3D835C44D7BF1AD385C1D519A9", "cod_imovel": "GO-5212204-2B296F3D835C44D7BF1AD385C1D519A9", "municipio": "Jussara", "cod_estado": "GO", "input_rows": "22", "input_row_count": 1, "resolution_status": "resolved", "resolution_method": "id_exact", "axes_repaired": false, "matched_field_count": 28, "relevant_field_count": 28, "loss_field_count": 12, "dominant_mbmode24": 15, "dominant_class": "Pasture", "dominant_class_area_ha": 421.747, "post2020_loss_ha": 29.501, "follow_up_required": true, "assessment_status": "flagged_post2020_loss", "applicable_delivery_tiers": "slaughter_point", "contact_entity_id": "5212204", "contact_entity_type": "cooperative", "contact_tier": "membership_muni", "contact_evidence_basis": "observed", "contact_evidence_value": 105.0, "contact_distance_m": null, "facility_override": false, "contact_selection_status": "default_membership_no_qualifying_override", "unsupported_class_field_count": 0 }, "bbox": [ -51.420463123034402, -15.723841079953999, -51.386003501837699, -15.684774749472201 ], "geometry": { "type": "Polygon", "coordinates": [ [ [ -51.409269309575492, -15.684774749472201 ], [ -51.409058080059197, -15.684936969076601 ], [ -51.408982878615603, -15.6849904484936 ], [ -51.408928797012997, -15.684965236260799 ], [ -51.408733895187702, -15.6850324096274 ], [ -51.407978065811598, -15.6851046978694 ], [ -51.406831427952703, -15.6852763422799 ], [ -51.405740608484102, -15.6854560136268 ], [ -51.404219065581302, -15.6860816291598 ], [ -51.402133205953902, -15.6875143217705 ], [ -51.400441171933998, -15.688012392449901 ], [ -51.399489556587397, -15.688715131654901 ], [ -51.398847557408303, -15.6908988565768 ], [ -51.3979574043573, -15.692458605253 ], [ -51.397300519147798, -15.6940533653132 ], [ -51.395724850092599, -15.695790819851601 ], [ -51.393959699215401, -15.6960667590927 ], [ -51.391979660494798, -15.697585683931701 ], [ -51.391411917102999, -15.7002975800655 ], [ -51.391214944644503, -15.701442728733801 ], [ -51.390352018918101, -15.7013766488804 ], [ -51.388912272349693, -15.703834610242399 ], [ -51.387657872149099, -15.7059630696718 ], [ -51.386003501837699, -15.7087700841819 ], [ -51.387477469101299, -15.7103576946849 ], [ -51.387980886245003, -15.710896879129701 ], [ -51.388062996994499, -15.710984877902099 ], [ -51.388172322039701, -15.711101938610099 ], [ -51.390267008367701, -15.7133437689678 ], [ -51.390329481740707, -15.7134109184291 ], [ -51.390597237433298, -15.7136981075069 ], [ -51.393115742445602, -15.7163959651642 ], [ -51.398585074078198, -15.721781124922799 ], [ -51.399454153615601, -15.7206502930418 ], [ -51.401350342180002, -15.720935748246699 ], [ -51.402135613920201, -15.721053908366899 ], [ -51.414877376629001, -15.7229720426913 ], [ -51.414917446240501, -15.722986160020699 ], [ -51.420129752242602, -15.723793264666201 ], [ -51.420462873284002, -15.723841079953999 ], [ -51.420463123034402, -15.7238263435666 ], [ -51.419545181403002, -15.711530129068301 ], [ -51.419095276818602, -15.7057986260214 ], [ -51.416770760677103, -15.705706881806201 ], [ -51.416776276127401, -15.705619540520299 ], [ -51.416381234311501, -15.6999732640734 ], [ -51.416261643627301, -15.698297481391201 ], [ -51.415586291738499, -15.689054260213499 ], [ -51.415571118007399, -15.6888883964796 ], [ -51.415378661781801, -15.6863831963443 ], [ -51.415136968866499, -15.6861541176514 ], [ -51.411413562225697, -15.6852788924664 ], [ -51.411307412329101, -15.685255586843599 ], [ -51.409269309575492, -15.684774749472201 ] ] ] } },
{ "type": "Feature", "properties": { "property_key": "GO-5212204-2C904799081B439BB5AC023234C7073F", "cod_imovel": "GO-5212204-2C904799081B439BB5AC023234C7073F", "municipio": "Jussara", "cod_estado": "GO", "input_rows": "23", "input_row_count": 1, "resolution_status": "resolved", "resolution_method": "id_exact", "axes_repaired": false, "matched_field_count": 2, "relevant_field_count": 2, "loss_field_count": 0, "dominant_mbmode24": 15, "dominant_class": "Pasture", "dominant_class_area_ha": 758.441, "post2020_loss_ha": 0.0, "follow_up_required": false, "assessment_status": "no_post2020_loss", "applicable_delivery_tiers": "slaughter_point", "contact_entity_id": null, "contact_entity_type": null, "contact_tier": null, "contact_evidence_basis": null, "contact_evidence_value": null, "contact_distance_m": null, "facility_override": false, "contact_selection_status": "not_applicable", "unsupported_class_field_count": 0 }, "bbox": [ -51.466510769, -15.593610114700001, -51.427388517300002, -15.572136608699999 ], "geometry": { "type": "Polygon", "coordinates": [ [ [ -51.4358873153, -15.572136608699999 ], [ -51.427388517300002, -15.589220577300001 ], [ -51.452256685599998, -15.5932815275 ], [ -51.454269665200002, -15.593610114700001 ], [ -51.454445825199997, -15.593428786600001 ], [ -51.455023249600004, -15.592770700499999 ], [ -51.456057523600002, -15.5923226986 ], [ -51.456005398400002, -15.5925919786 ], [ -51.456241202699999, -15.5925676769 ], [ -51.456666350100001, -15.5925147754 ], [ -51.457255896100001, -15.592706230699999 ], [ -51.457584648500003, -15.592803401299999 ], [ -51.458146538400001, -15.5925274183 ], [ -51.458869125100001, -15.5920510052 ], [ -51.459215331700001, -15.5916079942 ], [ -51.459027843500003, -15.591392001199999 ], [ -51.459326385, -15.5912636718 ], [ -51.459870659300002, -15.5909924947 ], [ -51.460102448800001, -15.590879537 ], [ -51.459922060399997, -15.590672678900001 ], [ -51.459853902399999, -15.5904958717 ], [ -51.4602239122, -15.590540454 ], [ -51.460399019100002, -15.5900890298 ], [ -51.460311038500002, -15.589794276599999 ], [ -51.460267603600002, -15.589519346399999 ], [ -51.460343394699997, -15.5892957156 ], [ -51.460472162800002, -15.589229857299999 ], [ -51.460798050500003, -15.5889937511 ], [ -51.4607499942, -15.588591576600001 ], [ -51.460757472799997, -15.588385708700001 ], [ -51.460803140499998, -15.588089012199999 ], [ -51.461153597699997, -15.588213850400001 ], [ -51.4612358348, -15.587911779400001 ], [ -51.461410877299997, -15.5876047224 ], [ -51.461447077099997, -15.5875296283 ], [ -51.46106902, -15.5875171225 ], [ -51.460700097100002, -15.5875016225 ], [ -51.460622361600002, -15.587367199299999 ], [ -51.46105258, -15.5872012546 ], [ -51.460964365199999, -15.5866131107 ], [ -51.460971348800001, -15.5863777627 ], [ -51.461285086899998, -15.5861665518 ], [ -51.4618910951, -15.585842462 ], [ -51.4620563967, -15.5857062181 ], [ -51.462413399299997, -15.5853604101 ], [ -51.462932458, -15.5848004618 ], [ -51.463482264100001, -15.584152465400001 ], [ -51.4637197435, -15.5838692957 ], [ -51.463996588100002, -15.5832933564 ], [ -51.464230214300002, -15.583234769300001 ], [ -51.464519209599999, -15.5830198182 ], [ -51.465355686599999, -15.582389094 ], [ -51.465573565299998, -15.581948622900001 ], [ -51.465760530899999, -15.5816727812 ], [ -51.465698202, -15.581533870199999 ], [ -51.465933359300003, -15.5811790119 ], [ -51.4662761863, -15.5811669218 ], [ -51.466379344700002, -15.581105273 ], [ -51.466510769, -15.5808804826 ], [ -51.466397498500001, -15.5808131992 ], [ -51.466030721300001, -15.5803250658 ], [ -51.466017243499998, -15.5799856416 ], [ -51.465642224200003, -15.5785741278 ], [ -51.465714900199998, -15.578433439399999 ], [ -51.466070239899999, -15.5781111707 ], [ -51.466175243899997, -15.577913133 ], [ -51.466085035799999, -15.5776864255 ], [ -51.465815954100002, -15.5775001188 ], [ -51.4358873153, -15.572136608699999 ] ] ] } },
{ "type": "Feature", "properties": { "property_key": "GO-5212204-2CC9462D520645069EBCBC7EA3D33548", "cod_imovel": "GO-5212204-2CC9462D520645069EBCBC7EA3D33548", "municipio": "Jussara", "cod_estado": "GO", "input_rows": "24", "input_row_count": 1, "resolution_status": "resolved", "resolution_method": "id_exact", "axes_repaired": false, "matched_field_count": 21, "relevant_field_count": 21, "loss_field_count": 0, "dominant_mbmode24": 15, "dominant_class": "Pasture", "dominant_class_area_ha": 1331.616, "post2020_loss_ha": 0.0, "follow_up_required": false, "assessment_status": "no_post2020_loss", "applicable_delivery_tiers": "slaughter_point", "contact_entity_id": null, "contact_entity_type": null, "contact_tier": null, "contact_evidence_basis": null, "contact_evidence_value": null, "contact_distance_m": null, "facility_override": false, "contact_selection_status": "not_applicable", "unsupported_class_field_count": 0 }, "bbox": [ -51.43450889, -15.8042066727091, -51.376282367403199, -15.761953766141399 ], "geometry": { "type": "Polygon", "coordinates": [ [ [ -51.382964261515603, -15.761953766141399 ], [ -51.382855359362893, -15.762025829076901 ], [ -51.382569549953203, -15.7620970275137 ], [ -51.381396702286203, -15.7633237926576 ], [ -51.376282367403199, -15.7685396210466 ], [ -51.383105814034799, -15.777739013595999 ], [ -51.383512558989707, -15.7825410213306 ], [ -51.385515075165898, -15.784401706388101 ], [ -51.387756605904599, -15.7858015177155 ], [ -51.387830064365403, -15.785889440373101 ], [ -51.389426329838997, -15.7878010761151 ], [ -51.391359482629902, -15.789464928424501 ], [ -51.392025947570801, -15.789837769450846 ], [ -51.393575188487397, -15.7901094882497 ], [ -51.393724489102901, -15.790065010398401 ], [ -51.393978595733643, -15.789899713423802 ], [ -51.394374411803703, -15.7898710008593 ], [ -51.394591435552698, -15.789843485951399 ], [ -51.394992928572997, -15.7898042449259 ], [ -51.395155134729002, -15.789819047706199 ], [ -51.395394802093506, -15.789796473458367 ], [ -51.395627467604498, -15.789863119692599 ], [ -51.395632136787, -15.789863563217899 ], [ -51.395656619234302, -15.7898740959455 ], [ -51.395832952914198, -15.789951974523101 ], [ -51.396004483258203, -15.7900083455439 ], [ -51.396145820617669, -15.790064897259089 ], [ -51.396261483824503, -15.7900851728108 ], [ -51.396285679728898, -15.7900923610396 ], [ -51.396253166612901, -15.790129305129 ], [ -51.395902882379097, -15.790479806714499 ], [ -51.386806733623501, -15.7989001398469 ], [ -51.389540408873899, -15.8042066727091 ], [ -51.396172625321498, -15.8034023814141 ], [ -51.397687714812299, -15.802602251357399 ], [ -51.397879860942901, -15.802547295663199 ], [ -51.398510476110893, -15.80248891442 ], [ -51.399760144698099, -15.802856913362501 ], [ -51.400648269885693, -15.803315071762601 ], [ -51.40066472, -15.80304639 ], [ -51.400672434910597, -15.8029259289421 ], [ -51.401059627532959, -15.802969468052469 ], [ -51.401525028985702, -15.802789382200601 ], [ -51.402935562570299, -15.801682578512599 ], [ -51.411299427902399, -15.7988604140589 ], [ -51.414859216175699, -15.7978263903809 ], [ -51.416079450187603, -15.7974064829651 ], [ -51.418633519723798, -15.796469245082401 ], [ -51.423096656799324, -15.79504099715556 ], [ -51.432977018312997, -15.7880458140298 ], [ -51.43450889, -15.78514694 ], [ -51.427325481552302, -15.7765712819954 ], [ -51.428500810179102, -15.771244455941201 ], [ -51.427254944759298, -15.7671364206261 ], [ -51.403040537316201, -15.7703748491962 ], [ -51.400514984829101, -15.770731815233001 ], [ -51.399701960186697, -15.770840980866399 ], [ -51.395303925715503, -15.7713957761346 ], [ -51.384320497752299, -15.762991660192601 ], [ -51.382964261515603, -15.761953766141399 ] ] ] } },
{ "type": "Feature", "properties": { "property_key": "GO-5212204-304A3F0280604EAC866922F896EC2AF5", "cod_imovel": "GO-5212204-304A3F0280604EAC866922F896EC2AF5", "municipio": "Jussara", "cod_estado": "GO", "input_rows": "25", "input_row_count": 1, "resolution_status": "resolved", "resolution_method": "id_exact", "axes_repaired": false, "matched_field_count": 0, "relevant_field_count": 0, "loss_field_count": 0, "dominant_mbmode24": null, "dominant_class": null, "dominant_class_area_ha": null, "post2020_loss_ha": 0.0, "follow_up_required": false, "assessment_status": "no_matched_fields", "applicable_delivery_tiers": "none", "contact_entity_id": null, "contact_entity_type": null, "contact_tier": null, "contact_evidence_basis": null, "contact_evidence_value": null, "contact_distance_m": null, "facility_override": false, "contact_selection_status": "not_applicable", "unsupported_class_field_count": 0 }, "bbox": [ -51.393927701300377, -15.762991660188675, -51.382569549953224, -15.743971620020787 ], "geometry": { "type": "Polygon", "coordinates": [ [ [ -51.382569549953224, -15.762097027509739 ], [ -51.382855359362885, -15.762025829072941 ], [ -51.382964261515582, -15.761953766137465 ], [ -51.384320497752299, -15.762991660188675 ], [ -51.393927701300377, -15.75172503437099 ], [ -51.389402072213365, -15.746102509140346 ], [ -51.385976434009976, -15.743971620020787 ], [ -51.385968587365959, -15.744018101822828 ], [ -51.383229151490092, -15.759589406416877 ], [ -51.382989502009089, -15.760976631224743 ], [ -51.382569549953224, -15.762097027509739 ] ] ] } },
{ "type": "Feature", "properties": { "property_key": "GO-5212204-32E6D42B795F4D54B06D6D8C2709096C", "cod_imovel": "GO-5212204-32E6D42B795F4D54B06D6D8C2709096C", "municipio": "Jussara", "cod_estado": "GO", "input_rows": "26", "input_row_count": 1, "resolution_status": "resolved", "resolution_method": "id_exact", "axes_repaired": false, "matched_field_count": 7, "relevant_field_count": 7, "loss_field_count": 0, "dominant_mbmode24": 15, "dominant_class": "Pasture", "dominant_class_area_ha": 404.525, "post2020_loss_ha": 0.0, "follow_up_required": false, "assessment_status": "no_post2020_loss", "applicable_delivery_tiers": "slaughter_point", "contact_entity_id": null, "contact_entity_type": null, "contact_tier": null, "contact_evidence_basis": null, "contact_evidence_value": null, "contact_distance_m": null, "facility_override": false, "contact_selection_status": "not_applicable", "unsupported_class_field_count": 0 }, "bbox": [ -51.333706840353173, -15.895029175145581, -51.312287578569851, -15.863681233915139 ], "geometry": { "type": "Polygon", "coordinates": [ [ [ -51.331062119723057, -15.86743319345528 ], [ -51.330509590242052, -15.866828058969871 ], [ -51.32901121126239, -15.86532104433239 ], [ -51.327679641347629, -15.863681233915139 ], [ -51.322366124816071, -15.866430534474659 ], [ -51.324551713641867, -15.87003267660163 ], [ -51.319270154926862, -15.87232956333634 ], [ -51.319188380178609, -15.8723601501334 ], [ -51.315226915323919, -15.874305124778679 ], [ -51.31441613336689, -15.874775863331729 ], [ -51.313708761962822, -15.875255218217751 ], [ -51.313540652097352, -15.875571333947081 ], [ -51.313176608084717, -15.87572798904262 ], [ -51.31287368439046, -15.87560330785055 ], [ -51.31279879408244, -15.87537532641849 ], [ -51.312854408760913, -15.875218214004059 ], [ -51.312683561082117, -15.875153008302149 ], [ -51.312632804432631, -15.875977025128661 ], [ -51.312785540443777, -15.876411015567649 ], [ -51.313113716035168, -15.87716035295454 ], [ -51.313531200615721, -15.87725105664734 ], [ -51.313435824330909, -15.877790003467879 ], [ -51.312940776963814, -15.877738195174089 ], [ -51.312648713249871, -15.877631398051451 ], [ -51.312287578569851, -15.878406050189961 ], [ -51.312632105018707, -15.87867278729855 ], [ -51.31265101435546, -15.87888096069107 ], [ -51.313008049605251, -15.87865786952864 ], [ -51.313204104783964, -15.878471082109121 ], [ -51.313412807721377, -15.878188086200961 ], [ -51.313794243063477, -15.878160683357549 ], [ -51.31409832314511, -15.87830543119588 ], [ -51.314265491684658, -15.87894769055475 ], [ -51.314484325094682, -15.87911407779335 ], [ -51.314255802895183, -15.87980762856443 ], [ -51.314029398868577, -15.879879828557041 ], [ -51.314228596025707, -15.88033372958963 ], [ -51.314318999810311, -15.88086544561401 ], [ -51.314985085900403, -15.881457256522321 ], [ -51.315080380367498, -15.881948735192591 ], [ -51.314877502359288, -15.88207387862307 ], [ -51.314563264726161, -15.881948674086781 ], [ -51.314540100830008, -15.881709046519109 ], [ -51.314304477867474, -15.88174075918978 ], [ -51.314303634290383, -15.881979788838599 ], [ -51.314068070760477, -15.88217061237477 ], [ -51.313953231068737, -15.882446782760359 ], [ -51.314189677053378, -15.88294528923779 ], [ -51.314284776320683, -15.882468540749571 ], [ -51.314451531225018, -15.88260074040976 ], [ -51.314478925450729, -15.88297804723665 ], [ -51.314608031422672, -15.88358817745087 ], [ -51.314804669053842, -15.88353373933179 ], [ -51.314710291792402, -15.88333218516153 ], [ -51.31458401519459, -15.88310057277606 ], [ -51.314693109762118, -15.88279439628254 ], [ -51.314863956669583, -15.88279441889267 ], [ -51.31518386841816, -15.883023398571609 ], [ -51.315449977456929, -15.882892919219559 ], [ -51.31556370608849, -15.883164055974721 ], [ -51.315420421188101, -15.88346811303755 ], [ -51.315255242856892, -15.883689662996 ], [ -51.315367052742488, -15.88404822336145 ], [ -51.315675801557887, -15.88406549220068 ], [ -51.315703648036539, -15.883892146967121 ], [ -51.315828537838193, -15.883832207569229 ], [ -51.316106572306062, -15.884280115187369 ], [ -51.316193166273372, -15.88464070081419 ], [ -51.316004833382351, -15.88504924075559 ], [ -51.31582834744043, -15.885148219752651 ], [ -51.315793426188101, -15.88527736773039 ], [ -51.316030869327179, -15.885511800251299 ], [ -51.315904061528379, -15.885660248139629 ], [ -51.315631989966029, -15.88664234290005 ], [ -51.31608962705414, -15.88671047202503 ], [ -51.316027090525502, -15.88692174724914 ], [ -51.315746262078306, -15.886960940754459 ], [ -51.316121168521001, -15.88734858802162 ], [ -51.316046229562012, -15.88745392784277 ], [ -51.31568216767036, -15.88749152521674 ], [ -51.315677649935772, -15.88758962019017 ], [ -51.316004629571118, -15.88755343306857 ], [ -51.315988897370289, -15.887767984824981 ], [ -51.315844154815991, -15.88785769625502 ], [ -51.31564380543216, -15.887870554924881 ], [ -51.31546374335565, -15.888014198454769 ], [ -51.315259209514359, -15.88803944822777 ], [ -51.315035422630807, -15.8879981884846 ], [ -51.315027275033479, -15.88822511448377 ], [ -51.314520954987799, -15.88826960700799 ], [ -51.314672481888593, -15.88857784514928 ], [ -51.31467078789349, -15.888870395066901 ], [ -51.31500390677855, -15.889116351466489 ], [ -51.315427810003747, -15.88965327587875 ], [ -51.315350119896848, -15.890032272434439 ], [ -51.315497691683717, -15.890138553103339 ], [ -51.315431565885483, -15.890265486407589 ], [ -51.315128769300713, -15.89041753543567 ], [ -51.31490581959563, -15.89055590717304 ], [ -51.314688061123363, -15.89072889586731 ], [ -51.31439186882772, -15.890863667098619 ], [ -51.314536337850193, -15.89119749983076 ], [ -51.314260197996859, -15.891312443238499 ], [ -51.314336655022579, -15.8915216173926 ], [ -51.314513509616297, -15.89201686458663 ], [ -51.314728213608419, -15.892522181753931 ], [ -51.314789452081293, -15.89273589806197 ], [ -51.314639315952668, -15.89290408723666 ], [ -51.314576358216328, -15.89308688533127 ], [ -51.314445039208799, -15.89334174442565 ], [ -51.314534583974698, -15.89361662312248 ], [ -51.314611296910272, -15.89332839397087 ], [ -51.314925233630852, -15.89306847743646 ], [ -51.315064629865233, -15.89320234346482 ], [ -51.315177742656502, -15.892714177834311 ], [ -51.315579925109397, -15.8925553841786 ], [ -51.315685603372238, -15.892752129799799 ], [ -51.315461339277199, -15.89300757720615 ], [ -51.315553740121487, -15.893196205895549 ], [ -51.315457875820059, -15.893362779538609 ], [ -51.315742295030439, -15.893104532174609 ], [ -51.315923133863393, -15.89327639718989 ], [ -51.315661073582788, -15.89349573842917 ], [ -51.315582035730358, -15.893669881489579 ], [ -51.315419278728093, -15.89383176133583 ], [ -51.31515122801833, -15.89386424566697 ], [ -51.31509061005989, -15.893989724354229 ], [ -51.315257133987053, -15.89396706139693 ], [ -51.315654232379067, -15.893961057726321 ], [ -51.31577316717857, -15.89409196981179 ], [ -51.316003740289851, -15.89428717670858 ], [ -51.333129184329437, -15.895029175145581 ], [ -51.333443574675648, -15.886604315150841 ], [ -51.333706840353173, -15.873065463749301 ], [ -51.333636625944671, -15.872740931155111 ], [ -51.327571040113533, -15.86872829881276 ], [ -51.331062119723057, -15.86743319345528 ] ] ] } },
{ "type": "Feature", "properties": { "property_key": "GO-5212204-3AF33D4A071C45C88BD8B31829ACFD81", "cod_imovel": "GO-5212204-3AF33D4A071C45C88BD8B31829ACFD81", "municipio": "Jussara", "cod_estado": "GO", "input_rows": "27", "input_row_count": 1, "resolution_status": "resolved", "resolution_method": "id_exact", "axes_repaired": false, "matched_field_count": 7, "relevant_field_count": 7, "loss_field_count": 0, "dominant_mbmode24": 15, "dominant_class": "Pasture", "dominant_class_area_ha": 339.77, "post2020_loss_ha": 0.0, "follow_up_required": false, "assessment_status": "no_post2020_loss", "applicable_delivery_tiers": "slaughter_point", "contact_entity_id": null, "contact_entity_type": null, "contact_tier": null, "contact_evidence_basis": null, "contact_evidence_value": null, "contact_distance_m": null, "facility_override": false, "contact_selection_status": "not_applicable", "unsupported_class_field_count": 0 }, "bbox": [ -51.450527961523008, -15.736889693253209, -51.391993969434552, -15.725589747089639 ], "geometry": { "type": "Polygon", "coordinates": [ [ [ -51.423750190507441, -15.728041447489019 ], [ -51.395580434207453, -15.725589747089639 ], [ -51.394864972526051, -15.726487349666607 ], [ -51.394160935935204, -15.727204237731486 ], [ -51.391993969434552, -15.729242804172619 ], [ -51.400299262369408, -15.72987937085891 ], [ -51.406199941350657, -15.732830882919444 ], [ -51.41420040697701, -15.736817062305333 ], [ -51.415583350881732, -15.736889693253209 ], [ -51.416528611398881, -15.735608082093787 ], [ -51.419895305909236, -15.736126803536175 ], [ -51.419935129870588, -15.736274492594589 ], [ -51.450341600904423, -15.735386999017452 ], [ -51.450527961523008, -15.730466822250261 ], [ -51.447177838798936, -15.730121129282457 ], [ -51.44326661506053, -15.729737850315447 ], [ -51.428856699903363, -15.728485486268605 ], [ -51.423750190507441, -15.728041447489019 ] ] ] } },
{ "type": "Feature", "properties": { "property_key": "GO-5212204-3C9A1ADACE5C48158FFB0E253DD25653", "cod_imovel": "GO-5212204-3C9A1ADACE5C48158FFB0E253DD25653", "municipio": "Jussara", "cod_estado": "GO", "input_rows": "28", "input_row_count": 1, "resolution_status": "resolved", "resolution_method": "id_exact", "axes_repaired": false, "matched_field_count": 10, "relevant_field_count": 10, "loss_field_count": 0, "dominant_mbmode24": 15, "dominant_class": "Pasture", "dominant_class_area_ha": 117.268, "post2020_loss_ha": 0.0, "follow_up_required": false, "assessment_status": "no_post2020_loss", "applicable_delivery_tiers": "slaughter_point", "contact_entity_id": null, "contact_entity_type": null, "contact_tier": null, "contact_evidence_basis": null, "contact_evidence_value": null, "contact_distance_m": null, "facility_override": false, "contact_selection_status": "not_applicable", "unsupported_class_field_count": 0 }, "bbox": [ -51.441415721008987, -15.589217783413, -51.410740988588003, -15.557030984061001 ], "geometry": { "type": "Polygon", "coordinates": [ [ [ -51.441415721008987, -15.557030984061001 ], [ -51.426134962931989, -15.561688717951 ], [ -51.422734127195, -15.562716319886 ], [ -51.419500056437997, -15.563641773803001 ], [ -51.412150585897997, -15.565861121436001 ], [ -51.410926908809991, -15.566138232103 ], [ -51.410785455754002, -15.566167145533001 ], [ -51.410740988588003, -15.566482717297999 ], [ -51.410939084844003, -15.566896966474999 ], [ -51.411333828097987, -15.567243803395 ], [ -51.411900893523992, -15.567676944091 ], [ -51.412263241856003, -15.567982858937 ], [ -51.412483481565999, -15.568087127302 ], [ -51.412755567993997, -15.568219541012001 ], [ -51.412990363966998, -15.568584005283 ], [ -51.413103664297999, -15.568850860192001 ], [ -51.413482368913002, -15.569130235289 ], [ -51.413742528871992, -15.569659243601 ], [ -51.413887065479003, -15.570280348167 ], [ -51.414122553616998, -15.570606333120001 ], [ -51.414554207709998, -15.571247446184 ], [ -51.414847382302, -15.571656458693001 ], [ -51.414998188901002, -15.571988089753001 ], [ -51.414597355604997, -15.572523946767999 ], [ -51.414351878228999, -15.573186485461999 ], [ -51.414496473497998, -15.573629788487001 ], [ -51.414806526546997, -15.576073988454 ], [ -51.414908531270001, -15.576554275586 ], [ -51.415309280033, -15.576855465493001 ], [ -51.415436971421009, -15.577211097086 ], [ -51.415595361062998, -15.577363872826 ], [ -51.41563461866, -15.577605389533 ], [ -51.415710844874013, -15.577650213318 ], [ -51.41608233346399, -15.577944432461001 ], [ -51.416389661490001, -15.578136171054 ], [ -51.417693835606997, -15.577733682537 ], [ -51.422600998636, -15.588413613883001 ], [ -51.427394856195001, -15.589217783413 ], [ -51.435893634878987, -15.572133796558999 ], [ -51.434295784413997, -15.571836798926 ], [ -51.441415721008987, -15.557030984061001 ] ] ] } },
{ "type": "Feature", "properties": { "property_key": "GO-5212204-3EC9EBA0E8B64C978796D37DE35E549F", "cod_imovel": "GO-5212204-3EC9EBA0E8B64C978796D37DE35E549F", "municipio": "Jussara", "cod_estado": "GO", "input_rows": "29", "input_row_count": 1, "resolution_status": "resolved", "resolution_method": "id_exact", "axes_repaired": false, "matched_field_count": 7, "relevant_field_count": 7, "loss_field_count": 2, "dominant_mbmode24": 15, "dominant_class": "Pasture", "dominant_class_area_ha": 279.527, "post2020_loss_ha": 3.004, "follow_up_required": true, "assessment_status": "flagged_post2020_loss", "applicable_delivery_tiers": "slaughter_point", "contact_entity_id": "5212204", "contact_entity_type": "cooperative", "contact_tier": "membership_muni", "contact_evidence_basis": "observed", "contact_evidence_value": 105.0, "contact_distance_m": null, "facility_override": false, "contact_selection_status": "default_membership_no_qualifying_override", "unsupported_class_field_count": 0 }, "bbox": [ -51.38322691100587, -15.78039450743772, -51.350446966674951, -15.75295325059958 ], "geometry": { "type": "Polygon", "coordinates": [ [ [ -51.354218427592983, -15.75295325059958 ], [ -51.350446966674951, -15.77600285751581 ], [ -51.356833900042268, -15.77709912024269 ], [ -51.359273155722882, -15.78039450743772 ], [ -51.370379948284068, -15.767601020397111 ], [ -51.374531668389061, -15.770333442759201 ], [ -51.382569175836238, -15.76209719146035 ], [ -51.382989781533389, -15.76097688442656 ], [ -51.38322691100587, -15.75958993525933 ], [ -51.363292823779588, -15.75518106897105 ], [ -51.361969116122332, -15.75365706118866 ], [ -51.354218427592983, -15.75295325059958 ] ] ] } },
{ "type": "Feature", "properties": { "property_key": "GO-5212204-44A20600D515455FBC21DE3D450D828B", "cod_imovel": "GO-5212204-44A20600D515455FBC21DE3D450D828B", "municipio": "Jussara", "cod_estado": "GO", "input_rows": "30", "input_row_count": 1, "resolution_status": "resolved", "resolution_method": "id_exact", "axes_repaired": false, "matched_field_count": 1, "relevant_field_count": 1, "loss_field_count": 0, "dominant_mbmode24": 15, "dominant_class": "Pasture", "dominant_class_area_ha": 9.492, "post2020_loss_ha": 0.0, "follow_up_required": false, "assessment_status": "no_post2020_loss", "applicable_delivery_tiers": "slaughter_point", "contact_entity_id": null, "contact_entity_type": null, "contact_tier": null, "contact_evidence_basis": null, "contact_evidence_value": null, "contact_distance_m": null, "facility_override": false, "contact_selection_status": "not_applicable", "unsupported_class_field_count": 0 }, "bbox": [ -51.457579135894775, -15.73094599041969, -51.449721674717651, -15.716007762870596 ], "geometry": { "type": "Polygon", "coordinates": [ [ [ -51.454883217639441, -15.727537508108149 ], [ -51.457040710578973, -15.71680646094293 ], [ -51.452965736389153, -15.716007762870596 ], [ -51.449721674717651, -15.72311725573951 ], [ -51.452536582946777, -15.723484916844146 ], [ -51.454489231109619, -15.723712118880506 ], [ -51.452987194061279, -15.730755256182061 ], [ -51.454908638607172, -15.73094599041969 ], [ -51.455554269540343, -15.73077424611208 ], [ -51.457270458328537, -15.730241712933489 ], [ -51.457257270812988, -15.730011710676312 ], [ -51.45723293722574, -15.729878242293159 ], [ -51.457258553850608, -15.7297973196605 ], [ -51.457371136349508, -15.72975097085374 ], [ -51.457357566192407, -15.729628365055261 ], [ -51.457409087392797, -15.72950062363355 ], [ -51.457534441211251, -15.72938644684648 ], [ -51.457579135894775, -15.729164891651296 ], [ -51.457364559173584, -15.728751807920936 ], [ -51.457072857542641, -15.72854841254768 ], [ -51.45664761894627, -15.72835831760653 ], [ -51.454883217639441, -15.727537508108149 ] ] ] } },
{ "type": "Feature", "properties": { "property_key": "GO-5212204-498B6B5D358E4981AEF4DE19AF27B399", "cod_imovel": "GO-5212204-498B6B5D358E4981AEF4DE19AF27B399", "municipio": "Jussara", "cod_estado": "GO", "input_rows": "31", "input_row_count": 1, "resolution_status": "resolved", "resolution_method": "id_exact", "axes_repaired": false, "matched_field_count": 5, "relevant_field_count": 5, "loss_field_count": 0, "dominant_mbmode24": 39, "dominant_class": "Soybean", "dominant_class_area_ha": 592.753, "post2020_loss_ha": 0.0, "follow_up_required": false, "assessment_status": "no_post2020_loss", "applicable_delivery_tiers": "intake_point", "contact_entity_id": null, "contact_entity_type": null, "contact_tier": null, "contact_evidence_basis": null, "contact_evidence_value": null, "contact_distance_m": null, "facility_override": false, "contact_selection_status": "not_applicable", "unsupported_class_field_count": 0 }, "bbox": [ -51.344438618639799, -15.872808761891548, -51.310972412389106, -15.828240949832916 ], "geometry": { "type": "Polygon", "coordinates": [ [ [ -51.329396295537428, -15.828240949832916 ], [ -51.32182571593551, -15.836059119676722 ], [ -51.310972412389106, -15.847211343559165 ], [ -51.312746515253551, -15.849607088860202 ], [ -51.319419790676285, -15.855746203585699 ], [ -51.319666511188423, -15.855972889644898 ], [ -51.322330156504215, -15.857300215652415 ], [ -51.32767957668149, -15.863681123760026 ], [ -51.329011238005172, -15.8653209765206 ], [ -51.330509558502641, -15.866827925452574 ], [ -51.33106210589257, -15.867433113146637 ], [ -51.333513702038161, -15.870234131773342 ], [ -51.33582913337932, -15.872808761891548 ], [ -51.336247724732338, -15.871178862663786 ], [ -51.338768624296755, -15.858975730586637 ], [ -51.338941164226327, -15.858486330103997 ], [ -51.340404375479942, -15.851386980535686 ], [ -51.342754950494992, -15.840891499768951 ], [ -51.344438618639799, -15.832713554015047 ], [ -51.344344496536529, -15.832571506795519 ], [ -51.335671806110341, -15.831182650503818 ], [ -51.33304453038081, -15.830764927718688 ], [ -51.331441311276762, -15.830512623717539 ], [ -51.329396295537428, -15.828240949832916 ] ] ] } },
{ "type": "Feature", "properties": { "property_key": "GO-5212204-4C368AF214CE46F5BD8982CDA10FD865", "cod_imovel": "GO-5212204-4C368AF214CE46F5BD8982CDA10FD865", "municipio": "Jussara", "cod_estado": "GO", "input_rows": "32", "input_row_count": 1, "resolution_status": "resolved", "resolution_method": "id_exact", "axes_repaired": false, "matched_field_count": 0, "relevant_field_count": 0, "loss_field_count": 0, "dominant_mbmode24": null, "dominant_class": null, "dominant_class_area_ha": null, "post2020_loss_ha": 0.0, "follow_up_required": false, "assessment_status": "no_matched_fields", "applicable_delivery_tiers": "none", "contact_entity_id": null, "contact_entity_type": null, "contact_tier": null, "contact_evidence_basis": null, "contact_evidence_value": null, "contact_distance_m": null, "facility_override": false, "contact_selection_status": "not_applicable", "unsupported_class_field_count": 0 }, "bbox": [ -51.342037121074306, -15.795675677828109, -51.336221304733961, -15.787592302606614 ], "geometry": { "type": "Polygon", "coordinates": [ [ [ -51.337650686193157, -15.787592302606614 ], [ -51.336988442213752, -15.790877283268687 ], [ -51.336221304733961, -15.795675677828109 ], [ -51.339006483500022, -15.79223199519628 ], [ -51.338222412332712, -15.791220827122535 ], [ -51.338669604805602, -15.790667665381395 ], [ -51.339654020777104, -15.791431338146607 ], [ -51.340165897671064, -15.790798414621126 ], [ -51.341510510647709, -15.78993310500684 ], [ -51.342037121074306, -15.789433437808013 ], [ -51.341776975314531, -15.789210117472976 ], [ -51.341137245659667, -15.78930811765145 ], [ -51.339642393261173, -15.789475971001213 ], [ -51.339440257508407, -15.789499122455428 ], [ -51.339052123025404, -15.789528455424291 ], [ -51.338291775257439, -15.788478004004334 ], [ -51.337650686193157, -15.787592302606614 ] ] ] } },
{ "type": "Feature", "properties": { "property_key": "GO-5212204-50D789C6D210454F80F32B313D791784", "cod_imovel": "GO-5212204-50D789C6D210454F80F32B313D791784", "municipio": "Jussara", "cod_estado": "GO", "input_rows": "33", "input_row_count": 1, "resolution_status": "resolved", "resolution_method": "id_exact", "axes_repaired": false, "matched_field_count": 6, "relevant_field_count": 6, "loss_field_count": 1, "dominant_mbmode24": 15, "dominant_class": "Pasture", "dominant_class_area_ha": 827.776, "post2020_loss_ha": 0.276, "follow_up_required": true, "assessment_status": "flagged_post2020_loss", "applicable_delivery_tiers": "slaughter_point", "contact_entity_id": "5212204", "contact_entity_type": "cooperative", "contact_tier": "membership_muni", "contact_evidence_basis": "observed", "contact_evidence_value": 105.0, "contact_distance_m": null, "facility_override": false, "contact_selection_status": "default_membership_no_qualifying_override", "unsupported_class_field_count": 0 }, "bbox": [ -51.38596849279547, -15.7595893890574, -51.344431136739253, -15.72857674093618 ], "geometry": { "type": "Polygon", "coordinates": [ [ [ -51.354292797055336, -15.72857674093618 ], [ -51.344431136739253, -15.73277023312728 ], [ -51.354673447397417, -15.74915207719439 ], [ -51.354802137542407, -15.74950724872404 ], [ -51.354218521569372, -15.752953612065641 ], [ -51.361968929102261, -15.75365688069007 ], [ -51.36329273026827, -15.75518097872235 ], [ -51.38322905709348, -15.7595893890574 ], [ -51.38596849279547, -15.74401799399635 ], [ -51.375676731670062, -15.73627419142441 ], [ -51.372020786102588, -15.7349831502247 ], [ -51.354292797055336, -15.72857674093618 ] ] ] } },
{ "type": "Feature", "properties": { "property_key": "GO-5212204-52E2FECF2A7042F2B0DC6B27138AADE6", "cod_imovel": "GO-5212204-52E2FECF2A7042F2B0DC6B27138AADE6", "municipio": "Jussara", "cod_estado": "GO", "input_rows": "34", "input_row_count": 1, "resolution_status": "resolved", "resolution_method": "id_exact", "axes_repaired": false, "matched_field_count": 31, "relevant_field_count": 28, "loss_field_count": 0, "dominant_mbmode24": 15, "dominant_class": "Pasture", "dominant_class_area_ha": 2120.094, "post2020_loss_ha": 0.0, "follow_up_required": false, "assessment_status": "no_post2020_loss", "applicable_delivery_tiers": "slaughter_point", "contact_entity_id": null, "contact_entity_type": null, "contact_tier": null, "contact_evidence_basis": null, "contact_evidence_value": null, "contact_distance_m": null, "facility_override": false, "contact_selection_status": "not_applicable", "unsupported_class_field_count": 0 }, "bbox": [ -51.516855, -15.703529196636699, -51.463253059999971, -15.624192499996246 ], "geometry": { "type": "Polygon", "coordinates": [ [ [ -51.47215547756015, -15.653535352642132 ], [ -51.470423327759903, -15.662727413704168 ], [ -51.468998157615879, -15.670135123944124 ], [ -51.468416252528925, -15.673238682141378 ], [ -51.46431917, -15.695465829996142 ], [ -51.463301939999987, -15.700700279996131 ], [ -51.463253059999971, -15.700943059996129 ], [ -51.466734169999988, -15.701850279996126 ], [ -51.47315972, -15.703462499996133 ], [ -51.47328916999998, -15.703496669996136 ], [ -51.473417205189484, -15.703529196636699 ], [ -51.47347389, -15.70347693999614 ], [ -51.50267861, -15.690687219996157 ], [ -51.51107611, -15.687026939996143 ], [ -51.51296167, -15.677984169996172 ], [ -51.513010559999977, -15.677653329996179 ], [ -51.513851669999987, -15.673545559996175 ], [ -51.514791669999987, -15.668961939996203 ], [ -51.515376669999981, -15.66610332999619 ], [ -51.51622833, -15.661377219996202 ], [ -51.516855, -15.657926939996207 ], [ -51.50724667, -15.65604832999621 ], [ -51.504310559999986, -15.655496669996198 ], [ -51.502372499999986, -15.657166109996197 ], [ -51.50169583, -15.658037779996203 ], [ -51.50120194, -15.65842749999619 ], [ -51.500091389999987, -15.65822388999621 ], [ -51.498789169999981, -15.658000559996209 ], [ -51.49510528, -15.657387219996197 ], [ -51.495033567535216, -15.657375187852244 ], [ -51.496795, -15.646996669996208 ], [ -51.49674361, -15.647007219996219 ], [ -51.496761939999978, -15.646902219996214 ], [ -51.497874439999983, -15.641056109996223 ], [ -51.49808083, -15.640041109996224 ], [ -51.49837056, -15.640231669996236 ], [ -51.499103329999983, -15.640200559996236 ], [ -51.500515829999983, -15.640424719996229 ], [ -51.50125194, -15.639811109996222 ], [ -51.50198139, -15.639673609996224 ], [ -51.50436306, -15.638596939996233 ], [ -51.50537167, -15.638140829996226 ], [ -51.506754439999987, -15.633632779996239 ], [ -51.509165279999976, -15.628306939996259 ], [ -51.508667499999973, -15.628215559996244 ], [ -51.504538889999978, -15.627516669996249 ], [ -51.503656939999985, -15.626792779996251 ], [ -51.50282306, -15.626368329996257 ], [ -51.50192083, -15.626051389996253 ], [ -51.50081722, -15.625912779996247 ], [ -51.50008, -15.62596110999624 ], [ -51.499081939999989, -15.626141389996256 ], [ -51.498305559999984, -15.626462499996261 ], [ -51.48495194, -15.624192499996246 ], [ -51.48300194, -15.634756109996239 ], [ -51.475882779999985, -15.633545829996233 ], [ -51.472588313036333, -15.65122006785637 ], [ -51.47215547756015, -15.653535352642132 ] ] ] } },
{ "type": "Feature", "properties": { "property_key": "GO-5212204-57B761BC972B4CF1ACB6FB3191344583", "cod_imovel": "GO-5212204-57B761BC972B4CF1ACB6FB3191344583", "municipio": "Jussara", "cod_estado": "GO", "input_rows": "35", "input_row_count": 1, "resolution_status": "resolved", "resolution_method": "id_exact", "axes_repaired": false, "matched_field_count": 0, "relevant_field_count": 0, "loss_field_count": 0, "dominant_mbmode24": null, "dominant_class": null, "dominant_class_area_ha": null, "post2020_loss_ha": 0.0, "follow_up_required": false, "assessment_status": "no_matched_fields", "applicable_delivery_tiers": "none", "contact_entity_id": null, "contact_entity_type": null, "contact_tier": null, "contact_evidence_basis": null, "contact_evidence_value": null, "contact_distance_m": null, "facility_override": false, "contact_selection_status": "not_applicable", "unsupported_class_field_count": 0 }, "bbox": [ -51.414530636899997, -15.7110261238, -51.406022168900002, -15.706602413600001 ], "geometry": { "type": "Polygon", "coordinates": [ [ [ -51.414330491, -15.7072449911 ], [ -51.410195786499997, -15.706602413600001 ], [ -51.4081305323, -15.708364098900001 ], [ -51.406022168900002, -15.7101625316 ], [ -51.414530636899997, -15.7110261238 ], [ -51.414330491, -15.7072449911 ] ] ] } },
{ "type": "Feature", "properties": { "property_key": "GO-5212204-58CF696D8D4E433088EF08BC9873490F", "cod_imovel": "GO-5212204-58CF696D8D4E433088EF08BC9873490F", "municipio": "Jussara", "cod_estado": "GO", "input_rows": "36", "input_row_count": 1, "resolution_status": "resolved", "resolution_method": "id_exact", "axes_repaired": false, "matched_field_count": 1, "relevant_field_count": 1, "loss_field_count": 0, "dominant_mbmode24": 15, "dominant_class": "Pasture", "dominant_class_area_ha": 1.88, "post2020_loss_ha": 0.0, "follow_up_required": false, "assessment_status": "no_post2020_loss", "applicable_delivery_tiers": "slaughter_point", "contact_entity_id": null, "contact_entity_type": null, "contact_tier": null, "contact_evidence_basis": null, "contact_evidence_value": null, "contact_distance_m": null, "facility_override": false, "contact_selection_status": "not_applicable", "unsupported_class_field_count": 0 }, "bbox": [ -51.342463045525797, -15.798312636260519, -51.335839607366218, -15.789382740520528 ], "geometry": { "type": "Polygon", "coordinates": [ [ [ -51.336221304733961, -15.795675677828109 ], [ -51.335839607366218, -15.798312636260519 ], [ -51.337519894228699, -15.79636422217666 ], [ -51.337868769330939, -15.795964306159581 ], [ -51.34197043771281, -15.791262399600699 ], [ -51.342432074663257, -15.789814642018536 ], [ -51.342463045525797, -15.789717512341534 ], [ -51.342112191297261, -15.789382740520528 ], [ -51.342037121074277, -15.789433437808013 ], [ -51.341671761733799, -15.789780104481952 ], [ -51.341510510647709, -15.78993310500684 ], [ -51.340292504678438, -15.79071693885823 ], [ -51.340165897671064, -15.790798414621126 ], [ -51.339708641285476, -15.79136380143812 ], [ -51.339006483500022, -15.79223199519628 ], [ -51.336221304733961, -15.795675677828109 ] ] ] } },
{ "type": "Feature", "properties": { "property_key": "GO-5212204-59B661AA7FEB45408462F5CD9717FC56", "cod_imovel": "GO-5212204-59B661AA7FEB45408462F5CD9717FC56", "municipio": "Jussara", "cod_estado": "GO", "input_rows": "37", "input_row_count": 1, "resolution_status": "resolved", "resolution_method": "id_exact", "axes_repaired": false, "matched_field_count": 6, "relevant_field_count": 6, "loss_field_count": 1, "dominant_mbmode24": 15, "dominant_class": "Pasture", "dominant_class_area_ha": 585.31, "post2020_loss_ha": 0.604, "follow_up_required": true, "assessment_status": "flagged_post2020_loss", "applicable_delivery_tiers": "slaughter_point", "contact_entity_id": "5212204", "contact_entity_type": "cooperative", "contact_tier": "membership_muni", "contact_evidence_basis": "observed", "contact_evidence_value": 105.0, "contact_distance_m": null, "facility_override": false, "contact_selection_status": "default_membership_no_qualifying_override", "unsupported_class_field_count": 0 }, "bbox": [ -51.363420166704209, -15.8062630745465, -51.335260996403591, -15.774197078757799 ], "geometry": { "type": "Polygon", "coordinates": [ [ [ -51.363420166704209, -15.786206202535981 ], [ -51.359245793887411, -15.78043878468868 ], [ -51.35273199600082, -15.783781076890479 ], [ -51.35038300031735, -15.78167607095342 ], [ -51.34724300057767, -15.781938071128289 ], [ -51.344380994836982, -15.78464107810249 ], [ -51.342512270418872, -15.78324899618932 ], [ -51.347709996164262, -15.775546076746229 ], [ -51.339873994507947, -15.774197078757799 ], [ -51.339455999967221, -15.782999071849829 ], [ -51.337800997698473, -15.78680507681249 ], [ -51.342676000017782, -15.788558078441159 ], [ -51.3428480023357, -15.78906507602581 ], [ -51.341832001525141, -15.791401073153679 ], [ -51.335260996403591, -15.79897006995083 ], [ -51.340834999176018, -15.8062630745465 ], [ -51.363420166704209, -15.786206202535981 ] ] ] } },
{ "type": "Feature", "properties": { "property_key": "GO-5212204-5A18ED37BE2448B2BF618ECD096BF499", "cod_imovel": "GO-5212204-5A18ED37BE2448B2BF618ECD096BF499", "municipio": "Jussara", "cod_estado": "GO", "input_rows": "38", "input_row_count": 1, "resolution_status": "resolved", "resolution_method": "id_exact", "axes_repaired": false, "matched_field_count": 5, "relevant_field_count": 5, "loss_field_count": 1, "dominant_mbmode24": 15, "dominant_class": "Pasture", "dominant_class_area_ha": 202.391, "post2020_loss_ha": 0.048, "follow_up_required": true, "assessment_status": "flagged_post2020_loss", "applicable_delivery_tiers": "slaughter_point", "contact_entity_id": "5212204", "contact_entity_type": "cooperative", "contact_tier": "membership_muni", "contact_evidence_basis": "observed", "contact_evidence_value": 105.0, "contact_distance_m": null, "facility_override": false, "contact_selection_status": "default_membership_no_qualifying_override", "unsupported_class_field_count": 0 }, "bbox": [ -51.34155778, -15.81859917, -51.31386889, -15.79103111 ], "geometry": { "type": "Polygon", "coordinates": [ [ [ -51.32919444, -15.79103111 ], [ -51.32813472, -15.79114417 ], [ -51.31835056, -15.80478083 ], [ -51.31593694, -15.80814556 ], [ -51.31386889, -15.81100472 ], [ -51.320515, -15.81859917 ], [ -51.32055361, -15.81855389 ], [ -51.33185083, -15.805315 ], [ -51.33579444, -15.80737083 ], [ -51.33726667, -15.80814194 ], [ -51.33939083, -15.809245 ], [ -51.34155778, -15.807145 ], [ -51.34083667, -15.80623861 ], [ -51.34082028, -15.80625417 ], [ -51.33524917, -15.79897278 ], [ -51.33266167, -15.79556056 ], [ -51.32919444, -15.79103111 ] ] ] } },
{ "type": "Feature", "properties": { "property_key": "GO-5212204-5A626DA1611C4A4885618BD646CF0010", "cod_imovel": "GO-5212204-5A626DA1611C4A4885618BD646CF0010", "municipio": "Jussara", "cod_estado": "GO", "input_rows": "39", "input_row_count": 1, "resolution_status": "resolved", "resolution_method": "id_exact", "axes_repaired": false, "matched_field_count": 74, "relevant_field_count": 74, "loss_field_count": 2, "dominant_mbmode24": 15, "dominant_class": "Pasture", "dominant_class_area_ha": 1543.944, "post2020_loss_ha": 10.838, "follow_up_required": true, "assessment_status": "flagged_post2020_loss", "applicable_delivery_tiers": "slaughter_point", "contact_entity_id": "5212204", "contact_entity_type": "cooperative", "contact_tier": "membership_muni", "contact_evidence_basis": "observed", "contact_evidence_value": 105.0, "contact_distance_m": null, "facility_override": false, "contact_selection_status": "default_membership_no_qualifying_override", "unsupported_class_field_count": 0 }, "bbox": [ -51.482856080931029, -15.65120809064706, -51.43474817276001, -15.592603081319378 ], "geometry": { "type": "Polygon", "coordinates": [ [ [ -51.482747985039168, -15.597093304984829 ], [ -51.482646643041221, -15.596849772248186 ], [ -51.458202493065059, -15.592603081319378 ], [ -51.457735848154805, -15.592943812945807 ], [ -51.456737067602383, -15.592696732261409 ], [ -51.455755610261967, -15.592734362285428 ], [ -51.455052036877483, -15.593127352152937 ], [ -51.454563496442134, -15.594141170827843 ], [ -51.453729149534013, -15.594278797931763 ], [ -51.452729049355121, -15.594953907627865 ], [ -51.45181577466176, -15.595641777742296 ], [ -51.45092897672609, -15.596226043952433 ], [ -51.45051048490523, -15.597223531288014 ], [ -51.449911124025959, -15.597956051641187 ], [ -51.449332593510711, -15.599057410161404 ], [ -51.448665423241948, -15.599317637577878 ], [ -51.447958804901695, -15.599862694679834 ], [ -51.447466111158356, -15.600523803381966 ], [ -51.446498927182859, -15.601004669968228 ], [ -51.445625431853273, -15.601582416783037 ], [ -51.445137966825058, -15.601576932875075 ], [ -51.444057701408553, -15.602265109798147 ], [ -51.443852189627961, -15.60295798840526 ], [ -51.44299901644213, -15.603678059692479 ], [ -51.44270061153518, -15.60464940419774 ], [ -51.44321568326459, -15.605069021393415 ], [ -51.442656144952572, -15.60571083961085 ], [ -51.442477030383408, -15.606261288085616 ], [ -51.441843783756326, -15.606786763534778 ], [ -51.441845751116929, -15.607705729676649 ], [ -51.441867017143153, -15.608281661088794 ], [ -51.44136195311259, -15.609421681286593 ], [ -51.44086287000907, -15.610238107372345 ], [ -51.440429855745222, -15.610724347328032 ], [ -51.440577580693258, -15.611105876660327 ], [ -51.440585902890803, -15.61187598261561 ], [ -51.440540443748922, -15.612477934304023 ], [ -51.440034092745606, -15.613022565142316 ], [ -51.439400336996243, -15.61332152823908 ], [ -51.439061794024802, -15.614273533129209 ], [ -51.438615507843487, -15.614805097492214 ], [ -51.439084678975668, -15.61561311230237 ], [ -51.440014145549995, -15.61619369766143 ], [ -51.439608739117148, -15.617107007451715 ], [ -51.439183143743023, -15.617949169103298 ], [ -51.438016605858451, -15.618941656327618 ], [ -51.437718418210167, -15.620035954081382 ], [ -51.436904687444333, -15.620503531110966 ], [ -51.436264363100044, -15.620867214843988 ], [ -51.43627904740471, -15.621494932457814 ], [ -51.435887452936676, -15.622636332591343 ], [ -51.435652470336727, -15.622835801198256 ], [ -51.435729558380537, -15.623762707143083 ], [ -51.436138951143079, -15.624719693159992 ], [ -51.436241602575912, -15.62589085132398 ], [ -51.436324371318534, -15.627133236556645 ], [ -51.436499103549679, -15.627852802459104 ], [ -51.43602796109851, -15.629092973863203 ], [ -51.435282257603205, -15.629673759910563 ], [ -51.435425180944414, -15.630463335560929 ], [ -51.435675057496042, -15.631005739388813 ], [ -51.435487679075308, -15.631916064300086 ], [ -51.434875501124289, -15.63195990403733 ], [ -51.434962749481201, -15.632232507761437 ], [ -51.435218333057634, -15.632341592390038 ], [ -51.435473313137038, -15.633121696410278 ], [ -51.435284614562988, -15.63328636788019 ], [ -51.435112953186035, -15.633493006483118 ], [ -51.435373215242407, -15.633663701080181 ], [ -51.435312096296926, -15.63401184488103 ], [ -51.435198783874505, -15.634133584826859 ], [ -51.43549919128418, -15.63444354137045 ], [ -51.435464135008772, -15.634941122980354 ], [ -51.435306072235107, -15.635332080861337 ], [ -51.435070037841797, -15.635704026479942 ], [ -51.43474817276001, -15.63611729859692 ], [ -51.434829063258555, -15.636740011743337 ], [ -51.435423830532365, -15.637099687402831 ], [ -51.436078548431396, -15.639671404360524 ], [ -51.43648624420166, -15.642398932043125 ], [ -51.437115896976515, -15.645155774176452 ], [ -51.453467684758486, -15.647873541775798 ], [ -51.453455482296945, -15.647941795904517 ], [ -51.472595699876493, -15.65120809064706 ], [ -51.477855985328929, -15.622973289021594 ], [ -51.482856080931029, -15.596989122318359 ], [ -51.482747985039168, -15.597093304984829 ] ] ] } },
{ "type": "Feature", "properties": { "property_key": "GO-5212204-5D9A52F2411D4BE8BE74CA5E1CEE15BF", "cod_imovel": "GO-5212204-5D9A52F2411D4BE8BE74CA5E1CEE15BF", "municipio": "Jussara", "cod_estado": "GO", "input_rows": "40", "input_row_count": 1, "resolution_status": "resolved", "resolution_method": "id_exact", "axes_repaired": false, "matched_field_count": 4, "relevant_field_count": 4, "loss_field_count": 0, "dominant_mbmode24": 15, "dominant_class": "Pasture", "dominant_class_area_ha": 37.796, "post2020_loss_ha": 0.0, "follow_up_required": false, "assessment_status": "no_post2020_loss", "applicable_delivery_tiers": "slaughter_point", "contact_entity_id": null, "contact_entity_type": null, "contact_tier": null, "contact_evidence_basis": null, "contact_evidence_value": null, "contact_distance_m": null, "facility_override": false, "contact_selection_status": "not_applicable", "unsupported_class_field_count": 0 }, "bbox": [ -51.457557678222649, -15.730926956, -51.449728355700003, -15.715906567299999 ], "geometry": { "type": "Polygon", "coordinates": [ [ [ -51.4528746672, -15.715906567299999 ], [ -51.449728355700003, -15.723080982200001 ], [ -51.454417984199999, -15.7236041561 ], [ -51.452987194061279, -15.730672640148969 ], [ -51.454887370400009, -15.730926956 ], [ -51.457259792400002, -15.7302500247 ], [ -51.457270397800002, -15.7302175566 ], [ -51.457361612699998, -15.7301736099 ], [ -51.457407474517815, -15.729867132067925 ], [ -51.4574017041, -15.729560686899999 ], [ -51.457557678222649, -15.729288816606852 ], [ -51.457394589899998, -15.7289290949 ], [ -51.4572755433, -15.728961031 ], [ -51.457265627699996, -15.728729807600001 ], [ -51.456894822400002, -15.7285449037 ], [ -51.456699371337891, -15.728524611511716 ], [ -51.456656455993652, -15.728483303046426 ], [ -51.456576822300001, -15.728420142899999 ], [ -51.45644386, -15.728339401 ], [ -51.456114492499999, -15.728185526100001 ], [ -51.454982757568359, -15.727677786296704 ], [ -51.454930736800009, -15.726496448900001 ], [ -51.457090330299998, -15.7168036774 ], [ -51.457070460899999, -15.716724705800001 ], [ -51.457070460899999, -15.716724705800001 ], [ -51.4528746672, -15.715906567299999 ] ] ] } },
{ "type": "Feature", "properties": { "property_key": "GO-5212204-5EA91F9370294F8F8F9447882810DD0B", "cod_imovel": "GO-5212204-5EA91F9370294F8F8F9447882810DD0B", "municipio": "Jussara", "cod_estado": "GO", "input_rows": "41", "input_row_count": 1, "resolution_status": "resolved", "resolution_method": "id_exact", "axes_repaired": false, "matched_field_count": 42, "relevant_field_count": 42, "loss_field_count": 1, "dominant_mbmode24": 15, "dominant_class": "Pasture", "dominant_class_area_ha": 1437.347, "post2020_loss_ha": 0.082, "follow_up_required": true, "assessment_status": "flagged_post2020_loss", "applicable_delivery_tiers": "slaughter_point", "contact_entity_id": "5484", "contact_entity_type": "buyer", "contact_tier": "slaughter_point", "contact_evidence_basis": "observed", "contact_evidence_value": 0.0, "contact_distance_m": 9611.4, "facility_override": true, "contact_selection_status": "nearby_routed_facility_override", "unsupported_class_field_count": 0 }, "bbox": [ -51.453703422928648, -15.631634243257635, -51.381782676106766, -15.566221426247269 ], "geometry": { "type": "Polygon", "coordinates": [ [ [ -51.445817838344141, -15.592226526038482 ], [ -51.444783680584898, -15.59205767632319 ], [ -51.427394855454672, -15.589217782737849 ], [ -51.422600997800608, -15.588413613088813 ], [ -51.417693834452585, -15.577733681871329 ], [ -51.416389660540581, -15.578136170472487 ], [ -51.41628388567657, -15.578170019363828 ], [ -51.416062756900182, -15.577963950903946 ], [ -51.415609001879517, -15.577622044430901 ], [ -51.415569139913863, -15.577376849309083 ], [ -51.415412666401437, -15.57722591451251 ], [ -51.415285574905724, -15.576871972340538 ], [ -51.414884153600291, -15.576570277232388 ], [ -51.414778751619366, -15.576115356184902 ], [ -51.414340130561534, -15.573668522498245 ], [ -51.414204155079283, -15.572955939029576 ], [ -51.414715914366894, -15.571918113481116 ], [ -51.414105878282278, -15.571031080252364 ], [ -51.41349240042031, -15.570230235504816 ], [ -51.412937433772832, -15.569125570408325 ], [ -51.411857260853346, -15.567844582829871 ], [ -51.410557447622224, -15.567444306472638 ], [ -51.410682645240712, -15.566221426247269 ], [ -51.410068217098654, -15.566805027999713 ], [ -51.389746338981517, -15.592956023451681 ], [ -51.388837211609058, -15.593598229248723 ], [ -51.381782676106766, -15.595549965355282 ], [ -51.38691421782061, -15.603227575418373 ], [ -51.384040729977265, -15.606665281515776 ], [ -51.385335360998745, -15.607664899161881 ], [ -51.387763522022276, -15.604773569877862 ], [ -51.405860155980548, -15.608125204646754 ], [ -51.418007293480969, -15.609645695028181 ], [ -51.415670164941716, -15.622345912560261 ], [ -51.414375717150307, -15.628122593989195 ], [ -51.422864401022672, -15.62967455151113 ], [ -51.434735873395532, -15.631634243257635 ], [ -51.435318556074563, -15.630488796761638 ], [ -51.435114030520516, -15.629658877804637 ], [ -51.435985555055126, -15.629054409061844 ], [ -51.436402990816887, -15.627964805556918 ], [ -51.436211956417189, -15.627087805264802 ], [ -51.43612390604342, -15.625949519315295 ], [ -51.435321370931518, -15.622695619228084 ], [ -51.435828217916637, -15.622392489634095 ], [ -51.436189415350832, -15.621399396343605 ], [ -51.435957709318892, -15.620691867824258 ], [ -51.436893087485885, -15.620285436792761 ], [ -51.437632339919297, -15.619856448361912 ], [ -51.437866181267466, -15.618768653866406 ], [ -51.438365435859318, -15.618244294192332 ], [ -51.439076770445659, -15.617852341513583 ], [ -51.439515939698602, -15.61703298146583 ], [ -51.439911637859915, -15.616246370756393 ], [ -51.439023414563145, -15.615680720799642 ], [ -51.438387946835917, -15.614711257164281 ], [ -51.438952947301139, -15.614269802008238 ], [ -51.43930873846903, -15.613269915766018 ], [ -51.439956149796522, -15.612911239802267 ], [ -51.440249973982908, -15.612497427682028 ], [ -51.440369007436274, -15.611842376581961 ], [ -51.440063108496375, -15.611331125033159 ], [ -51.440280862238481, -15.610766850651894 ], [ -51.440739709024669, -15.61014191887031 ], [ -51.441299664454704, -15.609286123290023 ], [ -51.441734752258441, -15.608302527655798 ], [ -51.441692851340655, -15.607575610917941 ], [ -51.441655124390955, -15.606732804011486 ], [ -51.442390986457042, -15.606180892431329 ], [ -51.442594200612604, -15.605592967788338 ], [ -51.442556677990027, -15.604677212965287 ], [ -51.442776716771533, -15.603618677656684 ], [ -51.443712527306765, -15.60264420349039 ], [ -51.44389143347049, -15.602038055317262 ], [ -51.445015796889074, -15.60137498431736 ], [ -51.445593942965694, -15.601390131130659 ], [ -51.446458089291106, -15.600837331601287 ], [ -51.447411517340832, -15.600344457272019 ], [ -51.447810926641395, -15.599705655365224 ], [ -51.448556326515821, -15.599226498539482 ], [ -51.449253136146979, -15.598915800317899 ], [ -51.449822981834608, -15.597688579375031 ], [ -51.450504171384537, -15.597040779621132 ], [ -51.450884149913072, -15.596066898707404 ], [ -51.451906709575205, -15.595352009875507 ], [ -51.452807106842847, -15.594679659295124 ], [ -51.453703422928648, -15.594084239510098 ], [ -51.452263023525305, -15.59327873234249 ], [ -51.445817838344141, -15.592226526038482 ] ] ] } },
{ "type": "Feature", "properties": { "property_key": "GO-5212204-618B314C50C54EEFBC18FB8B02538996", "cod_imovel": "GO-5212204-618B314C50C54EEFBC18FB8B02538996", "municipio": "Jussara", "cod_estado": "GO", "input_rows": "42", "input_row_count": 1, "resolution_status": "resolved", "resolution_method": "id_exact", "axes_repaired": false, "matched_field_count": 5, "relevant_field_count": 5, "loss_field_count": 0, "dominant_mbmode24": 15, "dominant_class": "Pasture", "dominant_class_area_ha": 167.509, "post2020_loss_ha": 0.0, "follow_up_required": false, "assessment_status": "no_post2020_loss", "applicable_delivery_tiers": "slaughter_point", "contact_entity_id": null, "contact_entity_type": null, "contact_tier": null, "contact_evidence_basis": null, "contact_evidence_value": null, "contact_distance_m": null, "facility_override": false, "contact_selection_status": "not_applicable", "unsupported_class_field_count": 0 }, "bbox": [ -51.432328066674515, -15.725214259416683, -51.41909527681856, -15.705798626017557 ], "geometry": { "type": "Polygon", "coordinates": [ [ [ -51.429731012514637, -15.708673033570424 ], [ -51.429180065739864, -15.707035942297924 ], [ -51.41909527681856, -15.705798626017557 ], [ -51.419545181402952, -15.711530129064434 ], [ -51.420463123405639, -15.72382652437064 ], [ -51.42927228161723, -15.725214259416683 ], [ -51.428322963902765, -15.722228535058134 ], [ -51.427575806079197, -15.719943856252764 ], [ -51.432328066674515, -15.716389565602057 ], [ -51.42984736280539, -15.709018755044143 ], [ -51.429731012514637, -15.708673033570424 ] ] ] } },
{ "type": "Feature", "properties": { "property_key": "GO-5212204-666FDE631E27448F908117041A14AAF7", "cod_imovel": "GO-5212204-666FDE631E27448F908117041A14AAF7", "municipio": "Jussara", "cod_estado": "GO", "input_rows": "43", "input_row_count": 1, "resolution_status": "resolved", "resolution_method": "id_exact", "axes_repaired": false, "matched_field_count": 3, "relevant_field_count": 3, "loss_field_count": 0, "dominant_mbmode24": 15, "dominant_class": "Pasture", "dominant_class_area_ha": 25.106, "post2020_loss_ha": 0.0, "follow_up_required": false, "assessment_status": "no_post2020_loss", "applicable_delivery_tiers": "slaughter_point", "contact_entity_id": null, "contact_entity_type": null, "contact_tier": null, "contact_evidence_basis": null, "contact_evidence_value": null, "contact_distance_m": null, "facility_override": false, "contact_selection_status": "not_applicable", "unsupported_class_field_count": 0 }, "bbox": [ -51.405080580099998, -15.7713957761, -51.384320497799997, -15.7517250344 ], "geometry": { "type": "Polygon", "coordinates": [ [ [ -51.393927701300001, -15.7517250344 ], [ -51.384320497799997, -15.762991660199997 ], [ -51.395303925699999, -15.7713957761 ], [ -51.399701960199998, -15.770840980900003 ], [ -51.399679991200003, -15.770539613800002 ], [ -51.399800816700001, -15.770407221 ], [ -51.399795961800002, -15.769882705100001 ], [ -51.399955684, -15.7698765354 ], [ -51.3997617156, -15.769509398800004 ], [ -51.399920826399999, -15.769286621899999 ], [ -51.399877899499998, -15.768961788199992 ], [ -51.399982195500002, -15.768922542099993 ], [ -51.399823745299997, -15.768624409 ], [ -51.40013393520001, -15.768416361500005 ], [ -51.400170878, -15.768259984799997 ], [ -51.400442400199999, -15.767995505500005 ], [ -51.400429072, -15.767768615499994 ], [ -51.400628216, -15.767585994400003 ], [ -51.4000120599, -15.767535687300006 ], [ -51.399846570599998, -15.767170216 ], [ -51.40003618090001, -15.766743521599995 ], [ -51.400146646800003, -15.766852074799996 ], [ -51.400320334, -15.766637045699996 ], [ -51.400161729200001, -15.766259357299997 ], [ -51.400481017899999, -15.7659801446 ], [ -51.400378837399998, -15.7657168044 ], [ -51.400547855699998, -15.765644622199998 ], [ -51.400748904900006, -15.765387323599999 ], [ -51.400936494900002, -15.7654549622 ], [ -51.401060431099999, -15.7653397399 ], [ -51.401313672900002, -15.764706534500004 ], [ -51.401686697099997, -15.764790374700004 ], [ -51.401698013800001, -15.764611082299995 ], [ -51.402021465399997, -15.764599456099992 ], [ -51.4020725572, -15.764423344799997 ], [ -51.4018890559, -15.764440679499995 ], [ -51.401906235799999, -15.7637778948 ], [ -51.401967178900009, -15.7634370489 ], [ -51.402121704300008, -15.7635440734 ], [ -51.402263805499999, -15.763315178799996 ], [ -51.402427159600002, -15.763022871499999 ], [ -51.402622920799999, -15.763116439700005 ], [ -51.402733027799997, -15.762901254899996 ], [ -51.40307586170001, -15.762825856399997 ], [ -51.403144134800002, -15.762936294399994 ], [ -51.40329258, -15.762753403099996 ], [ -51.403280393300001, -15.762491344 ], [ -51.403424466200001, -15.762505451400003 ], [ -51.403715035399998, -15.762295627299999 ], [ -51.403527751, -15.762239923799999 ], [ -51.403679507100001, -15.762079446400007 ], [ -51.403797447300001, -15.762096947 ], [ -51.403856751200003, -15.761920368 ], [ -51.4040360073, -15.761693121099999 ], [ -51.404451562299997, -15.7616183992 ], [ -51.404287109199998, -15.761400559200004 ], [ -51.404535303400003, -15.761195694599996 ], [ -51.4047940126, -15.761068196 ], [ -51.404404572700003, -15.760847338799996 ], [ -51.4045855022, -15.760664476700004 ], [ -51.404516532, -15.7606262735 ], [ -51.404532498, -15.7602976246 ], [ -51.404677091300002, -15.760339574799998 ], [ -51.405080580099998, -15.760254387299996 ], [ -51.404983623699998, -15.760178989700004 ], [ -51.405016385, -15.760034914900002 ], [ -51.404320696799999, -15.759787053300002 ], [ -51.402992344600001, -15.759057873600002 ], [ -51.4024134872, -15.758641547399996 ], [ -51.400985031300003, -15.758079878199993 ], [ -51.397329411400001, -15.755891741099999 ], [ -51.393927701300001, -15.7517250344 ] ] ] } },
{ "type": "Feature", "properties": { "property_key": "GO-5212204-66A905C03E3F44BA90A906FAEE4ECE22", "cod_imovel": "GO-5212204-66A905C03E3F44BA90A906FAEE4ECE22", "municipio": "Jussara", "cod_estado": "GO", "input_rows": "44", "input_row_count": 1, "resolution_status": "resolved", "resolution_method": "id_exact", "axes_repaired": false, "matched_field_count": 5, "relevant_field_count": 5, "loss_field_count": 0, "dominant_mbmode24": 15, "dominant_class": "Pasture", "dominant_class_area_ha": 105.619, "post2020_loss_ha": 0.0, "follow_up_required": false, "assessment_status": "no_post2020_loss", "applicable_delivery_tiers": "slaughter_point", "contact_entity_id": null, "contact_entity_type": null, "contact_tier": null, "contact_evidence_basis": null, "contact_evidence_value": null, "contact_distance_m": null, "facility_override": false, "contact_selection_status": "not_applicable", "unsupported_class_field_count": 0 }, "bbox": [ -51.447077427946375, -15.729737859412698, -51.432978416886897, -15.706773204654171 ], "geometry": { "type": "Polygon", "coordinates": [ [ [ -51.435210118207337, -15.716532472453984 ], [ -51.435614110627867, -15.719152296568383 ], [ -51.432978416886897, -15.728843807554224 ], [ -51.443266587078689, -15.729737859412698 ], [ -51.443576130198224, -15.727254554106617 ], [ -51.444996772639534, -15.715721251584206 ], [ -51.446898207708529, -15.714300464637324 ], [ -51.447077427946375, -15.714183114869346 ], [ -51.441307874009247, -15.706773204654171 ], [ -51.440085375747586, -15.707254089884165 ], [ -51.438549307536178, -15.708224052371236 ], [ -51.437191563969463, -15.708050304472307 ], [ -51.436376495905549, -15.707949053920684 ], [ -51.433836901924387, -15.707626848062274 ], [ -51.434811985371113, -15.713950579541235 ], [ -51.435210118207337, -15.716532472453984 ] ] ] } },
{ "type": "Feature", "properties": { "property_key": "GO-5212204-67B7F23029D24ACFAC7656714A14C2DB", "cod_imovel": "GO-5212204-67B7F23029D24ACFAC7656714A14C2DB", "municipio": "Jussara", "cod_estado": "GO", "input_rows": "45", "input_row_count": 1, "resolution_status": "resolved", "resolution_method": "id_exact", "axes_repaired": false, "matched_field_count": 12, "relevant_field_count": 12, "loss_field_count": 5, "dominant_mbmode24": 21, "dominant_class": "Mosaic of Uses", "dominant_class_area_ha": 540.879, "post2020_loss_ha": 13.314, "follow_up_required": true, "assessment_status": "flagged_post2020_loss", "applicable_delivery_tiers": "slaughter_point", "contact_entity_id": "5212204", "contact_entity_type": "cooperative", "contact_tier": "membership_muni", "contact_evidence_basis": "observed", "contact_evidence_value": 105.0, "contact_distance_m": null, "facility_override": false, "contact_selection_status": "default_membership_no_qualifying_override", "unsupported_class_field_count": 0 }, "bbox": [ -51.319419705599998, -15.8791631218, -51.270773735200002, -15.8316013482 ], "geometry": { "type": "Polygon", "coordinates": [ [ [ -51.279103257099997, -15.8316013482 ], [ -51.275755290799999, -15.842227083899999 ], [ -51.273351654300001, -15.849845353099999 ], [ -51.271388567400003, -15.856050291100001 ], [ -51.275846185900001, -15.8558594226 ], [ -51.274891725499998, -15.8596306809 ], [ -51.272853804699999, -15.867589024400001 ], [ -51.270773735200002, -15.8755768697 ], [ -51.271416652299997, -15.875714835 ], [ -51.271597913, -15.875753210199999 ], [ -51.2744170737, -15.876340084 ], [ -51.276695947599997, -15.8768335014 ], [ -51.281947949, -15.877965272699999 ], [ -51.285162873600001, -15.878572372800001 ], [ -51.288739377200002, -15.8791631218 ], [ -51.298084259033196, -15.87775846084878 ], [ -51.298084259033196, -15.875694549265548 ], [ -51.29817008972168, -15.873671895399822 ], [ -51.298899650573723, -15.873382943190011 ], [ -51.29967212677002, -15.873217827455488 ], [ -51.301217079162598, -15.872887595580551 ], [ -51.301345825195312, -15.872846316558139 ], [ -51.301560401916504, -15.872763758487919 ], [ -51.301946640014648, -15.872722479440126 ], [ -51.302332878112793, -15.872598642246022 ], [ -51.302740573883057, -15.872536723620433 ], [ -51.303105354309082, -15.872392246753384 ], [ -51.303491592407219, -15.872350967629487 ], [ -51.304256191299999, -15.8721397915 ], [ -51.305324805700003, -15.8661623937 ], [ -51.3051332999, -15.8662037072 ], [ -51.304775422100001, -15.8663544629 ], [ -51.304238486099997, -15.866314897800001 ], [ -51.304054163399996, -15.866101350899999 ], [ -51.304606287799999, -15.865868417 ], [ -51.304238753200003, -15.865745712900001 ], [ -51.303476677799999, -15.866302315900001 ], [ -51.303416854200002, -15.865959225499999 ], [ -51.303204298399997, -15.865790196300001 ], [ -51.303325690800001, -15.865145263800001 ], [ -51.303235709299997, -15.865121523099999 ], [ -51.302909952599997, -15.8653909315 ], [ -51.302414816199999, -15.864881111200001 ], [ -51.3022225327, -15.865027020799999 ], [ -51.302342418499997, -15.8652494285 ], [ -51.3028572602, -15.8654443436 ], [ -51.302701155699999, -15.8656746405 ], [ -51.302541306499997, -15.8655237081 ], [ -51.3022175889, -15.8657209701 ], [ -51.302120197599997, -15.8654883153 ], [ -51.301675688300001, -15.865544804800001 ], [ -51.301688154899999, -15.865197635399999 ], [ -51.301545230599999, -15.8649960523 ], [ -51.301148411299998, -15.8649632454 ], [ -51.300972638499999, -15.8647806022 ], [ -51.301245141700001, -15.864563072399999 ], [ -51.301234668600003, -15.8641775131 ], [ -51.3005216428, -15.865060396700001 ], [ -51.3003708906, -15.8648699434 ], [ -51.300273541199999, -15.8645376622 ], [ -51.2995734032, -15.8649171543 ], [ -51.299205611300003, -15.864553514700001 ], [ -51.299335558199999, -15.8639376825 ], [ -51.299707190699998, -15.864182977500001 ], [ -51.299898030100003, -15.864133623800001 ], [ -51.299639005800003, -15.8635493384 ], [ -51.298705335199998, -15.864034200400001 ], [ -51.298202681200003, -15.863738186499999 ], [ -51.298408061799996, -15.8636053711 ], [ -51.298364807799999, -15.863471994 ], [ -51.297911570499998, -15.863815973199999 ], [ -51.297488405099998, -15.863585391399999 ], [ -51.296808260600002, -15.8635871383 ], [ -51.296862741200002, -15.863350747 ], [ -51.297024340199997, -15.863424928100001 ], [ -51.297044659500003, -15.862949645200001 ], [ -51.296534466, -15.862412258399999 ], [ -51.296523884499997, -15.8625214812 ], [ -51.296785637500001, -15.8626795108 ], [ -51.296636906099998, -15.862845516 ], [ -51.296231692600003, -15.8629455153 ], [ -51.296141737799999, -15.862682833199999 ], [ -51.296218538399998, -15.8624441514 ], [ -51.295994947399997, -15.8621949414 ], [ -51.29586887, -15.8615635496 ], [ -51.295809329500003, -15.861340784499999 ], [ -51.2959564238, -15.861205248399999 ], [ -51.302693895099999, -15.854984172 ], [ -51.3072060744, -15.850834413899999 ], [ -51.314492744399999, -15.858417731499999 ], [ -51.319419705599998, -15.8557461323 ], [ -51.312746346399997, -15.8496072075 ], [ -51.310972477, -15.847211425699999 ], [ -51.3095034153, -15.845261880800001 ], [ -51.307288997599997, -15.842307906 ], [ -51.306043086099997, -15.840648036399999 ], [ -51.305895425, -15.8404547794 ], [ -51.305347380500002, -15.839689374900001 ], [ -51.305144966699999, -15.839540040599999 ], [ -51.294034771699998, -15.8372474548 ], [ -51.291568923200003, -15.8372444556 ], [ -51.291461963899998, -15.837354531200001 ], [ -51.289103650599998, -15.837318271399999 ], [ -51.286951968099999, -15.837386220300001 ], [ -51.286767487799999, -15.8372939805 ], [ -51.28413999, -15.834825778700001 ], [ -51.2836240217, -15.834290535699999 ], [ -51.2809624458, -15.8317048122 ], [ -51.279103257099997, -15.8316013482 ] ] ] } },
{ "type": "Feature", "properties": { "property_key": "GO-5212204-6A28AC5AF7BF4BEC8931E8E154D99AEE", "cod_imovel": "GO-5212204-6A28AC5AF7BF4BEC8931E8E154D99AEE", "municipio": "Jussara", "cod_estado": "GO", "input_rows": "46", "input_row_count": 1, "resolution_status": "resolved", "resolution_method": "polygon_geometric_match", "axes_repaired": false, "matched_field_count": 34, "relevant_field_count": 31, "loss_field_count": 0, "dominant_mbmode24": 15, "dominant_class": "Pasture", "dominant_class_area_ha": 1525.711, "post2020_loss_ha": 0.0, "follow_up_required": false, "assessment_status": "no_post2020_loss", "applicable_delivery_tiers": "slaughter_point", "contact_entity_id": null, "contact_entity_type": null, "contact_tier": null, "contact_evidence_basis": null, "contact_evidence_value": null, "contact_distance_m": null, "facility_override": false, "contact_selection_status": "not_applicable", "unsupported_class_field_count": 0 }, "bbox": [ -51.43831694, -15.87960417, -51.34144417, -15.80765333 ], "geometry": { "type": "Polygon", "coordinates": [ [ [ -51.37927167, -15.80765333 ], [ -51.36466556, -15.81741056 ], [ -51.36473972, -15.81753639 ], [ -51.36499361, -15.81746806 ], [ -51.36495556, -15.81767972 ], [ -51.36508667, -15.81790944 ], [ -51.36481389, -15.81816389 ], [ -51.36501583, -15.818415 ], [ -51.36517889, -15.81855 ], [ -51.36503278, -15.81874028 ], [ -51.36531278, -15.81927139 ], [ -51.36514556, -15.81977083 ], [ -51.36440111, -15.82064917 ], [ -51.3640125, -15.82121111 ], [ -51.36380917, -15.82199028 ], [ -51.36321139, -15.82239528 ], [ -51.36302694, -15.82257556 ], [ -51.36267472, -15.8228575 ], [ -51.36141778, -15.83522361 ], [ -51.35231667, -15.83383139 ], [ -51.35170861, -15.83896444 ], [ -51.34771639, -15.84564222 ], [ -51.34796667, -15.84600167 ], [ -51.34812417, -15.84625028 ], [ -51.34831917, -15.84648889 ], [ -51.34854083, -15.84670389 ], [ -51.34886972, -15.8468975 ], [ -51.34144417, -15.87047389 ], [ -51.34228417, -15.86991417 ], [ -51.34417528, -15.8697925 ], [ -51.34803361, -15.87031333 ], [ -51.35023194, -15.87047111 ], [ -51.35418417, -15.87055111 ], [ -51.35754389, -15.87112917 ], [ -51.3616, -15.87199139 ], [ -51.36442556, -15.87157361 ], [ -51.36529806, -15.8713625 ], [ -51.36530889, -15.87159861 ], [ -51.36467667, -15.87555833 ], [ -51.37041083, -15.87607722 ], [ -51.37191806, -15.87612528 ], [ -51.37719778, -15.87960417 ], [ -51.38077389, -15.87441639 ], [ -51.38190583, -15.87093472 ], [ -51.38856, -15.86511028 ], [ -51.3907075, -15.86322944 ], [ -51.39337222000001, -15.86252389 ], [ -51.39339028, -15.86338833 ], [ -51.39445639, -15.86354889 ], [ -51.39773028, -15.86406 ], [ -51.39807611, -15.87342111 ], [ -51.40595889, -15.87075361 ], [ -51.40773139, -15.87018806 ], [ -51.41174167, -15.86949667 ], [ -51.41187917, -15.86894333 ], [ -51.41343306, -15.86235083 ], [ -51.41486972, -15.86183528 ], [ -51.41609472, -15.86182861 ], [ -51.41732528, -15.86227583 ], [ -51.41897389, -15.86213722 ], [ -51.41879111, -15.86144083 ], [ -51.41910222, -15.86059028 ], [ -51.42010528, -15.86022361 ], [ -51.42100111, -15.85977972 ], [ -51.42204, -15.85918528 ], [ -51.42162667, -15.85853417 ], [ -51.42223528, -15.85754722 ], [ -51.42314, -15.85678167 ], [ -51.42372167, -15.85612306 ], [ -51.42658111, -15.85315139 ], [ -51.42596389, -15.85187417 ], [ -51.42761556, -15.85030806 ], [ -51.42852583, -15.85016389 ], [ -51.42991278, -15.85077278 ], [ -51.43128111, -15.85232833 ], [ -51.43160111, -15.85235889 ], [ -51.43206889, -15.85194667 ], [ -51.43242583, -15.85154528 ], [ -51.43171222, -15.84914972 ], [ -51.43133306, -15.84878389 ], [ -51.4296225, -15.84867278 ], [ -51.42861528, -15.84851361 ], [ -51.42832194, -15.8473675 ], [ -51.42902389, -15.84673778 ], [ -51.43063944, -15.84636778 ], [ -51.43239583, -15.84540139 ], [ -51.43349667, -15.84524889 ], [ -51.43492, -15.84563278 ], [ -51.43676528, -15.84675167 ], [ -51.43776556, -15.84639083 ], [ -51.43831694, -15.84461944 ], [ -51.43755222, -15.84481389 ], [ -51.43706194, -15.84541139 ], [ -51.43657, -15.84579278 ], [ -51.43600417, -15.84615333 ], [ -51.43592, -15.84569889 ], [ -51.43535639, -15.84566722 ], [ -51.434933890000011, -15.84525417 ], [ -51.43434083, -15.84457944 ], [ -51.43466139, -15.84377972 ], [ -51.43474278, -15.84343333 ], [ -51.43431, -15.84299111 ], [ -51.43432389, -15.84248861 ], [ -51.43369806, -15.84201667 ], [ -51.43286306, -15.84235028 ], [ -51.4323725, -15.84179028 ], [ -51.43180194, -15.84209778 ], [ -51.43192444, -15.84153 ], [ -51.43167611, -15.84134472 ], [ -51.43169806, -15.84176222 ], [ -51.43151389, -15.84177583 ], [ -51.43105194, -15.84141611 ], [ -51.4306625, -15.8414 ], [ -51.43042667000001, -15.84162222 ], [ -51.42993028, -15.84154556 ], [ -51.42913139, -15.84157778 ], [ -51.42852194, -15.84137444 ], [ -51.42826417, -15.84122556 ], [ -51.42739722, -15.84174028 ], [ -51.42738722, -15.84200889 ], [ -51.42802278, -15.84213944 ], [ -51.42744222, -15.84280083 ], [ -51.42787861, -15.84312444 ], [ -51.42769778, -15.84325861 ], [ -51.42712333, -15.84311194 ], [ -51.42755833, -15.84379833 ], [ -51.42705889, -15.84415194 ], [ -51.4261325, -15.84415694 ], [ -51.42547, -15.84401028 ], [ -51.42490472, -15.84410694 ], [ -51.42392361, -15.84420111 ], [ -51.42301, -15.84492417 ], [ -51.422145, -15.84480611 ], [ -51.42126056, -15.84415361 ], [ -51.42066139, -15.84379833 ], [ -51.41997111, -15.84392417 ], [ -51.42017944, -15.84445222 ], [ -51.41963472, -15.84478389 ], [ -51.41940167, -15.84521611 ], [ -51.41864944, -15.84500694 ], [ -51.41780306, -15.84472778 ], [ -51.41743833, -15.84559528 ], [ -51.41659556, -15.845935 ], [ -51.41589222, -15.84651278 ], [ -51.41546639, -15.8465375 ], [ -51.41498361, -15.84689194 ], [ -51.41445389, -15.84681583 ], [ -51.41422639, -15.84740917 ], [ -51.41393056, -15.84751194 ], [ -51.41367444, -15.84713417 ], [ -51.41293611, -15.84723722 ], [ -51.41231722, -15.84749083 ], [ -51.41172222, -15.84756056 ], [ -51.4114825, -15.84776778 ], [ -51.41103, -15.84830278 ], [ -51.40996778, -15.84801583 ], [ -51.41006472, -15.84740028 ], [ -51.40994056, -15.84667528 ], [ -51.40959361, -15.84674667 ], [ -51.40910306, -15.84716056 ], [ -51.40875111, -15.84667778 ], [ -51.40867694, -15.84718972 ], [ -51.40813056, -15.84672833 ], [ -51.40764361, -15.84643944 ], [ -51.40668778, -15.84610417 ], [ -51.40619194, -15.84651222 ], [ -51.40580556, -15.84567694 ], [ -51.40586806, -15.84519944 ], [ -51.40596444, -15.84424472 ], [ -51.40596556, -15.8436175 ], [ -51.40519917, -15.84401417 ], [ -51.40480167, -15.84436722 ], [ -51.40485778, -15.84475528 ], [ -51.40429028, -15.84481111 ], [ -51.40413611000001, -15.84408833 ], [ -51.404965, -15.8431825 ], [ -51.40456083, -15.84304472 ], [ -51.40476, -15.8426875 ], [ -51.40356139, -15.84213194 ], [ -51.40296917, -15.84111 ], [ -51.40328528, -15.840685 ], [ -51.402915, -15.84041583 ], [ -51.40295028, -15.83984917 ], [ -51.40268944, -15.83990194 ], [ -51.40292639, -15.83913083 ], [ -51.40288139, -15.83838917 ], [ -51.40246306, -15.83856583 ], [ -51.40244694, -15.83785917 ], [ -51.40218944, -15.83821028 ], [ -51.4016825, -15.83788361 ], [ -51.40179083, -15.83747444 ], [ -51.40153333, -15.83740611 ], [ -51.40146361, -15.83711583 ], [ -51.40177944, -15.83674639 ], [ -51.40133222, -15.83656444 ], [ -51.40101333, -15.83606806 ], [ -51.40097972, -15.83569417 ], [ -51.40060833, -15.83558889 ], [ -51.40042861, -15.83524417 ], [ -51.39959889, -15.83508472 ], [ -51.39958139, -15.83416111 ], [ -51.39995444, -15.83459139 ], [ -51.40023139, -15.834145 ], [ -51.39951556, -15.833295 ], [ -51.39930944, -15.8328925 ], [ -51.39907611, -15.83293389 ], [ -51.39876306, -15.832675 ], [ -51.39858167, -15.8326575 ], [ -51.39796306, -15.83255278 ], [ -51.3977925, -15.83241278 ], [ -51.39767667, -15.83183139 ], [ -51.39792361, -15.83177944 ], [ -51.39804333, -15.83121111 ], [ -51.39762389, -15.83102028 ], [ -51.39721222, -15.83049194 ], [ -51.3971425, -15.82983278 ], [ -51.39658694, -15.82912417 ], [ -51.37927167, -15.80765333 ] ] ] } },
{ "type": "Feature", "properties": { "property_key": "GO-5212204-6A4B85E2354A4B81ADED3D20E1226C9B", "cod_imovel": "GO-5212204-6A4B85E2354A4B81ADED3D20E1226C9B", "municipio": "Jussara", "cod_estado": "GO", "input_rows": "47", "input_row_count": 1, "resolution_status": "resolved", "resolution_method": "id_exact", "axes_repaired": false, "matched_field_count": 1, "relevant_field_count": 1, "loss_field_count": 0, "dominant_mbmode24": 15, "dominant_class": "Pasture", "dominant_class_area_ha": 11.797, "post2020_loss_ha": 0.0, "follow_up_required": false, "assessment_status": "no_post2020_loss", "applicable_delivery_tiers": "slaughter_point", "contact_entity_id": null, "contact_entity_type": null, "contact_tier": null, "contact_evidence_basis": null, "contact_evidence_value": null, "contact_distance_m": null, "facility_override": false, "contact_selection_status": "not_applicable", "unsupported_class_field_count": 0 }, "bbox": [ -51.31364910960091, -15.913202921914541, -51.304881892096574, -15.902912610672663 ], "geometry": { "type": "Polygon", "coordinates": [ [ [ -51.312829359993152, -15.913160937186328 ], [ -51.31364910960091, -15.911945427598789 ], [ -51.313648865286382, -15.911902350589866 ], [ -51.312911461886273, -15.908445722011875 ], [ -51.30807180492674, -15.90450636340719 ], [ -51.306116777378335, -15.902912610672663 ], [ -51.304881892096574, -15.904670071387921 ], [ -51.304964681021453, -15.904849885277045 ], [ -51.305433621636951, -15.905369560096874 ], [ -51.305799160061305, -15.905841520447281 ], [ -51.306018290149524, -15.905812534074157 ], [ -51.306427675563533, -15.905811203443802 ], [ -51.306747512380518, -15.906003734551136 ], [ -51.307075337423541, -15.906177901846382 ], [ -51.307476036529195, -15.906404733618013 ], [ -51.307509860732942, -15.906556102784645 ], [ -51.307778873296229, -15.906751190761018 ], [ -51.308218026704026, -15.906763600871471 ], [ -51.308303106128903, -15.906997173245827 ], [ -51.308235165240774, -15.907251340984295 ], [ -51.308409443379929, -15.907527700680504 ], [ -51.308368011778335, -15.907675271669904 ], [ -51.308759480928131, -15.907715656354776 ], [ -51.30906524919159, -15.908162057799339 ], [ -51.309295461391464, -15.908597628116487 ], [ -51.309536634472906, -15.909021954301071 ], [ -51.309697021459399, -15.909144067801741 ], [ -51.309742184532148, -15.909652280053123 ], [ -51.309955648614007, -15.91008741251361 ], [ -51.310012455017066, -15.910560332401433 ], [ -51.310106078598523, -15.910928972922653 ], [ -51.310463942221268, -15.911274569483231 ], [ -51.310853966191274, -15.911895534075729 ], [ -51.31100780529119, -15.912180364559383 ], [ -51.311463924583748, -15.912336828875491 ], [ -51.311907663070052, -15.913000212724238 ], [ -51.31216197470917, -15.912771991766514 ], [ -51.312322590988671, -15.913202921914541 ], [ -51.312829359993152, -15.913160937186328 ] ] ] } },
{ "type": "Feature", "properties": { "property_key": "GO-5212204-709F48C8AFB1410A98BFB6AA16774C78", "cod_imovel": "GO-5212204-709F48C8AFB1410A98BFB6AA16774C78", "municipio": "Jussara", "cod_estado": "GO", "input_rows": "48", "input_row_count": 1, "resolution_status": "resolved", "resolution_method": "id_exact", "axes_repaired": false, "matched_field_count": 2, "relevant_field_count": 2, "loss_field_count": 0, "dominant_mbmode24": 15, "dominant_class": "Pasture", "dominant_class_area_ha": 11.586, "post2020_loss_ha": 0.0, "follow_up_required": false, "assessment_status": "no_post2020_loss", "applicable_delivery_tiers": "slaughter_point", "contact_entity_id": null, "contact_entity_type": null, "contact_tier": null, "contact_evidence_basis": null, "contact_evidence_value": null, "contact_distance_m": null, "facility_override": false, "contact_selection_status": "not_applicable", "unsupported_class_field_count": 0 }, "bbox": [ -51.333128231164153, -15.905735268469201, -51.314265544329793, -15.89428702252477 ], "geometry": { "type": "Polygon", "coordinates": [ [ [ -51.333128231164153, -15.89502871981505 ], [ -51.315989765004502, -15.89428702252477 ], [ -51.315977876065197, -15.89440254887735 ], [ -51.315546987647693, -15.89453942587495 ], [ -51.315709728592338, -15.89479845741001 ], [ -51.315814659726222, -15.89477898484005 ], [ -51.315877137472413, -15.894576407059271 ], [ -51.31606256171218, -15.89473473147231 ], [ -51.315854378921948, -15.895197478445519 ], [ -51.31565771683151, -15.895219091971249 ], [ -51.315562171420211, -15.89536894020557 ], [ -51.3155744879449, -15.89563541461882 ], [ -51.315670106597892, -15.895843999348379 ], [ -51.315106112260374, -15.89612256990937 ], [ -51.314896463250797, -15.89631763238307 ], [ -51.314623098899538, -15.896419246571471 ], [ -51.314737333999879, -15.89654318663348 ], [ -51.314678710484678, -15.89672034595208 ], [ -51.314468275176829, -15.896746661388381 ], [ -51.314265544329793, -15.89668723547287 ], [ -51.314283056018482, -15.89681110845172 ], [ -51.314436337838458, -15.89686802977948 ], [ -51.314603959321509, -15.89714745912576 ], [ -51.314817485937112, -15.89717445017965 ], [ -51.31500732508659, -15.89711926231575 ], [ -51.315344381473011, -15.896705815247691 ], [ -51.31547923518977, -15.8967165302062 ], [ -51.315636533934779, -15.896461759584421 ], [ -51.316348934117968, -15.896425505847411 ], [ -51.316477430847662, -15.896516969131509 ], [ -51.316322801290191, -15.89688903538136 ], [ -51.316142590731502, -15.89695411856685 ], [ -51.315879651529428, -15.8971156477789 ], [ -51.315926316157402, -15.897273270938729 ], [ -51.31579307804892, -15.89764572139917 ], [ -51.315441122492928, -15.898030107983621 ], [ -51.314922860731691, -15.898135822570261 ], [ -51.314988592959473, -15.898378569486169 ], [ -51.315515157257522, -15.89875647582156 ], [ -51.316038657060972, -15.89916876587097 ], [ -51.316259906683179, -15.899670888383501 ], [ -51.316615622798949, -15.8998981489047 ], [ -51.31676704693092, -15.90009129164741 ], [ -51.316988173718521, -15.90013145022295 ], [ -51.317507299289417, -15.90004388244393 ], [ -51.317871709005637, -15.900112912447771 ], [ -51.318063446119361, -15.900372595409269 ], [ -51.318087614747547, -15.90058746766468 ], [ -51.318248355867823, -15.90087053831161 ], [ -51.318458503315441, -15.901026997882409 ], [ -51.31877290751131, -15.90117261774868 ], [ -51.318872638461258, -15.901420095523539 ], [ -51.318799901483438, -15.901792792856821 ], [ -51.31832904153638, -15.901892289273439 ], [ -51.317783701393097, -15.90225543923688 ], [ -51.317539278782192, -15.90239725331277 ], [ -51.317310649365147, -15.90278102764684 ], [ -51.317488712836088, -15.90287465941892 ], [ -51.317720017764479, -15.90307054075962 ], [ -51.318171715016113, -15.903199261932791 ], [ -51.31843604992654, -15.903220379579039 ], [ -51.319286737775151, -15.90308609510455 ], [ -51.319528943279373, -15.903179250685451 ], [ -51.319705335066168, -15.903556163156519 ], [ -51.319564749517554, -15.90376400136828 ], [ -51.318982686954847, -15.903726448924861 ], [ -51.318947644212649, -15.90392725117902 ], [ -51.319267706162861, -15.90436951263295 ], [ -51.319702022103108, -15.90469942256254 ], [ -51.319974384027248, -15.90519320222168 ], [ -51.31996044954456, -15.9052842141933 ], [ -51.332647625709889, -15.905735268469201 ], [ -51.332923680457107, -15.898817862206959 ], [ -51.333061953260923, -15.89731144266867 ], [ -51.333128231164153, -15.89502871981505 ] ] ] } },
{ "type": "Feature", "properties": { "property_key": "GO-5212204-722863690680490CA4C132CD628B76D4", "cod_imovel": "GO-5212204-722863690680490CA4C132CD628B76D4", "municipio": "Jussara", "cod_estado": "GO", "input_rows": "49", "input_row_count": 1, "resolution_status": "resolved", "resolution_method": "id_exact", "axes_repaired": false, "matched_field_count": 3, "relevant_field_count": 3, "loss_field_count": 0, "dominant_mbmode24": 15, "dominant_class": "Pasture", "dominant_class_area_ha": 45.297, "post2020_loss_ha": 0.0, "follow_up_required": false, "assessment_status": "no_post2020_loss", "applicable_delivery_tiers": "slaughter_point", "contact_entity_id": null, "contact_entity_type": null, "contact_tier": null, "contact_evidence_basis": null, "contact_evidence_value": null, "contact_distance_m": null, "facility_override": false, "contact_selection_status": "not_applicable", "unsupported_class_field_count": 0 }, "bbox": [ -51.32764483063395, -15.845228737808331, -51.306102477667586, -15.82467726878086 ], "geometry": { "type": "Polygon", "coordinates": [ [ [ -51.321070911877882, -15.83283498012214 ], [ -51.32764483063395, -15.826300886825351 ], [ -51.326144261476898, -15.82467726878086 ], [ -51.318456691654937, -15.8309364019462 ], [ -51.317533159356643, -15.832705906062079 ], [ -51.31746689628843, -15.832677505054971 ], [ -51.316790523469493, -15.83266105477356 ], [ -51.310345016720007, -15.838767498639699 ], [ -51.310352989869443, -15.838861614826801 ], [ -51.309073575751263, -15.839190470650729 ], [ -51.306102477667586, -15.840618221926031 ], [ -51.309534512461013, -15.845228737808331 ], [ -51.320125723452122, -15.834130251793489 ], [ -51.321070911877882, -15.83283498012214 ] ] ] } },
{ "type": "Feature", "properties": { "property_key": "GO-5212204-72B57BA00A4A45EBA58D040A74E67562", "cod_imovel": "GO-5212204-72B57BA00A4A45EBA58D040A74E67562", "municipio": "Jussara", "cod_estado": "GO", "input_rows": "50", "input_row_count": 1, "resolution_status": "resolved", "resolution_method": "id_exact", "axes_repaired": false, "matched_field_count": 2, "relevant_field_count": 2, "loss_field_count": 0, "dominant_mbmode24": 15, "dominant_class": "Pasture", "dominant_class_area_ha": 26.978, "post2020_loss_ha": 0.0, "follow_up_required": false, "assessment_status": "no_post2020_loss", "applicable_delivery_tiers": "slaughter_point", "contact_entity_id": null, "contact_entity_type": null, "contact_tier": null, "contact_evidence_basis": null, "contact_evidence_value": null, "contact_distance_m": null, "facility_override": false, "contact_selection_status": "not_applicable", "unsupported_class_field_count": 0 }, "bbox": [ -51.458995342254639, -15.741309178411585, -51.450455188751221, -15.7301736099 ], "geometry": { "type": "Polygon", "coordinates": [ [ [ -51.450455188751221, -15.736249147067682 ], [ -51.453201770782471, -15.741309178411585 ], [ -51.456401621600008, -15.740374152499999 ], [ -51.457611529799991, -15.740075255200001 ], [ -51.4582199699, -15.739897039200001 ], [ -51.458995342254639, -15.73953301848864 ], [ -51.458737850189209, -15.738562319879824 ], [ -51.458703801799999, -15.7381603321 ], [ -51.458888053894036, -15.73783945620298 ], [ -51.458737850189209, -15.737632923251846 ], [ -51.457920578100001, -15.737572744 ], [ -51.457557654000013, -15.7375052779 ], [ -51.457470008699993, -15.736947091399999 ], [ -51.457332480700003, -15.7369143644 ], [ -51.457278728485107, -15.736517641690501 ], [ -51.456894479699997, -15.7362893713 ], [ -51.456211765400013, -15.7358719501 ], [ -51.456001065, -15.7357414859 ], [ -51.456935405731201, -15.734782747103049 ], [ -51.457364559173584, -15.733192414062588 ], [ -51.457833793600003, -15.7314338443 ], [ -51.457832073600009, -15.7313241789 ], [ -51.457788612, -15.731251928900001 ], [ -51.45771162909999, -15.7313201103 ], [ -51.457690993, -15.7311411359 ], [ -51.457488745600003, -15.731149226299999 ], [ -51.457386016845696, -15.730879180168783 ], [ -51.457394079799997, -15.7306056092 ], [ -51.457300186157227, -15.730590024082314 ], [ -51.457300186157227, -15.730507407982124 ], [ -51.457361612699998, -15.7301736099 ], [ -51.457259792400002, -15.7302500247 ], [ -51.454887370400009, -15.730926956 ], [ -51.454381942749023, -15.731023758057869 ], [ -51.453888416290283, -15.730899834159223 ], [ -51.452940412200007, -15.730719325600001 ], [ -51.450755596160889, -15.730548716036411 ], [ -51.450455188751221, -15.736249147067682 ] ] ] } },
{ "type": "Feature", "properties": { "property_key": "GO-5212204-7E2ADE1A2C994C1FBE01A9E4115E49A1", "cod_imovel": "GO-5212204-7E2ADE1A2C994C1FBE01A9E4115E49A1", "municipio": "Jussara", "cod_estado": "GO", "input_rows": "51", "input_row_count": 1, "resolution_status": "resolved", "resolution_method": "id_exact", "axes_repaired": false, "matched_field_count": 3, "relevant_field_count": 3, "loss_field_count": 0, "dominant_mbmode24": 39, "dominant_class": "Soybean", "dominant_class_area_ha": 122.319, "post2020_loss_ha": 0.0, "follow_up_required": false, "assessment_status": "no_post2020_loss", "applicable_delivery_tiers": "intake_point", "contact_entity_id": null, "contact_entity_type": null, "contact_tier": null, "contact_evidence_basis": null, "contact_evidence_value": null, "contact_distance_m": null, "facility_override": false, "contact_selection_status": "not_applicable", "unsupported_class_field_count": 0 }, "bbox": [ -51.372056106594847, -15.814646885384899, -51.334395609006371, -15.786174541835591 ], "geometry": { "type": "Polygon", "coordinates": [ [ [ -51.34083665782579, -15.806238717000641 ], [ -51.341557814673912, -15.80714506340653 ], [ -51.339390816400019, -15.809245117640311 ], [ -51.339390273174303, -15.80925533418136 ], [ -51.334445868801069, -15.814164005203081 ], [ -51.334395609006371, -15.814213899988509 ], [ -51.334671123166309, -15.81430843243087 ], [ -51.334765967306389, -15.814141850775609 ], [ -51.335055665542498, -15.81424872995065 ], [ -51.335207484827677, -15.81418627614118 ], [ -51.335627788043567, -15.81418433478818 ], [ -51.335907446712717, -15.81412673959103 ], [ -51.336103066685872, -15.813929679821721 ], [ -51.336259336116861, -15.814214912442109 ], [ -51.336562081766047, -15.814176578706279 ], [ -51.336806757910708, -15.81442820531389 ], [ -51.336702120984441, -15.81458289145449 ], [ -51.337328271516498, -15.814646885384899 ], [ -51.337440027641343, -15.814386861529959 ], [ -51.337753116077117, -15.81443551235199 ], [ -51.337897551775548, -15.81461507130919 ], [ -51.340726137602893, -15.81223034798448 ], [ -51.342363591025013, -15.81078148468605 ], [ -51.343161358310681, -15.81013651084497 ], [ -51.343813043376677, -15.80998897105569 ], [ -51.353747230266372, -15.80859064826373 ], [ -51.356273563125413, -15.808252295108661 ], [ -51.356995578844611, -15.808274253237011 ], [ -51.362065876221372, -15.80760482622782 ], [ -51.363813346316981, -15.806850376877049 ], [ -51.365051627614292, -15.80645703044722 ], [ -51.36433531289169, -15.804868656212321 ], [ -51.369551394874136, -15.800210903478931 ], [ -51.370374455136059, -15.801027840909541 ], [ -51.372056106594847, -15.797922839945279 ], [ -51.370468011408413, -15.7957370476667 ], [ -51.363446390966452, -15.786174541835591 ], [ -51.34083665782579, -15.806238717000641 ] ] ] } },
{ "type": "Feature", "properties": { "property_key": "GO-5212204-7E8D8FBAA53747BCBB20329B57032F98", "cod_imovel": "GO-5212204-7E8D8FBAA53747BCBB20329B57032F98", "municipio": "Jussara", "cod_estado": "GO", "input_rows": "52", "input_row_count": 1, "resolution_status": "resolved", "resolution_method": "id_exact", "axes_repaired": false, "matched_field_count": 12, "relevant_field_count": 12, "loss_field_count": 0, "dominant_mbmode24": 15, "dominant_class": "Pasture", "dominant_class_area_ha": 564.7, "post2020_loss_ha": 0.0, "follow_up_required": false, "assessment_status": "no_post2020_loss", "applicable_delivery_tiers": "slaughter_point", "contact_entity_id": null, "contact_entity_type": null, "contact_tier": null, "contact_evidence_basis": null, "contact_evidence_value": null, "contact_distance_m": null, "facility_override": false, "contact_selection_status": "not_applicable", "unsupported_class_field_count": 0 }, "bbox": [ -51.47258831067635, -15.662727415177979, -51.394596466068883, -15.62568320387591 ], "geometry": { "type": "Polygon", "coordinates": [ [ [ -51.40076140054245, -15.62568320387591 ], [ -51.398084387855157, -15.62872171677704 ], [ -51.394596466068883, -15.6468506599824 ], [ -51.403647536823279, -15.648806731881971 ], [ -51.42699780530527, -15.65386783588076 ], [ -51.434326733768167, -15.65527477718031 ], [ -51.434406717067738, -15.655284834280311 ], [ -51.434566953766733, -15.65636024268057 ], [ -51.444261430517642, -15.657862763779841 ], [ -51.45068172548509, -15.658809024579339 ], [ -51.470423325484497, -15.662727415177979 ], [ -51.472155475277972, -15.653535354075229 ], [ -51.47258831067635, -15.651220069374549 ], [ -51.45344802697366, -15.64795377377602 ], [ -51.453460285573627, -15.647885492876011 ], [ -51.436763894758208, -15.64509568957723 ], [ -51.434649431470667, -15.63678408977516 ], [ -51.434464142971841, -15.63576577437493 ], [ -51.435065330069001, -15.63496522267465 ], [ -51.434951301269678, -15.634468854574511 ], [ -51.434909313770127, -15.63340604707424 ], [ -51.435213434168787, -15.63260129217397 ], [ -51.434683206871497, -15.632230869373929 ], [ -51.434706312871519, -15.63177400747381 ], [ -51.4347356857714, -15.63163436397377 ], [ -51.422864101931253, -15.62967470847458 ], [ -51.414375678774, -15.6281225516751 ], [ -51.40076140054245, -15.62568320387591 ] ] ] } },
{ "type": "Feature", "properties": { "property_key": "GO-5212204-81F365C789534A84A8F8A35060DBF942", "cod_imovel": "GO-5212204-81F365C789534A84A8F8A35060DBF942", "municipio": "Jussara", "cod_estado": "GO", "input_rows": "53", "input_row_count": 1, "resolution_status": "resolved", "resolution_method": "id_exact", "axes_repaired": false, "matched_field_count": 3, "relevant_field_count": 3, "loss_field_count": 0, "dominant_mbmode24": 21, "dominant_class": "Mosaic of Uses", "dominant_class_area_ha": 21.442, "post2020_loss_ha": 0.0, "follow_up_required": false, "assessment_status": "no_post2020_loss", "applicable_delivery_tiers": "slaughter_point", "contact_entity_id": null, "contact_entity_type": null, "contact_tier": null, "contact_evidence_basis": null, "contact_evidence_value": null, "contact_distance_m": null, "facility_override": false, "contact_selection_status": "not_applicable", "unsupported_class_field_count": 0 }, "bbox": [ -51.318134547970708, -15.924672843325389, -51.307611799610882, -15.917008710460861 ], "geometry": { "type": "Polygon", "coordinates": [ [ [ -51.316768144323433, -15.91955216825415 ], [ -51.317493059570808, -15.91923571223081 ], [ -51.317897238475958, -15.919019676576941 ], [ -51.317687350929567, -15.918273531933981 ], [ -51.317475318345849, -15.917891644450449 ], [ -51.317263902782749, -15.91775952296679 ], [ -51.317181891309261, -15.917311557883529 ], [ -51.316889302279861, -15.917008710460861 ], [ -51.316015623296018, -15.917140226508 ], [ -51.307611799610882, -15.9230192187866 ], [ -51.30804991880126, -15.92431571445271 ], [ -51.309252084517517, -15.924672843325389 ], [ -51.315739338443557, -15.92227967883133 ], [ -51.316707562359831, -15.922035834024481 ], [ -51.317912275189279, -15.9214459062736 ], [ -51.318025328388657, -15.92133674012582 ], [ -51.318134547970708, -15.92086363278765 ], [ -51.318008770768472, -15.920385266684161 ], [ -51.317799226003132, -15.92068428685606 ], [ -51.317265747890048, -15.92068503545034 ], [ -51.316561424032948, -15.92019972520732 ], [ -51.316768144323433, -15.91955216825415 ] ] ] } },
{ "type": "Feature", "properties": { "property_key": "GO-5212204-882C7F7A66AD4033AF778B7A4518A2B0", "cod_imovel": "GO-5212204-882C7F7A66AD4033AF778B7A4518A2B0", "municipio": "Jussara", "cod_estado": "GO", "input_rows": "54", "input_row_count": 1, "resolution_status": "resolved", "resolution_method": "id_exact", "axes_repaired": false, "matched_field_count": 3, "relevant_field_count": 3, "loss_field_count": 0, "dominant_mbmode24": 15, "dominant_class": "Pasture", "dominant_class_area_ha": 180.297, "post2020_loss_ha": 0.0, "follow_up_required": false, "assessment_status": "no_post2020_loss", "applicable_delivery_tiers": "slaughter_point", "contact_entity_id": null, "contact_entity_type": null, "contact_tier": null, "contact_evidence_basis": null, "contact_evidence_value": null, "contact_distance_m": null, "facility_override": false, "contact_selection_status": "not_applicable", "unsupported_class_field_count": 0 }, "bbox": [ -51.468350887298584, -15.695495817937461, -51.4527940750122, -15.672647254695384 ], "geometry": { "type": "Polygon", "coordinates": [ [ [ -51.462836265563958, -15.672647254695384 ], [ -51.455318386651754, -15.686646361310441 ], [ -51.4527940750122, -15.691591497893951 ], [ -51.455228535117321, -15.692608986421586 ], [ -51.457271993654849, -15.695101584441959 ], [ -51.464188098907471, -15.695495817937461 ], [ -51.464316844940186, -15.695309899630505 ], [ -51.464306298172446, -15.695130220747302 ], [ -51.468350887298584, -15.673494308570778 ], [ -51.462836265563958, -15.672647254695384 ] ] ] } },
{ "type": "Feature", "properties": { "property_key": "GO-5212204-88C69561AE0B4505AB651AE37A00D04E", "cod_imovel": "GO-5212204-88C69561AE0B4505AB651AE37A00D04E", "municipio": "Jussara", "cod_estado": "GO", "input_rows": "55", "input_row_count": 1, "resolution_status": "resolved", "resolution_method": "id_exact", "axes_repaired": false, "matched_field_count": 0, "relevant_field_count": 0, "loss_field_count": 0, "dominant_mbmode24": null, "dominant_class": null, "dominant_class_area_ha": null, "post2020_loss_ha": 0.0, "follow_up_required": false, "assessment_status": "no_matched_fields", "applicable_delivery_tiers": "none", "contact_entity_id": null, "contact_entity_type": null, "contact_tier": null, "contact_evidence_basis": null, "contact_evidence_value": null, "contact_distance_m": null, "facility_override": false, "contact_selection_status": "not_applicable", "unsupported_class_field_count": 0 }, "bbox": [ -51.332647778332799, -15.908036391561151, -51.31961832839864, -15.905284171561529 ], "geometry": { "type": "Polygon", "coordinates": [ [ [ -51.319960558397291, -15.905284171561529 ], [ -51.319936932442118, -15.90555333324337 ], [ -51.320010578578803, -15.90574564745739 ], [ -51.320251929712768, -15.90591970287799 ], [ -51.320359972787138, -15.906171158662881 ], [ -51.320216933006868, -15.906607336708699 ], [ -51.319854168397562, -15.90686222156199 ], [ -51.319755558398079, -15.90682472156198 ], [ -51.31996332839698, -15.90713556156205 ], [ -51.319812778397711, -15.907473891562169 ], [ -51.31961832839864, -15.9076005615622 ], [ -51.319643608398493, -15.90775917156226 ], [ -51.332556668332863, -15.908036391561151 ], [ -51.332647778332799, -15.905735281560499 ], [ -51.319960558397291, -15.905284171561529 ] ] ] } },
{ "type": "Feature", "properties": { "property_key": "GO-5212204-89767A2A870E408092A410DDBAFF342D", "cod_imovel": "GO-5212204-89767A2A870E408092A410DDBAFF342D", "municipio": "Jussara", "cod_estado": "GO", "input_rows": "56", "input_row_count": 1, "resolution_status": "resolved", "resolution_method": "id_exact", "axes_repaired": false, "matched_field_count": 4, "relevant_field_count": 4, "loss_field_count": 1, "dominant_mbmode24": 15, "dominant_class": "Pasture", "dominant_class_area_ha": 62.562, "post2020_loss_ha": 0.087, "follow_up_required": true, "assessment_status": "flagged_post2020_loss", "applicable_delivery_tiers": "slaughter_point", "contact_entity_id": "5212204", "contact_entity_type": "cooperative", "contact_tier": "membership_muni", "contact_evidence_basis": "observed", "contact_evidence_value": 105.0, "contact_distance_m": null, "facility_override": false, "contact_selection_status": "default_membership_no_qualifying_override", "unsupported_class_field_count": 0 }, "bbox": [ -51.32097259119297, -15.917088222667671, -51.30807180492674, -15.904506363407181 ], "geometry": { "type": "Polygon", "coordinates": [ [ [ -51.312829359993152, -15.913160937186337 ], [ -51.312922071843637, -15.913220017283521 ], [ -51.312920299209729, -15.913420806459195 ], [ -51.31371314505995, -15.913705883237611 ], [ -51.31440924454305, -15.914592797692006 ], [ -51.314161094674112, -15.916170874656629 ], [ -51.314431010695067, -15.916339798766057 ], [ -51.314789749298548, -15.916210387545753 ], [ -51.315284042106732, -15.916413065506715 ], [ -51.315847691063233, -15.916792660245232 ], [ -51.316056703327497, -15.917088222667671 ], [ -51.31688930374019, -15.917008627032486 ], [ -51.31893069853902, -15.912565573027107 ], [ -51.319402078023082, -15.911856807812953 ], [ -51.319611383942153, -15.911390045812251 ], [ -51.319574419471614, -15.911390100511914 ], [ -51.319045130055557, -15.911367492212387 ], [ -51.318239479675476, -15.911190350573676 ], [ -51.317712186500948, -15.910806649093928 ], [ -51.31784864249132, -15.91027932253199 ], [ -51.31811319864596, -15.910209521096089 ], [ -51.318327136228937, -15.910452970376609 ], [ -51.318329483406401, -15.910122017124506 ], [ -51.317824478180178, -15.910157078067554 ], [ -51.317319472013715, -15.910096391286922 ], [ -51.317353649639948, -15.909824867830363 ], [ -51.317981112049075, -15.90939166167562 ], [ -51.318175311049345, -15.909369498003239 ], [ -51.318689277965255, -15.909728655433717 ], [ -51.319006405478426, -15.909815209871118 ], [ -51.319260110558638, -15.909677945765051 ], [ -51.319602152423208, -15.909550703005896 ], [ -51.319957794416851, -15.909575941523803 ], [ -51.320385162984792, -15.909369241898599 ], [ -51.320777546927481, -15.909052373240227 ], [ -51.32097259119297, -15.908686102309661 ], [ -51.320768057187394, -15.908906313078523 ], [ -51.320666875780354, -15.908908705322807 ], [ -51.320502550370648, -15.908692839222427 ], [ -51.320288203765308, -15.908545500829096 ], [ -51.319928456071025, -15.908457230415664 ], [ -51.319297968167675, -15.908460676533627 ], [ -51.319196228070439, -15.907978649773776 ], [ -51.319330378681393, -15.907805409793546 ], [ -51.319485170912351, -15.907895656927145 ], [ -51.319554820166367, -15.90751354406126 ], [ -51.319776947702842, -15.907312564358291 ], [ -51.319834223248677, -15.90708152524668 ], [ -51.31968368494551, -15.906939841389818 ], [ -51.319774654799495, -15.906701248914846 ], [ -51.319959566209469, -15.906703497385262 ], [ -51.320120195988707, -15.906551263680862 ], [ -51.320261027751599, -15.906214870713679 ], [ -51.320116810310566, -15.905964340753783 ], [ -51.319960343147407, -15.905871610415351 ], [ -51.319844764175912, -15.905618027396226 ], [ -51.319808373610925, -15.905107652880542 ], [ -51.319498669758616, -15.904671434030858 ], [ -51.30807180492674, -15.904506363407181 ], [ -51.312911461886273, -15.908445722011875 ], [ -51.313648865286382, -15.911902350589855 ], [ -51.312829359993152, -15.913160937186337 ] ] ] } },
{ "type": "Feature", "properties": { "property_key": "GO-5212204-8A0CEB45254E411682E58F7496344623", "cod_imovel": "GO-5212204-8A0CEB45254E411682E58F7496344623", "municipio": "Jussara", "cod_estado": "GO", "input_rows": "57", "input_row_count": 1, "resolution_status": "resolved", "resolution_method": "id_exact", "axes_repaired": false, "matched_field_count": 6, "relevant_field_count": 6, "loss_field_count": 0, "dominant_mbmode24": 15, "dominant_class": "Pasture", "dominant_class_area_ha": 73.589, "post2020_loss_ha": 0.0, "follow_up_required": false, "assessment_status": "no_post2020_loss", "applicable_delivery_tiers": "slaughter_point", "contact_entity_id": null, "contact_entity_type": null, "contact_tier": null, "contact_evidence_basis": null, "contact_evidence_value": null, "contact_distance_m": null, "facility_override": false, "contact_selection_status": "not_applicable", "unsupported_class_field_count": 0 }, "bbox": [ -51.326063272029003, -15.840508042292001, -51.303213610001002, -15.821526933895999 ], "geometry": { "type": "Polygon", "coordinates": [ [ [ -51.323290089650001, -15.821526933895999 ], [ -51.323290089650001, -15.821526933895999 ], [ -51.316543913787001, -15.829784333983 ], [ -51.315527780000998, -15.830488610004 ], [ -51.315177232558007, -15.830079581353001 ], [ -51.314904134876002, -15.829991252129 ], [ -51.314258238226998, -15.829556639172001 ], [ -51.314558330000999, -15.829123060003999 ], [ -51.315864440001008, -15.827229720004 ], [ -51.313611110000991, -15.825289720003999 ], [ -51.303213610001002, -15.835228330004 ], [ -51.303975830001001, -15.836781940004 ], [ -51.305165280001013, -15.839443060003999 ], [ -51.305230599121003, -15.839598067707 ], [ -51.305347472069009, -15.839686809934999 ], [ -51.305896946315002, -15.840454180121 ], [ -51.306051233699002, -15.840508042292001 ], [ -51.308712971204002, -15.839277409899999 ], [ -51.308940581131999, -15.839117811383 ], [ -51.311499721444001, -15.838489700598 ], [ -51.316505027961, -15.832813704894001 ], [ -51.316549359763002, -15.8327184354 ], [ -51.317253187816, -15.832885938980001 ], [ -51.317344453114003, -15.832723339863 ], [ -51.317396975915997, -15.83265289229 ], [ -51.317520714089007, -15.832497902833 ], [ -51.318089948031002, -15.831199784799001 ], [ -51.318266955596002, -15.83072482105 ], [ -51.325485545666012, -15.824998904674 ], [ -51.326063272029003, -15.824510866592 ], [ -51.325097690763997, -15.823463941107001 ], [ -51.323980506235998, -15.822259807223 ], [ -51.323290089650001, -15.821526933895999 ] ] ] } },
{ "type": "Feature", "properties": { "property_key": "GO-5212204-8AE07816A270436D856E6EC821DE0A7B", "cod_imovel": "GO-5212204-8AE07816A270436D856E6EC821DE0A7B", "municipio": "Jussara", "cod_estado": "GO", "input_rows": "58", "input_row_count": 1, "resolution_status": "resolved", "resolution_method": "id_exact", "axes_repaired": false, "matched_field_count": 3, "relevant_field_count": 3, "loss_field_count": 2, "dominant_mbmode24": 15, "dominant_class": "Pasture", "dominant_class_area_ha": 46.979, "post2020_loss_ha": 0.486, "follow_up_required": true, "assessment_status": "flagged_post2020_loss", "applicable_delivery_tiers": "slaughter_point", "contact_entity_id": "5212204", "contact_entity_type": "cooperative", "contact_tier": "membership_muni", "contact_evidence_basis": "observed", "contact_evidence_value": 105.0, "contact_distance_m": null, "facility_override": false, "contact_selection_status": "default_membership_no_qualifying_override", "unsupported_class_field_count": 0 }, "bbox": [ -51.31956456670742, -15.90467150836996, -51.306116775956639, -15.895667022630681 ], "geometry": { "type": "Polygon", "coordinates": [ [ [ -51.310221863761242, -15.897096558265339 ], [ -51.306116775956639, -15.9029126850044 ], [ -51.308071803495608, -15.904506437745271 ], [ -51.31949866827366, -15.90467150836996 ], [ -51.31921294758056, -15.904478683708311 ], [ -51.31894847725885, -15.9040764341749 ], [ -51.3188231329313, -15.903825387206901 ], [ -51.31893857206407, -15.90361243357315 ], [ -51.319394325906401, -15.90367028772086 ], [ -51.31956456670742, -15.90356543888686 ], [ -51.319479129528659, -15.90330183947377 ], [ -51.319284833686787, -15.903211478848441 ], [ -51.31847687503943, -15.903292181333381 ], [ -51.317683088400983, -15.903218811991509 ], [ -51.317422644463711, -15.90292672959435 ], [ -51.31719459970811, -15.90283177892805 ], [ -51.317294989217856, -15.902570518379351 ], [ -51.317845150983707, -15.902076186694391 ], [ -51.31872033659495, -15.9016977060312 ], [ -51.318661321528609, -15.90122738618588 ], [ -51.318259451675772, -15.90098196267755 ], [ -51.317957930708353, -15.900402412149401 ], [ -51.31770097863901, -15.900190286954651 ], [ -51.316937339493897, -15.90021736315839 ], [ -51.316630477583708, -15.90011995992695 ], [ -51.316199541304009, -15.89974333589568 ], [ -51.315996978770428, -15.89932126567814 ], [ -51.31544979299035, -15.89886420598981 ], [ -51.314899238075512, -15.89840162609203 ], [ -51.314794922315698, -15.898085229122859 ], [ -51.315396713644667, -15.89791717706953 ], [ -51.315771078560928, -15.897448194096921 ], [ -51.315826514862309, -15.897264439685481 ], [ -51.315724899921818, -15.897021139721531 ], [ -51.316232558726057, -15.896833686604509 ], [ -51.316359121087672, -15.896559966599019 ], [ -51.316287928036921, -15.89650578329698 ], [ -51.315697622906988, -15.896554280032159 ], [ -51.315502873506077, -15.896820993465971 ], [ -51.315311999951838, -15.89688352405847 ], [ -51.315195152254041, -15.89710387297256 ], [ -51.314626451957338, -15.89724831703918 ], [ -51.314377896680959, -15.896952307859531 ], [ -51.314180177148181, -15.89675124794903 ], [ -51.314215310475859, -15.8966305348942 ], [ -51.314578609063659, -15.896638404982831 ], [ -51.314581167859359, -15.89648759864186 ], [ -51.314462853531587, -15.896365544828679 ], [ -51.314888086960707, -15.896217549465799 ], [ -51.315065761068851, -15.896047439861359 ], [ -51.315540560785792, -15.895810151445909 ], [ -51.315461055735248, -15.895667022630681 ], [ -51.310221863761242, -15.897096558265339 ] ] ] } },
{ "type": "Feature", "properties": { "property_key": "GO-5212204-8C2ACD4A01B64F69807B969C95EEE9FC", "cod_imovel": "GO-5212204-8C2ACD4A01B64F69807B969C95EEE9FC", "municipio": "Jussara", "cod_estado": "GO", "input_rows": "59", "input_row_count": 1, "resolution_status": "resolved", "resolution_method": "id_exact", "axes_repaired": false, "matched_field_count": 0, "relevant_field_count": 0, "loss_field_count": 0, "dominant_mbmode24": null, "dominant_class": null, "dominant_class_area_ha": null, "post2020_loss_ha": 0.0, "follow_up_required": false, "assessment_status": "no_matched_fields", "applicable_delivery_tiers": "none", "contact_entity_id": null, "contact_entity_type": null, "contact_tier": null, "contact_evidence_basis": null, "contact_evidence_value": null, "contact_distance_m": null, "facility_override": false, "contact_selection_status": "not_applicable", "unsupported_class_field_count": 0 }, "bbox": [ -51.29490972, -15.91932417, -51.28448083, -15.898575 ], "geometry": { "type": "Polygon", "coordinates": [ [ [ -51.29190972, -15.898575 ], [ -51.28448083, -15.91924083 ], [ -51.28887278, -15.91932417 ], [ -51.29490972, -15.90183139 ], [ -51.29190972, -15.898575 ] ] ] } },
{ "type": "Feature", "properties": { "property_key": "GO-5212204-8D44AFB4390A42E39D43C06628182C81", "cod_imovel": "GO-5212204-8D44AFB4390A42E39D43C06628182C81", "municipio": "Jussara", "cod_estado": "GO", "input_rows": "60", "input_row_count": 1, "resolution_status": "resolved", "resolution_method": "id_exact", "axes_repaired": false, "matched_field_count": 0, "relevant_field_count": 0, "loss_field_count": 0, "dominant_mbmode24": null, "dominant_class": null, "dominant_class_area_ha": null, "post2020_loss_ha": 0.0, "follow_up_required": false, "assessment_status": "no_matched_fields", "applicable_delivery_tiers": "none", "contact_entity_id": null, "contact_entity_type": null, "contact_tier": null, "contact_evidence_basis": null, "contact_evidence_value": null, "contact_distance_m": null, "facility_override": false, "contact_selection_status": "not_applicable", "unsupported_class_field_count": 0 }, "bbox": [ -51.314409213176184, -15.920799382198789, -51.303704652582546, -15.912812976285604 ], "geometry": { "type": "Polygon", "coordinates": [ [ [ -51.312177248542177, -15.912812976285604 ], [ -51.312060170116084, -15.912863342392741 ], [ -51.311907646514378, -15.913000245634025 ], [ -51.31187062121576, -15.912944884659234 ], [ -51.303704652582546, -15.91646153765922 ], [ -51.304415475847435, -15.920799382198789 ], [ -51.311940900095323, -15.91621593286192 ], [ -51.314358680958456, -15.914914191355251 ], [ -51.314409213176184, -15.914592788094232 ], [ -51.313731441562354, -15.913729272542133 ], [ -51.313713127980876, -15.913705943243595 ], [ -51.312920358915285, -15.91342078573666 ], [ -51.312920359068301, -15.913420768135142 ], [ -51.312920337387972, -15.91342076033677 ], [ -51.312922081922061, -15.91322008606021 ], [ -51.312322575103764, -15.913202964207938 ], [ -51.312177248542177, -15.912812976285604 ] ] ] } },
{ "type": "Feature", "properties": { "property_key": "GO-5212204-8DD46E6D5E704E74AEFF1181E1B9A06F", "cod_imovel": "GO-5212204-8DD46E6D5E704E74AEFF1181E1B9A06F", "municipio": "Jussara", "cod_estado": "GO", "input_rows": "61", "input_row_count": 1, "resolution_status": "resolved", "resolution_method": "id_exact", "axes_repaired": false, "matched_field_count": 6, "relevant_field_count": 6, "loss_field_count": 0, "dominant_mbmode24": 15, "dominant_class": "Pasture", "dominant_class_area_ha": 82.622, "post2020_loss_ha": 0.0, "follow_up_required": false, "assessment_status": "no_post2020_loss", "applicable_delivery_tiers": "slaughter_point", "contact_entity_id": null, "contact_entity_type": null, "contact_tier": null, "contact_evidence_basis": null, "contact_evidence_value": null, "contact_distance_m": null, "facility_override": false, "contact_selection_status": "not_applicable", "unsupported_class_field_count": 0 }, "bbox": [ -51.316051585765997, -15.897096275741999, -51.291720962658999, -15.879225749113999 ], "geometry": { "type": "Polygon", "coordinates": [ [ [ -51.314063068295013, -15.880210133541 ], [ -51.314063068295013, -15.880210133541 ], [ -51.314009010978999, -15.880235010145 ], [ -51.303562461797, -15.885042372579999 ], [ -51.30118299890399, -15.879225749113999 ], [ -51.291720962658999, -15.883633980718001 ], [ -51.292890081334001, -15.883972428693999 ], [ -51.300920842700002, -15.886272548031 ], [ -51.31022171541801, -15.897096275741999 ], [ -51.311210984767008, -15.896821725541001 ], [ -51.315450140387, -15.895669187693001 ], [ -51.315510464902999, -15.895652236315 ], [ -51.315518162674998, -15.895277603694 ], [ -51.315827692528003, -15.895090232734001 ], [ -51.315960582616, -15.894753230045 ], [ -51.315796983721, -15.894878615119 ], [ -51.315664875171002, -15.894866323301001 ], [ -51.315458385480987, -15.894545817692 ], [ -51.315606901584999, -15.894380930336 ], [ -51.315929031693003, -15.894367170442999 ], [ -51.315598746761992, -15.894039541201 ], [ -51.315106496695009, -15.894111822940999 ], [ -51.314943812594009, -15.89393652287 ], [ -51.315073937443003, -15.893791027167 ], [ -51.315537834754998, -15.893460620649 ], [ -51.315792877169002, -15.893287857171 ], [ -51.315762715492987, -15.893235177706 ], [ -51.315450304724003, -15.893460359649 ], [ -51.315345553492001, -15.893367007775 ], [ -51.315486948547999, -15.893176790686001 ], [ -51.315377928716998, -15.89305965076 ], [ -51.315442945473002, -15.892831928061 ], [ -51.315262165579, -15.892793218653001 ], [ -51.315191737948012, -15.893247709159001 ], [ -51.315023474100997, -15.893298300311001 ], [ -51.314883381675997, -15.893119107005001 ], [ -51.31495841097199, -15.893370492176 ], [ -51.314370632171631, -15.89338158541422 ], [ -51.314697841906003, -15.892632452972 ], [ -51.314356776852001, -15.892006775861001 ], [ -51.314372233470003, -15.891878217176 ], [ -51.314104700159, -15.891308980281 ], [ -51.314422883775002, -15.891138992476 ], [ -51.314362898387003, -15.890708865756 ], [ -51.314931619284003, -15.890343005408001 ], [ -51.315422861604993, -15.890193294749 ], [ -51.315192892281999, -15.890100315215999 ], [ -51.315351527301999, -15.88986680577 ], [ -51.315334862168001, -15.889656668189 ], [ -51.314567344295, -15.888893312773 ], [ -51.314563751220703, -15.888490460141355 ], [ -51.31491794135799, -15.888106713562999 ], [ -51.314854125201002, -15.887970504538 ], [ -51.315040311638001, -15.887896626534999 ], [ -51.315485075881, -15.887861145534 ], [ -51.315529728492997, -15.887796206559001 ], [ -51.315896935883003, -15.887721078230999 ], [ -51.315912547607013, -15.887626890737 ], [ -51.315682800955003, -15.887705009734001 ], [ -51.315562548168003, -15.887564923603 ], [ -51.315769409844997, -15.887367649663 ], [ -51.316032337979003, -15.887368639738 ], [ -51.315625128344003, -15.886919682982001 ], [ -51.315725211650992, -15.886843037121 ], [ -51.315958022646001, -15.886873633335 ], [ -51.316022604464997, -15.886739958183 ], [ -51.315729271218999, -15.886756668353 ], [ -51.315496636557, -15.886785204821001 ], [ -51.315481047637, -15.886612221622 ], [ -51.315770271799011, -15.885649450012 ], [ -51.31589932618401, -15.885528066082999 ], [ -51.315689253253993, -15.885221885479 ], [ -51.316051585765997, -15.884815216771999 ], [ -51.316006963177998, -15.884527589605 ], [ -51.315935853371002, -15.884086694147999 ], [ -51.315777077840998, -15.883969084492 ], [ -51.315904556385, -15.884269527535 ], [ -51.315750356226999, -15.884342681526 ], [ -51.315590135615999, -15.884166953168 ], [ -51.315360501192004, -15.884206731317001 ], [ -51.315133654339, -15.883702599 ], [ -51.315450384665994, -15.883141307540001 ], [ -51.315413222164999, -15.883006723159999 ], [ -51.315178358633993, -15.883112928491 ], [ -51.314759878224002, -15.882827951796999 ], [ -51.314665982499008, -15.883044397897001 ], [ -51.314782132170997, -15.883251226793 ], [ -51.314905395413, -15.883491205424001 ], [ -51.314868214147999, -15.883674951291001 ], [ -51.314533913981997, -15.883666632312 ], [ -51.31448997422801, -15.883353970919 ], [ -51.31435517188099, -15.882822709240999 ], [ -51.31436953291, -15.882602482455001 ], [ -51.314316984584998, -15.882677322874001 ], [ -51.314272608860001, -15.883010661468999 ], [ -51.314144569539998, -15.883069420162 ], [ -51.313910180573998, -15.882656415525 ], [ -51.313834359547002, -15.882433074107 ], [ -51.313986550654, -15.882094670180001 ], [ -51.314202976791989, -15.882007929769999 ], [ -51.314199329481987, -15.881691873826 ], [ -51.314665258726002, -15.881633961876 ], [ -51.314716046218997, -15.881766826999 ], [ -51.314619864835997, -15.881930706525001 ], [ -51.315018174895002, -15.881986620297999 ], [ -51.314891659113002, -15.881516477977 ], [ -51.314679849573992, -15.881604089269 ], [ -51.314579132329001, -15.881523712952999 ], [ -51.314691900424002, -15.88128597641 ], [ -51.314395030957002, -15.881215974324 ], [ -51.31416953651599, -15.880845329277999 ], [ -51.314130233207997, -15.880359275223 ], [ -51.314063068295013, -15.880210133541 ] ] ] } },
{ "type": "Feature", "properties": { "property_key": "GO-5212204-8F9A53F42FEE4187BBBC3E66F68CEEBE", "cod_imovel": "GO-5212204-8F9A53F42FEE4187BBBC3E66F68CEEBE", "municipio": "Jussara", "cod_estado": "GO", "input_rows": "62", "input_row_count": 1, "resolution_status": "resolved", "resolution_method": "id_exact", "axes_repaired": false, "matched_field_count": 5, "relevant_field_count": 5, "loss_field_count": 2, "dominant_mbmode24": 39, "dominant_class": "Soybean", "dominant_class_area_ha": 531.717, "post2020_loss_ha": 46.944, "follow_up_required": true, "assessment_status": "flagged_post2020_loss", "applicable_delivery_tiers": "intake_point", "contact_entity_id": "5212204", "contact_entity_type": "cooperative", "contact_tier": "membership_muni", "contact_evidence_basis": "observed", "contact_evidence_value": 105.0, "contact_distance_m": null, "facility_override": false, "contact_selection_status": "default_membership_no_qualifying_override", "unsupported_class_field_count": 0 }, "bbox": [ -51.295663889999986, -15.919324169995775, -51.26682056, -15.892334169995825 ], "geometry": { "type": "Polygon", "coordinates": [ [ [ -51.279317499999983, -15.919209169995783 ], [ -51.284453889999988, -15.919303609995778 ], [ -51.28887278, -15.919324169995775 ], [ -51.294909719999985, -15.901831389995815 ], [ -51.291909719999985, -15.898574999995812 ], [ -51.29163917, -15.898278329995819 ], [ -51.295089719999986, -15.895425829995821 ], [ -51.29565667, -15.894966669995824 ], [ -51.295663889999986, -15.894956939995822 ], [ -51.295623889999987, -15.894848889995822 ], [ -51.29543444, -15.894785279995832 ], [ -51.295229439999986, -15.89433666999583 ], [ -51.294779719999987, -15.893966669995821 ], [ -51.294166939999982, -15.893594999995832 ], [ -51.294111389999983, -15.893451109995818 ], [ -51.294186389999986, -15.893146939995825 ], [ -51.293792219999986, -15.89330110999582 ], [ -51.29371333, -15.893174439995827 ], [ -51.29364444, -15.893057499995829 ], [ -51.293226939999983, -15.892983059995819 ], [ -51.293078329999986, -15.892709169995824 ], [ -51.292648889999988, -15.892449439995829 ], [ -51.292505, -15.892556939995821 ], [ -51.29212722, -15.892401109995827 ], [ -51.291808889999984, -15.892673889995823 ], [ -51.29161722, -15.892653329995829 ], [ -51.29151194, -15.892529169995823 ], [ -51.291051939999988, -15.892513609995822 ], [ -51.290326939999986, -15.892419719995825 ], [ -51.289441669999988, -15.892650559995827 ], [ -51.288871669999985, -15.892902219995825 ], [ -51.288305829999985, -15.892833059995828 ], [ -51.288033329999983, -15.892693609995826 ], [ -51.28764472, -15.89251832999582 ], [ -51.28728083, -15.892458889995822 ], [ -51.286963059999984, -15.892716669995824 ], [ -51.286316669999984, -15.892463059995832 ], [ -51.28588778, -15.892482779995825 ], [ -51.28560111, -15.892352499995827 ], [ -51.285121939999989, -15.892440559995821 ], [ -51.285005, -15.892334169995825 ], [ -51.28485806, -15.892353059995834 ], [ -51.28180833, -15.900066109995814 ], [ -51.277136109999987, -15.899831109995812 ], [ -51.27679083, -15.901434439995812 ], [ -51.27146722, -15.900517219995805 ], [ -51.27130667, -15.901051669995802 ], [ -51.271078609999989, -15.901641939995809 ], [ -51.27085222, -15.902133329995804 ], [ -51.270461939999983, -15.902634439995799 ], [ -51.26994361, -15.903144719995806 ], [ -51.269411669999982, -15.903543609995811 ], [ -51.26831083, -15.904245279995807 ], [ -51.26812139, -15.904448059995804 ], [ -51.26795278, -15.904902499995805 ], [ -51.26682056, -15.910656109995795 ], [ -51.27481611, -15.910603609995798 ], [ -51.274175829999983, -15.913577499995791 ], [ -51.27298667, -15.91909221999579 ], [ -51.273659439999989, -15.919104439995781 ], [ -51.276809169999986, -15.919162779995782 ], [ -51.279317499999983, -15.919209169995783 ] ] ] } },
{ "type": "Feature", "properties": { "property_key": "GO-5212204-8FCA16FDCA014D4CBDA3F9FCB4E9CC9B", "cod_imovel": "GO-5212204-8FCA16FDCA014D4CBDA3F9FCB4E9CC9B", "municipio": "Jussara", "cod_estado": "GO", "input_rows": "63", "input_row_count": 1, "resolution_status": "resolved", "resolution_method": "id_exact", "axes_repaired": false, "matched_field_count": 9, "relevant_field_count": 9, "loss_field_count": 0, "dominant_mbmode24": 15, "dominant_class": "Pasture", "dominant_class_area_ha": 202.198, "post2020_loss_ha": 0.0, "follow_up_required": false, "assessment_status": "no_post2020_loss", "applicable_delivery_tiers": "slaughter_point", "contact_entity_id": null, "contact_entity_type": null, "contact_tier": null, "contact_evidence_basis": null, "contact_evidence_value": null, "contact_distance_m": null, "facility_override": false, "contact_selection_status": "not_applicable", "unsupported_class_field_count": 0 }, "bbox": [ -51.32767960234748, -15.877680144382669, -51.295956301233169, -15.850834542137999 ], "geometry": { "type": "Polygon", "coordinates": [ [ [ -51.295956301233169, -15.861205476369561 ], [ -51.296100011112117, -15.86186786171443 ], [ -51.296134044483722, -15.862193062526529 ], [ -51.296337705004198, -15.8623598509849 ], [ -51.296374628275849, -15.86251469907981 ], [ -51.296255021391573, -15.86284867133387 ], [ -51.296447588507952, -15.86275464054741 ], [ -51.296376339979979, -15.86229899222505 ], [ -51.296579588375842, -15.862311424819479 ], [ -51.296949213065311, -15.862593178423021 ], [ -51.29719706963575, -15.862962474199961 ], [ -51.297181027954693, -15.863437461936311 ], [ -51.297092040212569, -15.86350451028374 ], [ -51.297744241052811, -15.863517075734929 ], [ -51.297889023872941, -15.863613717620909 ], [ -51.298019631178548, -15.86347690098559 ], [ -51.298159068643031, -15.863412675742399 ], [ -51.29836308060888, -15.86335285454156 ], [ -51.29854185295536, -15.86344998254229 ], [ -51.298463496559648, -15.863753197796919 ], [ -51.298374784369543, -15.86376607608107 ], [ -51.298578764396048, -15.863868403711651 ], [ -51.298751204127512, -15.86386366375438 ], [ -51.299392674225857, -15.86358501091512 ], [ -51.299604932836743, -15.86341103279559 ], [ -51.2997423982154, -15.863479052542241 ], [ -51.299869266162041, -15.86371373798319 ], [ -51.299973036388991, -15.86392955181892 ], [ -51.300006878785311, -15.864032719411121 ], [ -51.299887671085848, -15.86426676923214 ], [ -51.299641377628802, -15.86426456077815 ], [ -51.299399172160918, -15.864127418120271 ], [ -51.29932439054285, -15.86432061583648 ], [ -51.299533867075809, -15.864754239211759 ], [ -51.29981021474071, -15.86457111373044 ], [ -51.30012337344219, -15.864465114946761 ], [ -51.300421021323011, -15.864317325294129 ], [ -51.30047369585288, -15.86445974729914 ], [ -51.300485207397273, -15.864891565021731 ], [ -51.300604208486412, -15.8647830504342 ], [ -51.30078880048908, -15.86441925173663 ], [ -51.301067715598883, -15.864060248791329 ], [ -51.301149681441487, -15.863963745869761 ], [ -51.301335478320617, -15.86400983763532 ], [ -51.301454459377773, -15.86427192554501 ], [ -51.301352631639361, -15.8646544498616 ], [ -51.301127314517601, -15.864815031850309 ], [ -51.301416132169869, -15.86482830816972 ], [ -51.301611877753608, -15.86488734979176 ], [ -51.301724950643141, -15.865013486903591 ], [ -51.301821747872921, -15.8652240118171 ], [ -51.301829469278047, -15.86537898093256 ], [ -51.302026533253169, -15.865350717018311 ], [ -51.302175583354142, -15.865362822115319 ], [ -51.302222687028888, -15.86547640346042 ], [ -51.302326645226941, -15.8655528306682 ], [ -51.302363272065257, -15.86544893225515 ], [ -51.30270840048604, -15.8654732388671 ], [ -51.302702827456123, -15.865587960506231 ], [ -51.302747748953593, -15.865553408512779 ], [ -51.30271951179175, -15.86546461685651 ], [ -51.302576790662769, -15.865368707667219 ], [ -51.30229101209575, -15.8653646137313 ], [ -51.302124466093026, -15.865025242893511 ], [ -51.302428273469367, -15.86477430882211 ], [ -51.302582202881801, -15.864876865248229 ], [ -51.302743426071451, -15.8651038888675 ], [ -51.30292763827066, -15.8652199633222 ], [ -51.303268274589058, -15.865013681423481 ], [ -51.303401204717353, -15.86508289848722 ], [ -51.303431897401801, -15.86525207399629 ], [ -51.303376628278102, -15.865468488603421 ], [ -51.303383683556419, -15.86575806132989 ], [ -51.303533167031972, -15.86616565594832 ], [ -51.303656916783389, -15.866166386475239 ], [ -51.303580910474061, -15.86590724105414 ], [ -51.303498185537457, -15.86583322561291 ], [ -51.303951474763927, -15.865882727922431 ], [ -51.304263133475061, -15.8656237433611 ], [ -51.304508953695617, -15.86567050740339 ], [ -51.304698923207823, -15.86578807293272 ], [ -51.304764825928743, -15.865929869497171 ], [ -51.304513119365502, -15.866037560482431 ], [ -51.304245521096163, -15.866061821436601 ], [ -51.30419238635433, -15.86615020286742 ], [ -51.30428542298273, -15.86621156504372 ], [ -51.304421699325196, -15.86625051848381 ], [ -51.304661552520059, -15.866260360632561 ], [ -51.304880050108849, -15.86622413551272 ], [ -51.305275080094759, -15.866034218398029 ], [ -51.305542775427867, -15.866037312330629 ], [ -51.305703824537773, -15.86587952867063 ], [ -51.305920014680623, -15.865645248371729 ], [ -51.30607774666047, -15.86555505526176 ], [ -51.305795986719062, -15.86537299971558 ], [ -51.306114457069071, -15.865284993309629 ], [ -51.306285977822533, -15.865320532721659 ], [ -51.306181916586908, -15.865133407705009 ], [ -51.30625015739907, -15.86501597680857 ], [ -51.306299263635168, -15.86509434988047 ], [ -51.306389343027661, -15.86533734630386 ], [ -51.306271964853742, -15.86544866425375 ], [ -51.306097926401719, -15.86537261829484 ], [ -51.305963581502368, -15.865406474671889 ], [ -51.306209463140149, -15.865481487990269 ], [ -51.306216401140048, -15.865585506225189 ], [ -51.305963021143931, -15.86572852214514 ], [ -51.305763475681161, -15.86595071002886 ], [ -51.30561111405779, -15.8661154154683 ], [ -51.305324832378901, -15.866162495010281 ], [ -51.30425617132898, -15.87213992000062 ], [ -51.29804075401676, -15.873579891114909 ], [ -51.297934497083219, -15.877680144382669 ], [ -51.312551232126999, -15.875472210190789 ], [ -51.31249958092031, -15.87518197842425 ], [ -51.31259137015256, -15.8750418823633 ], [ -51.312774915958428, -15.87503742242307 ], [ -51.313044965552557, -15.875190393329509 ], [ -51.312899696072421, -15.87539360562592 ], [ -51.312916835569808, -15.87553240524276 ], [ -51.313057688714323, -15.875590385549391 ], [ -51.31342173924785, -15.87553509185587 ], [ -51.313586892114287, -15.875336361567751 ], [ -51.313609467734061, -15.87505815572141 ], [ -51.313475687010531, -15.875055411413991 ], [ -51.313462720433073, -15.87476429311754 ], [ -51.313314040249729, -15.874790879268209 ], [ -51.313165315356351, -15.874679707744111 ], [ -51.313169147466397, -15.87454827284043 ], [ -51.312993862567701, -15.874591206151029 ], [ -51.312882938126599, -15.87446709718138 ], [ -51.312586082668901, -15.8745265147698 ], [ -51.31246905165353, -15.87438545460771 ], [ -51.31249299779585, -15.87419555350259 ], [ -51.312587254376979, -15.874050608219671 ], [ -51.312533560777041, -15.873860222561159 ], [ -51.312416037024512, -15.87391435440354 ], [ -51.31232595243727, -15.873826828677039 ], [ -51.312245191693897, -15.87366774371004 ], [ -51.311932696693809, -15.873560387511869 ], [ -51.311776228818339, -15.8729806439434 ], [ -51.312206275703943, -15.872986298082481 ], [ -51.312364703699352, -15.87281861410116 ], [ -51.312623653971599, -15.87294163269957 ], [ -51.312735723593718, -15.87290049064981 ], [ -51.312700621250052, -15.87273050041826 ], [ -51.312598092290607, -15.872634829282671 ], [ -51.312686241786281, -15.87234001191475 ], [ -51.312988024420768, -15.872128419030011 ], [ -51.312855154992249, -15.87203097475712 ], [ -51.312874919542587, -15.87186152901719 ], [ -51.312601411344872, -15.871594807361589 ], [ -51.31268395159865, -15.871460591822631 ], [ -51.312997060613768, -15.87147140363837 ], [ -51.313195830996342, -15.87160788839981 ], [ -51.313349987481082, -15.871475801958731 ], [ -51.313201371261769, -15.87116732340311 ], [ -51.313388570434277, -15.87111156245885 ], [ -51.313586983671613, -15.87111380642301 ], [ -51.313629278549541, -15.870999926457481 ], [ -51.31357161588641, -15.87086437680941 ], [ -51.3135370631041, -15.87068152139565 ], [ -51.313635203342187, -15.870622887598991 ], [ -51.316175528463283, -15.869070327102561 ], [ -51.316452878675271, -15.86950713230274 ], [ -51.322366113168599, -15.8664305221831 ], [ -51.32767960234748, -15.86368122588838 ], [ -51.322330154132068, -15.85730029067682 ], [ -51.319666508828938, -15.85597296466389 ], [ -51.319419788317987, -15.85574627860383 ], [ -51.314492715118277, -15.85841790515255 ], [ -51.307206166446278, -15.850834542137999 ], [ -51.302693772233461, -15.854984237227351 ], [ -51.295956301233169, -15.861205476369561 ] ] ] } },
{ "type": "Feature", "properties": { "property_key": "GO-5212204-950D2FF509934A06BF6812F6700B4B9D", "cod_imovel": "GO-5212204-950D2FF509934A06BF6812F6700B4B9D", "municipio": "Jussara", "cod_estado": "GO", "input_rows": "64", "input_row_count": 1, "resolution_status": "resolved", "resolution_method": "id_exact", "axes_repaired": false, "matched_field_count": 4, "relevant_field_count": 4, "loss_field_count": 0, "dominant_mbmode24": 39, "dominant_class": "Soybean", "dominant_class_area_ha": 214.871, "post2020_loss_ha": 0.0, "follow_up_required": false, "assessment_status": "no_post2020_loss", "applicable_delivery_tiers": "intake_point", "contact_entity_id": null, "contact_entity_type": null, "contact_tier": null, "contact_evidence_basis": null, "contact_evidence_value": null, "contact_distance_m": null, "facility_override": false, "contact_selection_status": "not_applicable", "unsupported_class_field_count": 0 }, "bbox": [ -51.372049754263749, -15.81458164597894, -51.334439419450469, -15.786177258468371 ], "geometry": { "type": "Polygon", "coordinates": [ [ [ -51.363440032364998, -15.786177258468371 ], [ -51.340830309419658, -15.80624142458727 ], [ -51.341551420526983, -15.807147813476361 ], [ -51.339384460815332, -15.809247856810559 ], [ -51.339383824148719, -15.80925807347716 ], [ -51.334439419450469, -15.814166744590191 ], [ -51.334628803616212, -15.814231724867989 ], [ -51.33469802083809, -15.81407594181233 ], [ -51.33488436750384, -15.81411082181234 ], [ -51.33504510305854, -15.81418687514565 ], [ -51.33512014583598, -15.81410991570122 ], [ -51.335623037222319, -15.814140509312271 ], [ -51.335866269721102, -15.81407341486773 ], [ -51.336044325831359, -15.813894048478771 ], [ -51.336183093052838, -15.813955127645469 ], [ -51.336289397774479, -15.814149332367821 ], [ -51.336550615550969, -15.81411647264547 ], [ -51.336749532216672, -15.814072950978741 ], [ -51.336988909437629, -15.81427192125658 ], [ -51.336809682771893, -15.81453355820117 ], [ -51.337280388880629, -15.81458164597894 ], [ -51.337393221657791, -15.814319117367649 ], [ -51.337782429155787, -15.81437971597872 ], [ -51.337940471099479, -15.81457618986768 ], [ -51.340617883308568, -15.812330522366789 ], [ -51.342357141911187, -15.810784314866201 ], [ -51.343086632463233, -15.81019445069936 ], [ -51.343210241907009, -15.810126723477129 ], [ -51.343806698292902, -15.80999170236584 ], [ -51.353740864909781, -15.808593369308999 ], [ -51.356267253786001, -15.808255035975259 ], [ -51.356989198226771, -15.80827698041969 ], [ -51.362059476256889, -15.80760753625229 ], [ -51.363806976248092, -15.806853091807509 ], [ -51.365045309575301, -15.806459758473871 ], [ -51.364328920690333, -15.804871425140201 ], [ -51.369545032053757, -15.80021364763836 ], [ -51.370368087604938, -15.80103059208291 ], [ -51.372049754263749, -15.79792559208197 ], [ -51.370461698994383, -15.79573975874823 ], [ -51.363440032364998, -15.786177258468371 ] ] ] } },
{ "type": "Feature", "properties": { "property_key": "GO-5212204-9590B08FA4974D2786D41A9EB95C0A8E", "cod_imovel": "GO-5212204-9590B08FA4974D2786D41A9EB95C0A8E", "municipio": "Jussara", "cod_estado": "GO", "input_rows": "65", "input_row_count": 1, "resolution_status": "resolved", "resolution_method": "id_exact", "axes_repaired": false, "matched_field_count": 1, "relevant_field_count": 1, "loss_field_count": 0, "dominant_mbmode24": 15, "dominant_class": "Pasture", "dominant_class_area_ha": 10.873, "post2020_loss_ha": 0.0, "follow_up_required": false, "assessment_status": "no_post2020_loss", "applicable_delivery_tiers": "slaughter_point", "contact_entity_id": null, "contact_entity_type": null, "contact_tier": null, "contact_evidence_basis": null, "contact_evidence_value": null, "contact_distance_m": null, "facility_override": false, "contact_selection_status": "not_applicable", "unsupported_class_field_count": 0 }, "bbox": [ -51.337256851776687, -15.8234666630522, -51.324116963752218, -15.807394926452201 ], "geometry": { "type": "Polygon", "coordinates": [ [ [ -51.335810066271037, -15.807394926452201 ], [ -51.335560992886101, -15.807696245594419 ], [ -51.328266873131163, -15.81686982517285 ], [ -51.327434881542644, -15.81798037081813 ], [ -51.326696841228397, -15.81895110467341 ], [ -51.326337199830512, -15.819427653723711 ], [ -51.32563814561567, -15.820353744193071 ], [ -51.324936116735273, -15.82128078402058 ], [ -51.324116963752218, -15.8223614276635 ], [ -51.325127748596337, -15.8234666630522 ], [ -51.325687515576888, -15.8227624791139 ], [ -51.326147760477753, -15.82217547308389 ], [ -51.326551609202248, -15.821669425489871 ], [ -51.327252449721733, -15.82078550748329 ], [ -51.32798685036277, -15.819851198658251 ], [ -51.328201254706613, -15.819579261522479 ], [ -51.328450711163363, -15.81926493233202 ], [ -51.328772271927718, -15.81885876174468 ], [ -51.329147088718202, -15.81838418255621 ], [ -51.329368031813601, -15.818105939738651 ], [ -51.329895738605323, -15.81743810082247 ], [ -51.330286086938258, -15.81694173816358 ], [ -51.330839382494929, -15.816241709883821 ], [ -51.331296524306268, -15.815666183134621 ], [ -51.331778717543749, -15.815061289450821 ], [ -51.332220660320871, -15.81450326702045 ], [ -51.332822011999227, -15.813747847157179 ], [ -51.333065642145783, -15.81344094997189 ], [ -51.333249013812427, -15.81321092747619 ], [ -51.333454614142951, -15.81295508781835 ], [ -51.333655215877897, -15.81270117695111 ], [ -51.333905798554582, -15.812387046084909 ], [ -51.334110044505898, -15.812130617010929 ], [ -51.334239046527159, -15.811971653623679 ], [ -51.334354391790562, -15.81182538455389 ], [ -51.334409309615573, -15.811756948963669 ], [ -51.334487395388358, -15.81165856161684 ], [ -51.334710157053529, -15.81137968212102 ], [ -51.334871325194378, -15.811178163375279 ], [ -51.335080318538203, -15.81091651829192 ], [ -51.33520236861915, -15.810762855555559 ], [ -51.335561471795472, -15.81031146328907 ], [ -51.336004006588773, -15.809757104700299 ], [ -51.336233466917342, -15.80946986510229 ], [ -51.336301339830911, -15.8093855297746 ], [ -51.336412724704971, -15.80924712537181 ], [ -51.336644901641343, -15.80895689120076 ], [ -51.3368651921732, -15.80868077087321 ], [ -51.337256851776687, -15.80818973935574 ], [ -51.337142774329664, -15.80811563636572 ], [ -51.337061614083296, -15.80806265610293 ], [ -51.336995757727628, -15.80802083345346 ], [ -51.336905253575821, -15.807965574789179 ], [ -51.336558863791389, -15.807769570369199 ], [ -51.335810066271037, -15.807394926452201 ] ] ] } },
{ "type": "Feature", "properties": { "property_key": "GO-5212204-973E3F7C82CF4FBC87FD49A783C04134", "cod_imovel": "GO-5212204-973E3F7C82CF4FBC87FD49A783C04134", "municipio": "Jussara", "cod_estado": "GO", "input_rows": "66", "input_row_count": 1, "resolution_status": "resolved", "resolution_method": "id_exact", "axes_repaired": false, "matched_field_count": 4, "relevant_field_count": 4, "loss_field_count": 0, "dominant_mbmode24": 39, "dominant_class": "Soybean", "dominant_class_area_ha": 300.826, "post2020_loss_ha": 0.0, "follow_up_required": false, "assessment_status": "no_post2020_loss", "applicable_delivery_tiers": "intake_point", "contact_entity_id": null, "contact_entity_type": null, "contact_tier": null, "contact_evidence_basis": null, "contact_evidence_value": null, "contact_distance_m": null, "facility_override": false, "contact_selection_status": "not_applicable", "unsupported_class_field_count": 0 }, "bbox": [ -51.350589251666669, -15.831121948333333, -51.326192031666665, -15.809393875833333 ], "geometry": { "type": "Polygon", "coordinates": [ [ [ -51.349633825833337, -15.809393875833333 ], [ -51.34391635888889, -15.810129401944444 ], [ -51.343229943055555, -15.810291226666667 ], [ -51.337961577222224, -15.814801804722222 ], [ -51.326192031666665, -15.824566208333334 ], [ -51.326203679166667, -15.824608680833334 ], [ -51.32657695, -15.825027595555555 ], [ -51.327674016944442, -15.826245857777778 ], [ -51.328673617777781, -15.827356951666667 ], [ -51.329432330277776, -15.828200538611112 ], [ -51.331304244166667, -15.830275992222223 ], [ -51.331727350277781, -15.830490327222222 ], [ -51.333071064166667, -15.830711114722222 ], [ -51.335686635833333, -15.831121948333333 ], [ -51.342985889722222, -15.819841377777777 ], [ -51.344790909166669, -15.817013838055555 ], [ -51.345167861388887, -15.816451376666667 ], [ -51.345862813333333, -15.815367137499999 ], [ -51.350589251666669, -15.810589649722223 ], [ -51.349831987777776, -15.8094591 ], [ -51.349633825833337, -15.809393875833333 ] ] ] } },
{ "type": "Feature", "properties": { "property_key": "GO-5212204-980A3D0E49E84210B886D033F92512C9", "cod_imovel": "GO-5212204-980A3D0E49E84210B886D033F92512C9", "municipio": "Jussara", "cod_estado": "GO", "input_rows": "67", "input_row_count": 1, "resolution_status": "resolved", "resolution_method": "id_exact", "axes_repaired": false, "matched_field_count": 3, "relevant_field_count": 3, "loss_field_count": 0, "dominant_mbmode24": 15, "dominant_class": "Pasture", "dominant_class_area_ha": 62.55, "post2020_loss_ha": 0.0, "follow_up_required": false, "assessment_status": "no_post2020_loss", "applicable_delivery_tiers": "slaughter_point", "contact_entity_id": null, "contact_entity_type": null, "contact_tier": null, "contact_evidence_basis": null, "contact_evidence_value": null, "contact_distance_m": null, "facility_override": false, "contact_selection_status": "not_applicable", "unsupported_class_field_count": 0 }, "bbox": [ -51.339497566223137, -15.824585361602027, -51.325271129608154, -15.808296235051492 ], "geometry": { "type": "Polygon", "coordinates": [ [ [ -51.337480545043945, -15.808296235051492 ], [ -51.325271129608154, -15.82351184738695 ], [ -51.326258182525635, -15.824585361602027 ], [ -51.338081359863281, -15.814717074012281 ], [ -51.337802410125732, -15.814428037410332 ], [ -51.337459087371826, -15.81453126481559 ], [ -51.337265968322754, -15.81475836492171 ], [ -51.337029933929436, -15.814717074012281 ], [ -51.33685827255249, -15.814221582441792 ], [ -51.336343288421631, -15.814242227948128 ], [ -51.336214542388909, -15.814242227948128 ], [ -51.336042881011956, -15.814242227948128 ], [ -51.335763931274414, -15.814304164454491 ], [ -51.335334777832031, -15.814283518954477 ], [ -51.334669589996338, -15.814283518954477 ], [ -51.339497566223137, -15.809431768026704 ], [ -51.337480545043945, -15.808296235051492 ] ] ] } },
{ "type": "Feature", "properties": { "property_key": "GO-5212204-9984B6C557E04873B22A6C2C429981AB", "cod_imovel": "GO-5212204-9984B6C557E04873B22A6C2C429981AB", "municipio": "Jussara", "cod_estado": "GO", "input_rows": "68", "input_row_count": 1, "resolution_status": "resolved", "resolution_method": "id_exact", "axes_repaired": false, "matched_field_count": 2, "relevant_field_count": 2, "loss_field_count": 0, "dominant_mbmode24": 15, "dominant_class": "Pasture", "dominant_class_area_ha": 57.326, "post2020_loss_ha": 0.0, "follow_up_required": false, "assessment_status": "no_post2020_loss", "applicable_delivery_tiers": "slaughter_point", "contact_entity_id": null, "contact_entity_type": null, "contact_tier": null, "contact_evidence_basis": null, "contact_evidence_value": null, "contact_distance_m": null, "facility_override": false, "contact_selection_status": "not_applicable", "unsupported_class_field_count": 0 }, "bbox": [ -51.329391002655029, -15.930628657656285, -51.313233375549316, -15.923241698599083 ], "geometry": { "type": "Polygon", "coordinates": [ [ [ -51.32089376449585, -15.928400218188772 ], [ -51.328361034393311, -15.930628657656285 ], [ -51.3291335105896, -15.928771626484544 ], [ -51.329262256622314, -15.92773993507751 ], [ -51.329391002655029, -15.926852676227243 ], [ -51.328646229919627, -15.925687036336839 ], [ -51.32776604719588, -15.925820487907121 ], [ -51.326494216918945, -15.926666970390286 ], [ -51.325657367706299, -15.926935212099647 ], [ -51.325035095214837, -15.92677014032091 ], [ -51.324141193132931, -15.926907322031671 ], [ -51.323681653213711, -15.92662163291816 ], [ -51.32304221534433, -15.92616077226057 ], [ -51.32281350712109, -15.92586619078422 ], [ -51.322214608000593, -15.92575980701738 ], [ -51.321581044549362, -15.925471002406439 ], [ -51.321201741325439, -15.92538248164124 ], [ -51.320965163850929, -15.9253208968656 ], [ -51.321041987219921, -15.92501331932406 ], [ -51.321473121643066, -15.924871805111401 ], [ -51.321451663970947, -15.924438486949963 ], [ -51.322001674481562, -15.924005874608961 ], [ -51.321601867675781, -15.923695653640722 ], [ -51.321258544921868, -15.923819459383074 ], [ -51.320914784555292, -15.92375655039897 ], [ -51.320337788904233, -15.92349337818735 ], [ -51.319820880889893, -15.923241698599083 ], [ -51.317503452301025, -15.924273413118701 ], [ -51.313490867614746, -15.925924145324853 ], [ -51.313297748565674, -15.926006681578947 ], [ -51.313233375549316, -15.926089217799113 ], [ -51.313469409942627, -15.92619238802661 ], [ -51.32089376449585, -15.928400218188772 ] ] ] } },
{ "type": "Feature", "properties": { "property_key": "GO-5212204-9F5C455B3F9F44B7BF9B40D03449CED9", "cod_imovel": "GO-5212204-9F5C455B3F9F44B7BF9B40D03449CED9", "municipio": "Jussara", "cod_estado": "GO", "input_rows": "69", "input_row_count": 1, "resolution_status": "resolved", "resolution_method": "id_exact", "axes_repaired": false, "matched_field_count": 0, "relevant_field_count": 0, "loss_field_count": 0, "dominant_mbmode24": null, "dominant_class": null, "dominant_class_area_ha": null, "post2020_loss_ha": 0.0, "follow_up_required": false, "assessment_status": "no_matched_fields", "applicable_delivery_tiers": "none", "contact_entity_id": null, "contact_entity_type": null, "contact_tier": null, "contact_evidence_basis": null, "contact_evidence_value": null, "contact_distance_m": null, "facility_override": false, "contact_selection_status": "not_applicable", "unsupported_class_field_count": 0 }, "bbox": [ -51.388921960744092, -15.582724583315954, -51.368139034461812, -15.564851558368646 ], "geometry": { "type": "Polygon", "coordinates": [ [ [ -51.386730207264321, -15.566949672306446 ], [ -51.385052375296048, -15.564851558368646 ], [ -51.368139034461812, -15.577264951999432 ], [ -51.371162898445895, -15.582724583315954 ], [ -51.388921960744092, -15.569690356466273 ], [ -51.387078230031811, -15.567384864569874 ], [ -51.386730207264321, -15.566949672306446 ] ] ] } },
{ "type": "Feature", "properties": { "property_key": "GO-5212204-A06B364DA3AC4E1393188DD955072A7A", "cod_imovel": "GO-5212204-A06B364DA3AC4E1393188DD955072A7A", "municipio": "Jussara", "cod_estado": "GO", "input_rows": "70", "input_row_count": 1, "resolution_status": "resolved", "resolution_method": "id_exact", "axes_repaired": false, "matched_field_count": 0, "relevant_field_count": 0, "loss_field_count": 0, "dominant_mbmode24": null, "dominant_class": null, "dominant_class_area_ha": null, "post2020_loss_ha": 0.0, "follow_up_required": false, "assessment_status": "no_matched_fields", "applicable_delivery_tiers": "none", "contact_entity_id": null, "contact_entity_type": null, "contact_tier": null, "contact_evidence_basis": null, "contact_evidence_value": null, "contact_distance_m": null, "facility_override": false, "contact_selection_status": "not_applicable", "unsupported_class_field_count": 0 }, "bbox": [ -51.342107460912437, -15.79403517075753, -51.336512292071653, -15.78762006693921 ], "geometry": { "type": "Polygon", "coordinates": [ [ [ -51.339052823514322, -15.789677691442201 ], [ -51.33766653790439, -15.78762006693921 ], [ -51.337034124201573, -15.790895432543049 ], [ -51.336512292071653, -15.79403517075753 ], [ -51.337852382179598, -15.79389157823061 ], [ -51.339650719091601, -15.79140749716942 ], [ -51.342107460912437, -15.789467147229161 ], [ -51.341677104703187, -15.78917482637881 ], [ -51.340868197546683, -15.78934956426041 ], [ -51.339052823514322, -15.789677691442201 ] ] ] } },
{ "type": "Feature", "properties": { "property_key": "GO-5212204-A4424F07EA5349C688955C67B8E5D443", "cod_imovel": "GO-5212204-A4424F07EA5349C688955C67B8E5D443", "municipio": "Jussara", "cod_estado": "GO", "input_rows": "71", "input_row_count": 1, "resolution_status": "resolved", "resolution_method": "id_exact", "axes_repaired": false, "matched_field_count": 1, "relevant_field_count": 1, "loss_field_count": 0, "dominant_mbmode24": 15, "dominant_class": "Pasture", "dominant_class_area_ha": 2.153, "post2020_loss_ha": 0.0, "follow_up_required": false, "assessment_status": "no_post2020_loss", "applicable_delivery_tiers": "slaughter_point", "contact_entity_id": null, "contact_entity_type": null, "contact_tier": null, "contact_evidence_basis": null, "contact_evidence_value": null, "contact_distance_m": null, "facility_override": false, "contact_selection_status": "not_applicable", "unsupported_class_field_count": 0 }, "bbox": [ -51.336683289035399, -15.798971069914355, -51.332189105145474, -15.779155146402589 ], "geometry": { "type": "Polygon", "coordinates": [ [ [ -51.333541401856067, -15.779155146402589 ], [ -51.332189105145474, -15.783751524848551 ], [ -51.336399469057845, -15.791167350365283 ], [ -51.332661849721198, -15.795559131174093 ], [ -51.335250523469917, -15.798971069914355 ], [ -51.335793304327865, -15.798339570410679 ], [ -51.336054390700383, -15.796682378235086 ], [ -51.334953392638297, -15.795644895913208 ], [ -51.336683289035399, -15.791218993137434 ], [ -51.336111240821012, -15.788050855305974 ], [ -51.335930776038062, -15.787032337987977 ], [ -51.335201720200956, -15.786912691364112 ], [ -51.33663710501331, -15.780741500346647 ], [ -51.336619501534273, -15.779686279672299 ], [ -51.333541401856067, -15.779155146402589 ] ] ] } },
{ "type": "Feature", "properties": { "property_key": "GO-5212204-A614927086AE489E901B1E2C9D35A6CB", "cod_imovel": "GO-5212204-A614927086AE489E901B1E2C9D35A6CB", "municipio": "Jussara", "cod_estado": "GO", "input_rows": "72", "input_row_count": 1, "resolution_status": "resolved", "resolution_method": "id_exact", "axes_repaired": false, "matched_field_count": 0, "relevant_field_count": 0, "loss_field_count": 0, "dominant_mbmode24": null, "dominant_class": null, "dominant_class_area_ha": null, "post2020_loss_ha": 0.0, "follow_up_required": false, "assessment_status": "no_matched_fields", "applicable_delivery_tiers": "none", "contact_entity_id": null, "contact_entity_type": null, "contact_tier": null, "contact_evidence_basis": null, "contact_evidence_value": null, "contact_distance_m": null, "facility_override": false, "contact_selection_status": "not_applicable", "unsupported_class_field_count": 0 }, "bbox": [ -51.398550727475325, -15.595342933117935, -51.368139034348715, -15.564851557937894 ], "geometry": { "type": "Polygon", "coordinates": [ [ [ -51.373773499115018, -15.587412616315916 ], [ -51.375380705073262, -15.590283430136784 ], [ -51.377863637986032, -15.589734754723205 ], [ -51.37786368746697, -15.589734796387921 ], [ -51.381642293658253, -15.595342933117935 ], [ -51.388598199464568, -15.593438556233904 ], [ -51.389661479726662, -15.592703121769338 ], [ -51.398550727475325, -15.581264507846086 ], [ -51.393996674453909, -15.575927229205893 ], [ -51.393996747702502, -15.575927166509006 ], [ -51.391680329862602, -15.573128538587074 ], [ -51.38892199421386, -15.569690320237711 ], [ -51.388921958055612, -15.569690352854527 ], [ -51.385052375167312, -15.564851557937894 ], [ -51.368139034348715, -15.577264952030328 ], [ -51.371162903259055, -15.58272459427306 ], [ -51.373773499115018, -15.587412616315916 ] ] ] } },
{ "type": "Feature", "properties": { "property_key": "GO-5212204-ACA083B749944315972FE0795ACD12C3", "cod_imovel": "GO-5212204-ACA083B749944315972FE0795ACD12C3", "municipio": "Jussara", "cod_estado": "GO", "input_rows": "73", "input_row_count": 1, "resolution_status": "resolved", "resolution_method": "id_exact", "axes_repaired": false, "matched_field_count": 2, "relevant_field_count": 2, "loss_field_count": 0, "dominant_mbmode24": 15, "dominant_class": "Pasture", "dominant_class_area_ha": 16.022, "post2020_loss_ha": 0.0, "follow_up_required": false, "assessment_status": "no_post2020_loss", "applicable_delivery_tiers": "slaughter_point", "contact_entity_id": null, "contact_entity_type": null, "contact_tier": null, "contact_evidence_basis": null, "contact_evidence_value": null, "contact_distance_m": null, "facility_override": false, "contact_selection_status": "not_applicable", "unsupported_class_field_count": 0 }, "bbox": [ -51.448214369010401, -15.73009217047052, -51.443276200438802, -15.71450526290567 ], "geometry": { "type": "Polygon", "coordinates": [ [ [ -51.443806998308858, -15.72566381685397 ], [ -51.443276200438802, -15.72971425636613 ], [ -51.44719238209678, -15.73009217047052 ], [ -51.448214369010401, -15.725546722180169 ], [ -51.446848925776798, -15.72545880427465 ], [ -51.44747257232666, -15.722947892840807 ], [ -51.447665691375732, -15.719374581661221 ], [ -51.447940726863507, -15.71577832361042 ], [ -51.446660325630532, -15.71450526290567 ], [ -51.445133659834539, -15.71568454525304 ], [ -51.44458513229273, -15.71849887421695 ], [ -51.443883421569382, -15.721819629207729 ], [ -51.443587383683223, -15.722030813840711 ], [ -51.443628642450051, -15.72256444907506 ], [ -51.443806998308858, -15.72566381685397 ] ] ] } },
{ "type": "Feature", "properties": { "property_key": "GO-5212204-ADCB9B746C3B4DDF994A56429CECA7DB", "cod_imovel": "GO-5212204-ADCB9B746C3B4DDF994A56429CECA7DB", "municipio": "Jussara", "cod_estado": "GO", "input_rows": "74", "input_row_count": 1, "resolution_status": "resolved", "resolution_method": "id_exact", "axes_repaired": false, "matched_field_count": 2, "relevant_field_count": 2, "loss_field_count": 0, "dominant_mbmode24": 15, "dominant_class": "Pasture", "dominant_class_area_ha": 47.988, "post2020_loss_ha": 0.0, "follow_up_required": false, "assessment_status": "no_post2020_loss", "applicable_delivery_tiers": "slaughter_point", "contact_entity_id": null, "contact_entity_type": null, "contact_tier": null, "contact_evidence_basis": null, "contact_evidence_value": null, "contact_distance_m": null, "facility_override": false, "contact_selection_status": "not_applicable", "unsupported_class_field_count": 0 }, "bbox": [ -51.335978507995605, -15.822397038129923, -51.320700645446777, -15.805447051536648 ], "geometry": { "type": "Polygon", "coordinates": [ [ [ -51.320700645446777, -15.818722252979786 ], [ -51.324198246002197, -15.822397038129923 ], [ -51.335978507995605, -15.807552973653801 ], [ -51.331987380981445, -15.805447051536648 ], [ -51.320700645446777, -15.818722252979786 ] ] ] } },
{ "type": "Feature", "properties": { "property_key": "GO-5212204-AE6A2EC35795457CBEB9C3256A5B2FB3", "cod_imovel": "GO-5212204-AE6A2EC35795457CBEB9C3256A5B2FB3", "municipio": "Jussara", "cod_estado": "GO", "input_rows": "75", "input_row_count": 1, "resolution_status": "resolved", "resolution_method": "id_exact", "axes_repaired": false, "matched_field_count": 5, "relevant_field_count": 5, "loss_field_count": 0, "dominant_mbmode24": 15, "dominant_class": "Pasture", "dominant_class_area_ha": 569.559, "post2020_loss_ha": 0.0, "follow_up_required": false, "assessment_status": "no_post2020_loss", "applicable_delivery_tiers": "slaughter_point", "contact_entity_id": null, "contact_entity_type": null, "contact_tier": null, "contact_evidence_basis": null, "contact_evidence_value": null, "contact_distance_m": null, "facility_override": false, "contact_selection_status": "not_applicable", "unsupported_class_field_count": 0 }, "bbox": [ -51.461612565053663, -15.6903120239205, -51.409289441506687, -15.66877910306658 ], "geometry": { "type": "Polygon", "coordinates": [ [ [ -51.419473414198933, -15.6791699168578 ], [ -51.419405895128222, -15.679327574079601 ], [ -51.420495640565882, -15.679780599274689 ], [ -51.420602041580644, -15.67985862434633 ], [ -51.420161819765553, -15.68021632578645 ], [ -51.419758711471829, -15.680766273668359 ], [ -51.419120390346741, -15.681394530967349 ], [ -51.41872018941978, -15.682039498831649 ], [ -51.418577072574898, -15.6827219894999 ], [ -51.41811648262081, -15.68318388331569 ], [ -51.417752450598037, -15.683551745672441 ], [ -51.41767289173427, -15.68400416919015 ], [ -51.417548348089447, -15.68406131162787 ], [ -51.417062508868099, -15.68368511556471 ], [ -51.416395033487909, -15.683415724053161 ], [ -51.415798742283563, -15.68340396787494 ], [ -51.41518890107195, -15.68326636931757 ], [ -51.414603659242999, -15.683405224562289 ], [ -51.414285294740523, -15.683341980910789 ], [ -51.413999636760622, -15.68335914727081 ], [ -51.413635166233988, -15.683313789164661 ], [ -51.4134295387286, -15.68331271507939 ], [ -51.412968721356677, -15.68307306985418 ], [ -51.412619185610779, -15.68279797927018 ], [ -51.412545693683263, -15.683118484431191 ], [ -51.412353190353031, -15.683396722042961 ], [ -51.412058142403289, -15.68338875280782 ], [ -51.412055818795913, -15.683503797195559 ], [ -51.411519620207812, -15.68332882006098 ], [ -51.41125686953427, -15.683484420147879 ], [ -51.411161129062428, -15.683629662817379 ], [ -51.411017259417832, -15.6835843934115 ], [ -51.410863234582258, -15.68355897661144 ], [ -51.41080489884385, -15.68364541021951 ], [ -51.410566230560192, -15.683617259217289 ], [ -51.410487121877402, -15.683901578925839 ], [ -51.41038780069259, -15.684018574780019 ], [ -51.410090839817613, -15.68409816182678 ], [ -51.4098934236834, -15.684258766788099 ], [ -51.409793965095169, -15.684375296231311 ], [ -51.409659770008872, -15.684394475578131 ], [ -51.409289441506687, -15.684779136700691 ], [ -51.415458947648041, -15.686146477131951 ], [ -51.434242204360821, -15.6903120239205 ], [ -51.435945012665528, -15.687838952481879 ], [ -51.439001214269247, -15.68338402139875 ], [ -51.455318403788837, -15.686646326284389 ], [ -51.461612565053663, -15.67493862293947 ], [ -51.461501156852592, -15.674918550306129 ], [ -51.430679394275039, -15.66877910306658 ], [ -51.430718008216061, -15.668988143868731 ], [ -51.430529778911023, -15.669040445766569 ], [ -51.430443993568417, -15.668951272530499 ], [ -51.430364212042633, -15.669201389433949 ], [ -51.430505857781128, -15.66925426969744 ], [ -51.430476078004979, -15.6693952048099 ], [ -51.430339192688649, -15.66954191974652 ], [ -51.430359098476117, -15.669699288882621 ], [ -51.430162367377413, -15.6698744656639 ], [ -51.430058851699123, -15.6701950173737 ], [ -51.430051875953112, -15.67049800316699 ], [ -51.429551973834229, -15.670622689304841 ], [ -51.429613193150921, -15.67073533520696 ], [ -51.429533903396361, -15.67106407232629 ], [ -51.429365053972923, -15.671064448702859 ], [ -51.429192383581288, -15.67131252432833 ], [ -51.429249089215219, -15.67142709930466 ], [ -51.42943475334534, -15.67142297101206 ], [ -51.429446859351067, -15.67148231288119 ], [ -51.429035671186263, -15.671790228731 ], [ -51.428813616072937, -15.671993306352469 ], [ -51.428796021488083, -15.67216974215903 ], [ -51.428858421479298, -15.6723262575495 ], [ -51.428950869924279, -15.67247593898596 ], [ -51.428722131101509, -15.672444197309821 ], [ -51.428403002216577, -15.67234137595463 ], [ -51.42806646972538, -15.67266460943712 ], [ -51.427933835533587, -15.672983750824651 ], [ -51.427703876290707, -15.67338995588845 ], [ -51.427374360341247, -15.673530921172039 ], [ -51.427234256554868, -15.673453872280501 ], [ -51.427123318228297, -15.673509355694129 ], [ -51.426958339185497, -15.67376219971716 ], [ -51.426823312270649, -15.673950582966549 ], [ -51.426951189386479, -15.674045952693261 ], [ -51.42695333696534, -15.67415591851962 ], [ -51.426538549951999, -15.67424589720499 ], [ -51.426491428940871, -15.67453832276497 ], [ -51.426590043554278, -15.67465797057692 ], [ -51.426534620013392, -15.67477434866932 ], [ -51.426262736038737, -15.674760471723779 ], [ -51.426129564989438, -15.67493653079967 ], [ -51.42592218999598, -15.674878114810319 ], [ -51.426036228100891, -15.67518408445779 ], [ -51.425729371836681, -15.67521189765735 ], [ -51.425747469173103, -15.675407218603921 ], [ -51.425537140495621, -15.675520082367299 ], [ -51.425361988179681, -15.67546879935092 ], [ -51.425390082978943, -15.67573454049151 ], [ -51.425220792401547, -15.675774972229529 ], [ -51.425067113670842, -15.67587749016697 ], [ -51.424804311441157, -15.67582486799477 ], [ -51.424645696838368, -15.675885513216601 ], [ -51.42426223885375, -15.67543277281346 ], [ -51.423777235540207, -15.675200074050011 ], [ -51.423672957493167, -15.67525945429179 ], [ -51.423615650914769, -15.67556496055243 ], [ -51.423176260922858, -15.67550950346725 ], [ -51.422903416264027, -15.675694366718091 ], [ -51.42265383681616, -15.6756984667319 ], [ -51.42256358360541, -15.67592762389568 ], [ -51.422300887737492, -15.67609166105693 ], [ -51.422256609915117, -15.67634311862434 ], [ -51.42208259645443, -15.67646553975734 ], [ -51.421915786380382, -15.6764920299624 ], [ -51.421528412232149, -15.676747402686759 ], [ -51.421742467612447, -15.67688977168433 ], [ -51.42167763616326, -15.67705010850837 ], [ -51.421486101760479, -15.677011956581349 ], [ -51.421268240714973, -15.6768194197734 ], [ -51.421137960984133, -15.676855485107939 ], [ -51.420905091321067, -15.67709651717492 ], [ -51.421134766479007, -15.67725224098837 ], [ -51.421056226919582, -15.67736056343945 ], [ -51.420744412961689, -15.677358199183219 ], [ -51.420504140949497, -15.6772433367278 ], [ -51.420191720321156, -15.677677042494251 ], [ -51.420151852983992, -15.6776829593435 ], [ -51.420485110132589, -15.67794826108903 ], [ -51.420313977370519, -15.678084102141479 ], [ -51.420167583188281, -15.677884503712979 ], [ -51.419986451651837, -15.67791544958375 ], [ -51.419998141832409, -15.677971432060421 ], [ -51.419607026800911, -15.67814995446914 ], [ -51.419490368018067, -15.678144341011739 ], [ -51.4194726040826, -15.67823310084828 ], [ -51.419670693539068, -15.67841589282664 ], [ -51.419698943177082, -15.67852410318897 ], [ -51.419578828503518, -15.67859501900354 ], [ -51.419715860163237, -15.67872191409759 ], [ -51.419774203119211, -15.67883417630013 ], [ -51.41961550227299, -15.67893424800824 ], [ -51.41958675021116, -15.67908546090551 ], [ -51.419473414198933, -15.6791699168578 ] ] ] } },
{ "type": "Feature", "properties": { "property_key": "GO-5212204-B09F3674DFFF46D7AB8D2101F77AFC10", "cod_imovel": "GO-5212204-B09F3674DFFF46D7AB8D2101F77AFC10", "municipio": "Jussara", "cod_estado": "GO", "input_rows": "76", "input_row_count": 1, "resolution_status": "resolved", "resolution_method": "id_exact", "axes_repaired": false, "matched_field_count": 2, "relevant_field_count": 2, "loss_field_count": 1, "dominant_mbmode24": 15, "dominant_class": "Pasture", "dominant_class_area_ha": 34.311, "post2020_loss_ha": 1.199, "follow_up_required": true, "assessment_status": "flagged_post2020_loss", "applicable_delivery_tiers": "slaughter_point", "contact_entity_id": "5212204", "contact_entity_type": "cooperative", "contact_tier": "membership_muni", "contact_evidence_basis": "observed", "contact_evidence_value": 105.0, "contact_distance_m": null, "facility_override": false, "contact_selection_status": "default_membership_no_qualifying_override", "unsupported_class_field_count": 0 }, "bbox": [ -51.473289254344692, -15.712052300762299, -51.458106810447667, -15.700943035765249 ], "geometry": { "type": "Polygon", "coordinates": [ [ [ -51.46822626229207, -15.711865573187218 ], [ -51.468312999005946, -15.711722206208929 ], [ -51.473289254344692, -15.703496575797738 ], [ -51.473159627618763, -15.703462431588754 ], [ -51.466734115964137, -15.701850267409794 ], [ -51.463253173812397, -15.700943035765249 ], [ -51.458106810447667, -15.702328653372975 ], [ -51.458452210089497, -15.704729224836642 ], [ -51.458357273218553, -15.704739630621818 ], [ -51.459367237076059, -15.712052300762299 ], [ -51.463242143669582, -15.711170507083509 ], [ -51.464657906841062, -15.709267226367022 ], [ -51.465832611199751, -15.708278136907444 ], [ -51.46822626229207, -15.711865573187218 ] ] ] } },
{ "type": "Feature", "properties": { "property_key": "GO-5212204-B0DB916FE59C4F02AA797C8BBABA23EA", "cod_imovel": "GO-5212204-B0DB916FE59C4F02AA797C8BBABA23EA", "municipio": "Jussara", "cod_estado": "GO", "input_rows": "77", "input_row_count": 1, "resolution_status": "resolved", "resolution_method": "id_exact", "axes_repaired": false, "matched_field_count": 2, "relevant_field_count": 2, "loss_field_count": 0, "dominant_mbmode24": 15, "dominant_class": "Pasture", "dominant_class_area_ha": 2.818, "post2020_loss_ha": 0.0, "follow_up_required": false, "assessment_status": "no_post2020_loss", "applicable_delivery_tiers": "slaughter_point", "contact_entity_id": null, "contact_entity_type": null, "contact_tier": null, "contact_evidence_basis": null, "contact_evidence_value": null, "contact_distance_m": null, "facility_override": false, "contact_selection_status": "not_applicable", "unsupported_class_field_count": 0 }, "bbox": [ -51.25916722, -15.95868889, -51.248974719999985, -15.95341861 ], "geometry": { "type": "Polygon", "coordinates": [ [ [ -51.250553609999983, -15.95437194 ], [ -51.250044169999981, -15.95465944 ], [ -51.24942889, -15.955442780000011 ], [ -51.248974719999985, -15.95581944 ], [ -51.24989472, -15.95653528 ], [ -51.251020279999985, -15.95766889 ], [ -51.251845829999986, -15.95771417 ], [ -51.252310559999984, -15.95821611 ], [ -51.2528525, -15.95856167 ], [ -51.253050559999984, -15.95868889 ], [ -51.253406389999988, -15.95863028 ], [ -51.256285829999989, -15.95807472 ], [ -51.2565, -15.9576725 ], [ -51.25644667, -15.957225 ], [ -51.25703667, -15.957345 ], [ -51.25916722, -15.954079439999989 ], [ -51.257788059999989, -15.95341861 ], [ -51.253664719999989, -15.95604333 ], [ -51.253573329999988, -15.95610167 ], [ -51.252107499999987, -15.95544333 ], [ -51.251063329999987, -15.95428028 ], [ -51.250553609999983, -15.95437194 ] ] ] } },
{ "type": "Feature", "properties": { "property_key": "GO-5212204-B348A1C10B4943428EC43952E5FE1A9B", "cod_imovel": "GO-5212204-B348A1C10B4943428EC43952E5FE1A9B", "municipio": "Jussara", "cod_estado": "GO", "input_rows": "78", "input_row_count": 1, "resolution_status": "resolved", "resolution_method": "id_exact", "axes_repaired": false, "matched_field_count": 0, "relevant_field_count": 0, "loss_field_count": 0, "dominant_mbmode24": null, "dominant_class": null, "dominant_class_area_ha": null, "post2020_loss_ha": 0.0, "follow_up_required": false, "assessment_status": "no_matched_fields", "applicable_delivery_tiers": "none", "contact_entity_id": null, "contact_entity_type": null, "contact_tier": null, "contact_evidence_basis": null, "contact_evidence_value": null, "contact_distance_m": null, "facility_override": false, "contact_selection_status": "not_applicable", "unsupported_class_field_count": 0 }, "bbox": [ -51.343982219696045, -15.814779010373252, -51.33436918258667, -15.807119403244517 ], "geometry": { "type": "Polygon", "coordinates": [ [ [ -51.33812427520752, -15.810794399185623 ], [ -51.33436918258667, -15.814428037410332 ], [ -51.335978507995605, -15.814262873452353 ], [ -51.33685827255249, -15.814200936933345 ], [ -51.33711576461792, -15.814304164454491 ], [ -51.337416172027588, -15.814386746433474 ], [ -51.33812427520752, -15.814779010373252 ], [ -51.340785026550293, -15.812569935108192 ], [ -51.343381404876709, -15.810236960275194 ], [ -51.343982219696045, -15.810030501029752 ], [ -51.341750621795654, -15.807119403244517 ], [ -51.33812427520752, -15.810794399185623 ] ] ] } },
{ "type": "Feature", "properties": { "property_key": "GO-5212204-BC0DD19983DE40DDA0F0E5BF93136C61", "cod_imovel": "GO-5212204-BC0DD19983DE40DDA0F0E5BF93136C61", "municipio": "Jussara", "cod_estado": "GO", "input_rows": "79", "input_row_count": 1, "resolution_status": "resolved", "resolution_method": "id_exact", "axes_repaired": false, "matched_field_count": 22, "relevant_field_count": 22, "loss_field_count": 2, "dominant_mbmode24": 15, "dominant_class": "Pasture", "dominant_class_area_ha": 430.036, "post2020_loss_ha": 2.858, "follow_up_required": true, "assessment_status": "flagged_post2020_loss", "applicable_delivery_tiers": "slaughter_point", "contact_entity_id": "5212204", "contact_entity_type": "cooperative", "contact_tier": "membership_muni", "contact_evidence_basis": "observed", "contact_evidence_value": 105.0, "contact_distance_m": null, "facility_override": false, "contact_selection_status": "default_membership_no_qualifying_override", "unsupported_class_field_count": 0 }, "bbox": [ -51.423985910557647, -15.760034914872948, -51.381277406290167, -15.729242759956701 ], "geometry": { "type": "Polygon", "coordinates": [ [ [ -51.405016384964654, -15.760034914872948 ], [ -51.423901409205762, -15.742920387428274 ], [ -51.423985910557647, -15.741266098433893 ], [ -51.420145895702831, -15.737069644852063 ], [ -51.419935177476574, -15.736274493406954 ], [ -51.419895390944447, -15.736126849478609 ], [ -51.416528621797106, -15.73560814626094 ], [ -51.415583435861258, -15.736889712076206 ], [ -51.414200426708739, -15.736817126454898 ], [ -51.406200007785344, -15.732830965063762 ], [ -51.400299328712386, -15.729879407803031 ], [ -51.391993923613931, -15.729242759956701 ], [ -51.390753892452764, -15.730402885771557 ], [ -51.386578135028365, -15.73429449201921 ], [ -51.385427777277464, -15.735366530752948 ], [ -51.385369806153669, -15.73541292031824 ], [ -51.381277406290167, -15.740109669211398 ], [ -51.386031852065095, -15.743659445581523 ], [ -51.385976434009976, -15.743971620020787 ], [ -51.389402072213365, -15.746102509140346 ], [ -51.393927701300377, -15.75172503437099 ], [ -51.397329411421943, -15.755891741051975 ], [ -51.400985031292819, -15.758079878225317 ], [ -51.402413487209024, -15.758641547429955 ], [ -51.40299234455167, -15.759057873620195 ], [ -51.404320696815049, -15.759787053338281 ], [ -51.405016384964654, -15.760034914872948 ] ] ] } },
{ "type": "Feature", "properties": { "property_key": "GO-5212204-BC6E2EE9073D4CE6BCB517FA6E9EBF87", "cod_imovel": "GO-5212204-BC6E2EE9073D4CE6BCB517FA6E9EBF87", "municipio": "Jussara", "cod_estado": "GO", "input_rows": "80", "input_row_count": 1, "resolution_status": "resolved", "resolution_method": "id_exact", "axes_repaired": false, "matched_field_count": 1, "relevant_field_count": 1, "loss_field_count": 0, "dominant_mbmode24": 15, "dominant_class": "Pasture", "dominant_class_area_ha": 24.392, "post2020_loss_ha": 0.0, "follow_up_required": false, "assessment_status": "no_post2020_loss", "applicable_delivery_tiers": "slaughter_point", "contact_entity_id": null, "contact_entity_type": null, "contact_tier": null, "contact_evidence_basis": null, "contact_evidence_value": null, "contact_distance_m": null, "facility_override": false, "contact_selection_status": "not_applicable", "unsupported_class_field_count": 0 }, "bbox": [ -51.328704357147217, -15.834411880586645, -51.320464611053467, -15.826360776446784 ], "geometry": { "type": "Polygon", "coordinates": [ [ [ -51.325378417968743, -15.831005683368863 ], [ -51.328704357147217, -15.827454919689069 ], [ -51.327738761901855, -15.826360776446784 ], [ -51.324369907379143, -15.829767051961818 ], [ -51.321408748626702, -15.832677823724321 ], [ -51.320850849151611, -15.833297131455179 ], [ -51.320464611053467, -15.834122872143215 ], [ -51.32063627243042, -15.834122872143215 ], [ -51.320732831954956, -15.834122872143215 ], [ -51.320829391479492, -15.834122872143215 ], [ -51.320979595184326, -15.834184802558751 ], [ -51.32112979888916, -15.834205446026377 ], [ -51.321322917938232, -15.834246732955318 ], [ -51.321408748626702, -15.834267376416609 ], [ -51.321516036987305, -15.834267376416609 ], [ -51.321773529052734, -15.834329306787858 ], [ -51.322031021118164, -15.834329306787858 ], [ -51.322159767150879, -15.834391237140112 ], [ -51.322288513183594, -15.834411880586645 ], [ -51.325378417968743, -15.831005683368863 ] ] ] } },
{ "type": "Feature", "properties": { "property_key": "GO-5212204-BCCDDA00F01E4C72BA80402253DCB38A", "cod_imovel": "GO-5212204-BCCDDA00F01E4C72BA80402253DCB38A", "municipio": "Jussara", "cod_estado": "GO", "input_rows": "81", "input_row_count": 1, "resolution_status": "resolved", "resolution_method": "id_exact", "axes_repaired": false, "matched_field_count": 7, "relevant_field_count": 7, "loss_field_count": 1, "dominant_mbmode24": 15, "dominant_class": "Pasture", "dominant_class_area_ha": 161.638, "post2020_loss_ha": 0.465, "follow_up_required": true, "assessment_status": "flagged_post2020_loss", "applicable_delivery_tiers": "slaughter_point", "contact_entity_id": "5212204", "contact_entity_type": "cooperative", "contact_tier": "membership_muni", "contact_evidence_basis": "observed", "contact_evidence_value": 105.0, "contact_distance_m": null, "facility_override": false, "contact_selection_status": "default_membership_no_qualifying_override", "unsupported_class_field_count": 0 }, "bbox": [ -51.429186367798103, -15.770840980862399, -51.399679991230542, -15.742920387428274 ], "geometry": { "type": "Polygon", "coordinates": [ [ [ -51.423901409205762, -15.742920387428274 ], [ -51.405016384964654, -15.760034914872948 ], [ -51.404983623732761, -15.760178989653042 ], [ -51.405080580061117, -15.760254387265682 ], [ -51.404677091303078, -15.760339574761163 ], [ -51.404532498028239, -15.760297624587482 ], [ -51.404516532025667, -15.760626273458726 ], [ -51.40458550218618, -15.760664476735938 ], [ -51.404404572690026, -15.760847338778877 ], [ -51.404794012617657, -15.761068196028951 ], [ -51.404535303407933, -15.761195694547549 ], [ -51.404287109211168, -15.761400559226949 ], [ -51.404451562346978, -15.76161839919868 ], [ -51.404036007320144, -15.76169312108081 ], [ -51.403856751201232, -15.761920368030736 ], [ -51.403797447349234, -15.762096946947686 ], [ -51.403679507095731, -15.762079446354967 ], [ -51.403527751044102, -15.762239923783886 ], [ -51.403715035356214, -15.762295627302663 ], [ -51.403424466157333, -15.762505451394807 ], [ -51.403280393319328, -15.762491343949799 ], [ -51.40329257999116, -15.762753403104853 ], [ -51.403144134774237, -15.762936294379651 ], [ -51.403075861726492, -15.762825856433743 ], [ -51.402733027815827, -15.762901254921948 ], [ -51.402622920833394, -15.76311643965149 ], [ -51.402427159563302, -15.7630228715174 ], [ -51.402263805494044, -15.76331517882118 ], [ -51.40212170425923, -15.763544073430333 ], [ -51.401967178906347, -15.763437048927571 ], [ -51.401906235816526, -15.763777894780135 ], [ -51.401889055894699, -15.76444067954362 ], [ -51.402072557192277, -15.764423344835997 ], [ -51.402021465416794, -15.764599456094643 ], [ -51.40169801384301, -15.764611082284443 ], [ -51.401686697146211, -15.764790374646241 ], [ -51.401313672887341, -15.76470653448591 ], [ -51.4010604310605, -15.765339739897993 ], [ -51.400936494914063, -15.765454962240014 ], [ -51.400748904898776, -15.765387323604088 ], [ -51.400547855726614, -15.765644622196151 ], [ -51.400378837431489, -15.765716804353747 ], [ -51.400481017856855, -15.765980144642546 ], [ -51.400161729197919, -15.766259357319463 ], [ -51.400320333951235, -15.766637045657347 ], [ -51.400146646833818, -15.766852074830023 ], [ -51.400036180888087, -15.766743521581276 ], [ -51.399846570582802, -15.76717021595317 ], [ -51.40001205993083, -15.767535687275387 ], [ -51.400628216038093, -15.767585994392169 ], [ -51.400429071997735, -15.767768615526284 ], [ -51.400442400153992, -15.767995505467399 ], [ -51.40017087801602, -15.768259984841849 ], [ -51.400133935237534, -15.768416361537811 ], [ -51.399823745314158, -15.768624408949057 ], [ -51.399982195533127, -15.768922542048744 ], [ -51.399877899485126, -15.76896178823146 ], [ -51.399920826434965, -15.769286621932213 ], [ -51.399761715579892, -15.769509398784082 ], [ -51.399955684000595, -15.769876535415925 ], [ -51.399795961828666, -15.769882705061329 ], [ -51.399800816693165, -15.770407221036228 ], [ -51.399679991230542, -15.77053961376626 ], [ -51.399701960186654, -15.770840980862399 ], [ -51.400514984829108, -15.770731815229047 ], [ -51.40304053731623, -15.770374849192228 ], [ -51.427254944759291, -15.767136420622119 ], [ -51.427024249601182, -15.766371242432198 ], [ -51.429186367798103, -15.764376207199913 ], [ -51.429126601285375, -15.761834257071147 ], [ -51.426566053906242, -15.759171104160396 ], [ -51.425814605378562, -15.75376804175842 ], [ -51.426386936154842, -15.751935517645069 ], [ -51.425700853078517, -15.74903660623664 ], [ -51.423686756245324, -15.747129478358667 ], [ -51.423901409205762, -15.742920387428274 ] ] ] } },
{ "type": "Feature", "properties": { "property_key": "GO-5212204-BE591775498E412EB7E493B69772012F", "cod_imovel": "GO-5212204-BE591775498E412EB7E493B69772012F", "municipio": "Jussara", "cod_estado": "GO", "input_rows": "82", "input_row_count": 1, "resolution_status": "resolved", "resolution_method": "id_exact", "axes_repaired": false, "matched_field_count": 2, "relevant_field_count": 2, "loss_field_count": 0, "dominant_mbmode24": 15, "dominant_class": "Pasture", "dominant_class_area_ha": 164.829, "post2020_loss_ha": 0.0, "follow_up_required": false, "assessment_status": "no_post2020_loss", "applicable_delivery_tiers": "slaughter_point", "contact_entity_id": null, "contact_entity_type": null, "contact_tier": null, "contact_evidence_basis": null, "contact_evidence_value": null, "contact_distance_m": null, "facility_override": false, "contact_selection_status": "not_applicable", "unsupported_class_field_count": 0 }, "bbox": [ -51.346089168263291, -15.927458553314141, -51.333548888326781, -15.91192444156175 ], "geometry": { "type": "Polygon", "coordinates": [ [ [ -51.337901108305019, -15.91192444156175 ], [ -51.337460828307222, -15.912033331561821 ], [ -51.333548888326781, -15.91408139156276 ], [ -51.335009998317616, -15.92418889156548 ], [ -51.335080828317182, -15.92467833156562 ], [ -51.335263328316223, -15.924699171565599 ], [ -51.336380278310457, -15.92521472156564 ], [ -51.337223328306081, -15.925769721565709 ], [ -51.338399645318802, -15.926392504276951 ], [ -51.339721388293142, -15.926906391565799 ], [ -51.340634249280143, -15.927231734818051 ], [ -51.342350843866427, -15.927458553314141 ], [ -51.343151976244989, -15.92735551658415 ], [ -51.344276751046102, -15.927227229622719 ], [ -51.34537951543772, -15.92721122792007 ], [ -51.345619998262997, -15.92721000156531 ], [ -51.346040828263227, -15.91381528156149 ], [ -51.346089168263291, -15.91222389156103 ], [ -51.337901108305019, -15.91192444156175 ] ] ] } },
{ "type": "Feature", "properties": { "property_key": "GO-5212204-C020E51A64DE4DFAA0647BE31783FF65", "cod_imovel": "GO-5212204-C020E51A64DE4DFAA0647BE31783FF65", "municipio": "Jussara", "cod_estado": "GO", "input_rows": "83", "input_row_count": 1, "resolution_status": "resolved", "resolution_method": "id_exact", "axes_repaired": false, "matched_field_count": 3, "relevant_field_count": 3, "loss_field_count": 0, "dominant_mbmode24": 21, "dominant_class": "Mosaic of Uses", "dominant_class_area_ha": 59.763, "post2020_loss_ha": 0.0, "follow_up_required": false, "assessment_status": "no_post2020_loss", "applicable_delivery_tiers": "slaughter_point", "contact_entity_id": null, "contact_entity_type": null, "contact_tier": null, "contact_evidence_basis": null, "contact_evidence_value": null, "contact_distance_m": null, "facility_override": false, "contact_selection_status": "not_applicable", "unsupported_class_field_count": 0 }, "bbox": [ -51.314375865502001, -15.885085176166392, -51.281476020812981, -15.875460170043 ], "geometry": { "type": "Polygon", "coordinates": [ [ [ -51.312556745766003, -15.875471864350001 ], [ -51.312556745766003, -15.875471864350001 ], [ -51.308941841125488, -15.876066054911051 ], [ -51.305208206176758, -15.876685229464451 ], [ -51.298127174377441, -15.87773782183762 ], [ -51.288878917694085, -15.879182547511778 ], [ -51.285162873421001, -15.878572254770001 ], [ -51.282205581665039, -15.877964850844084 ], [ -51.281476020812981, -15.880771733784396 ], [ -51.291720962658999, -15.883633980718001 ], [ -51.301238536834717, -15.879368297203788 ], [ -51.303620338439941, -15.885085176166392 ], [ -51.314009010978999, -15.880235010145 ], [ -51.314063068295013, -15.880210133541 ], [ -51.314305831401001, -15.879684163653 ], [ -51.314375865502001, -15.879266395578 ], [ -51.314325541682997, -15.879124769512 ], [ -51.314257024936012, -15.879334407359 ], [ -51.314125358268001, -15.879305307674001 ], [ -51.314186665404002, -15.878945917116001 ], [ -51.314001164261008, -15.878365792879 ], [ -51.313388642649002, -15.878263150261001 ], [ -51.313613434263999, -15.878490280982 ], [ -51.313255258688002, -15.878524529557 ], [ -51.313305133591008, -15.878720760548999 ], [ -51.313050353400001, -15.878756658088999 ], [ -51.31263256072998, -15.878645936328164 ], [ -51.31239652633667, -15.878418908089348 ], [ -51.312696933746331, -15.877779099857829 ], [ -51.313340663909912, -15.877696543808954 ], [ -51.313507673591999, -15.87744881761 ], [ -51.313458183599998, -15.877308112213999 ], [ -51.31314754486084, -15.87682970325308 ], [ -51.312782764434814, -15.876334364117838 ], [ -51.312616037547997, -15.875712425146 ], [ -51.312634088152002, -15.875460170043 ], [ -51.312556745766003, -15.875471864350001 ] ] ] } },
{ "type": "Feature", "properties": { "property_key": "GO-5212204-C1B09E9FD9214A2EA281C3801C9E1953", "cod_imovel": "GO-5212204-C1B09E9FD9214A2EA281C3801C9E1953", "municipio": "Jussara", "cod_estado": "GO", "input_rows": "84", "input_row_count": 1, "resolution_status": "resolved", "resolution_method": "id_exact", "axes_repaired": false, "matched_field_count": 6, "relevant_field_count": 6, "loss_field_count": 0, "dominant_mbmode24": 15, "dominant_class": "Pasture", "dominant_class_area_ha": 550.714, "post2020_loss_ha": 0.0, "follow_up_required": false, "assessment_status": "no_post2020_loss", "applicable_delivery_tiers": "slaughter_point", "contact_entity_id": null, "contact_entity_type": null, "contact_tier": null, "contact_evidence_basis": null, "contact_evidence_value": null, "contact_distance_m": null, "facility_override": false, "contact_selection_status": "not_applicable", "unsupported_class_field_count": 0 }, "bbox": [ -51.396285679728898, -15.8057098993406, -51.359278472401698, -15.767600856925499 ], "geometry": { "type": "Polygon", "coordinates": [ [ [ -51.370380042292503, -15.767600856925499 ], [ -51.359278472401698, -15.780391171139399 ], [ -51.3635093149122, -15.786118854548601 ], [ -51.372083536261499, -15.797859074541201 ], [ -51.377733057970097, -15.8055952432293 ], [ -51.377823376405601, -15.8057098993406 ], [ -51.386921803838398, -15.804524239765801 ], [ -51.389540408873899, -15.8042066727091 ], [ -51.386806733623501, -15.7989001398469 ], [ -51.395902882379097, -15.790479806714499 ], [ -51.396253166612901, -15.790129305129 ], [ -51.396285679728898, -15.7900923610396 ], [ -51.396261483824503, -15.7900851728108 ], [ -51.396004483258203, -15.7900083455439 ], [ -51.395832952914198, -15.789951974523101 ], [ -51.395656619234302, -15.7898740959455 ], [ -51.395632136787, -15.789863563217899 ], [ -51.395627467604498, -15.789863119692599 ], [ -51.395416259765618, -15.789796473458367 ], [ -51.395155134729002, -15.789819047706199 ], [ -51.394992928572997, -15.7898042449259 ], [ -51.394858360290527, -15.789817121455675 ], [ -51.394751071929925, -15.789858417443943 ], [ -51.394591435552698, -15.789843485951399 ], [ -51.394374411803703, -15.7898710008593 ], [ -51.394150257110596, -15.78994100939525 ], [ -51.39404296875, -15.78994100939525 ], [ -51.393724489102901, -15.790065010398401 ], [ -51.393575188487397, -15.7901094882497 ], [ -51.391359482629902, -15.789464928424501 ], [ -51.389426329838997, -15.7878010761151 ], [ -51.387830064365403, -15.785889440373101 ], [ -51.387756605904599, -15.7858015177155 ], [ -51.385515075165898, -15.784401706388101 ], [ -51.383507251739502, -15.782032677362125 ], [ -51.383105814034799, -15.777739013595999 ], [ -51.376282367403199, -15.7685396210466 ], [ -51.374531669225298, -15.7703333698392 ], [ -51.370380042292503, -15.767600856925499 ] ] ] } },
{ "type": "Feature", "properties": { "property_key": "GO-5212204-C314E7EC753C403AB9968098ED2C6FCD", "cod_imovel": "GO-5212204-C314E7EC753C403AB9968098ED2C6FCD", "municipio": "Jussara", "cod_estado": "GO", "input_rows": "85", "input_row_count": 1, "resolution_status": "resolved", "resolution_method": "id_exact", "axes_repaired": false, "matched_field_count": 0, "relevant_field_count": 0, "loss_field_count": 0, "dominant_mbmode24": null, "dominant_class": null, "dominant_class_area_ha": null, "post2020_loss_ha": 0.0, "follow_up_required": false, "assessment_status": "no_matched_fields", "applicable_delivery_tiers": "none", "contact_entity_id": null, "contact_entity_type": null, "contact_tier": null, "contact_evidence_basis": null, "contact_evidence_value": null, "contact_distance_m": null, "facility_override": false, "contact_selection_status": "not_applicable", "unsupported_class_field_count": 0 }, "bbox": [ -51.329498291015625, -15.836538144280743, -51.321022510528564, -15.827537496297163 ], "geometry": { "type": "Polygon", "coordinates": [ [ [ -51.321601867675781, -15.836538144280743 ], [ -51.329498291015625, -15.828466480813329 ], [ -51.328725814819336, -15.827537496297163 ], [ -51.323060989379876, -15.833524210480837 ], [ -51.322739124298089, -15.833978367766443 ], [ -51.323018074035645, -15.834060941708673 ], [ -51.321022510528564, -15.836083992750046 ], [ -51.321601867675781, -15.836538144280743 ] ] ] } },
{ "type": "Feature", "properties": { "property_key": "GO-5212204-C36EFCBB660143D29A145ACEC1F9977C", "cod_imovel": "GO-5212204-C36EFCBB660143D29A145ACEC1F9977C", "municipio": "Jussara", "cod_estado": "GO", "input_rows": "86", "input_row_count": 1, "resolution_status": "resolved", "resolution_method": "id_exact", "axes_repaired": false, "matched_field_count": 3, "relevant_field_count": 3, "loss_field_count": 0, "dominant_mbmode24": 15, "dominant_class": "Pasture", "dominant_class_area_ha": 130.827, "post2020_loss_ha": 0.0, "follow_up_required": false, "assessment_status": "no_post2020_loss", "applicable_delivery_tiers": "slaughter_point", "contact_entity_id": null, "contact_entity_type": null, "contact_tier": null, "contact_evidence_basis": null, "contact_evidence_value": null, "contact_distance_m": null, "facility_override": false, "contact_selection_status": "not_applicable", "unsupported_class_field_count": 0 }, "bbox": [ -51.385424200277797, -15.7402011691666, -51.3542933833333, -15.7194624266667 ], "geometry": { "type": "Polygon", "coordinates": [ [ [ -51.372259297500001, -15.7194624266667 ], [ -51.3632075, -15.72477778 ], [ -51.363199858333303, -15.7247630294445 ], [ -51.3542933833333, -15.728580406666699 ], [ -51.372031955277699, -15.7349849472222 ], [ -51.372245180555502, -15.734926771388899 ], [ -51.375652118333299, -15.7361124552778 ], [ -51.381199686388896, -15.7402011691666 ], [ -51.385424200277797, -15.7353658311111 ], [ -51.385423541388903, -15.7351488216666 ], [ -51.385387240833303, -15.734998032222199 ], [ -51.3853346255556, -15.734712302777799 ], [ -51.3853219816666, -15.7343683230555 ], [ -51.3852931336111, -15.73400599 ], [ -51.3853032383333, -15.7336641677778 ], [ -51.385275800277803, -15.7333079416667 ], [ -51.385073320277797, -15.732713232777799 ], [ -51.385176941388899, -15.7323864577778 ], [ -51.385130168611099, -15.732167281111099 ], [ -51.384511728333401, -15.731525869166701 ], [ -51.384465639722201, -15.731315597777799 ], [ -51.384450343055498, -15.7310809444445 ], [ -51.384483438333298, -15.730326912500001 ], [ -51.384372524722203, -15.729774584444399 ], [ -51.384468686944402, -15.7293981266667 ], [ -51.384554929722199, -15.7292621597222 ], [ -51.384476321388902, -15.728606054722199 ], [ -51.384269692499998, -15.7279399944444 ], [ -51.384307360277802, -15.7273314544444 ], [ -51.383891006111099, -15.7265332766667 ], [ -51.383957793611103, -15.726298171388899 ], [ -51.383724045833297, -15.7260168127778 ], [ -51.3836172419444, -15.725790739444401 ], [ -51.383469593333302, -15.725268904722199 ], [ -51.3832606625, -15.7248896597222 ], [ -51.383389472499999, -15.7246002 ], [ -51.383227605277803, -15.724423705 ], [ -51.382543141666602, -15.7246427619444 ], [ -51.381020656388898, -15.724939077777799 ], [ -51.379784166666603, -15.725183402500001 ], [ -51.3782659736111, -15.725490595555501 ], [ -51.377132203611097, -15.7256094933333 ], [ -51.376295716388903, -15.7258276272222 ], [ -51.375540667222197, -15.7255591561111 ], [ -51.374791391666697, -15.725868881666701 ], [ -51.374162369166697, -15.726185385 ], [ -51.3725488888889, -15.7259681244444 ], [ -51.371887114166597, -15.7258612647222 ], [ -51.371628275833302, -15.725982245 ], [ -51.371482038333298, -15.725951995 ], [ -51.372259297500001, -15.7194624266667 ] ] ] } },
{ "type": "Feature", "properties": { "property_key": "GO-5212204-C89768295EC14B488BC2A10A70813D1B", "cod_imovel": "GO-5212204-C89768295EC14B488BC2A10A70813D1B", "municipio": "Jussara", "cod_estado": "GO", "input_rows": "87", "input_row_count": 1, "resolution_status": "resolved", "resolution_method": "id_exact", "axes_repaired": false, "matched_field_count": 19, "relevant_field_count": 19, "loss_field_count": 0, "dominant_mbmode24": 15, "dominant_class": "Pasture", "dominant_class_area_ha": 311.364, "post2020_loss_ha": 0.0, "follow_up_required": false, "assessment_status": "no_post2020_loss", "applicable_delivery_tiers": "slaughter_point", "contact_entity_id": null, "contact_entity_type": null, "contact_tier": null, "contact_evidence_basis": null, "contact_evidence_value": null, "contact_distance_m": null, "facility_override": false, "contact_selection_status": "not_applicable", "unsupported_class_field_count": 0 }, "bbox": [ -51.45656889, -15.714183115775368, -51.435945417076837, -15.68338417 ], "geometry": { "type": "Polygon", "coordinates": [ [ [ -51.43900139, -15.68338417 ], [ -51.435945417076837, -15.687839006948856 ], [ -51.439492381107662, -15.68927024309553 ], [ -51.439933440570378, -15.693201676650167 ], [ -51.440332541542702, -15.693228085020829 ], [ -51.440932898689702, -15.698577185682073 ], [ -51.446907915126928, -15.698459368785716 ], [ -51.446126746246641, -15.704144499212235 ], [ -51.44299111, -15.70612194 ], [ -51.441307874944513, -15.7067732055602 ], [ -51.447077428881705, -15.714183115775368 ], [ -51.44886944, -15.71300167 ], [ -51.45036972, -15.7112275 ], [ -51.45389056, -15.71115444 ], [ -51.45656889, -15.69838917 ], [ -51.45493667, -15.69529333 ], [ -51.45338667, -15.69459306 ], [ -51.45144028, -15.69373111 ], [ -51.45245111, -15.691985 ], [ -51.45266611, -15.69158278 ], [ -51.45531833, -15.68664639 ], [ -51.43900139, -15.68338417 ] ] ] } },
{ "type": "Feature", "properties": { "property_key": "GO-5212204-CA4C71E570B14DB591B595D9489A2B89", "cod_imovel": "GO-5212204-CA4C71E570B14DB591B595D9489A2B89", "municipio": "Jussara", "cod_estado": "GO", "input_rows": "88", "input_row_count": 1, "resolution_status": "resolved", "resolution_method": "id_exact", "axes_repaired": false, "matched_field_count": 2, "relevant_field_count": 2, "loss_field_count": 0, "dominant_mbmode24": 15, "dominant_class": "Pasture", "dominant_class_area_ha": 6.888, "post2020_loss_ha": 0.0, "follow_up_required": false, "assessment_status": "no_post2020_loss", "applicable_delivery_tiers": "slaughter_point", "contact_entity_id": null, "contact_entity_type": null, "contact_tier": null, "contact_evidence_basis": null, "contact_evidence_value": null, "contact_distance_m": null, "facility_override": false, "contact_selection_status": "not_applicable", "unsupported_class_field_count": 0 }, "bbox": [ -51.321918728261068, -15.925938617113909, -51.309005563163979, -15.919672364378824 ], "geometry": { "type": "Polygon", "coordinates": [ [ [ -51.313046919987976, -15.925938617113909 ], [ -51.31845912027341, -15.923744005762247 ], [ -51.31919738856061, -15.923423328408031 ], [ -51.319767530325208, -15.923155586716607 ], [ -51.319899102285724, -15.923250610910312 ], [ -51.319979507372707, -15.923298123007166 ], [ -51.320059912459691, -15.923334670773976 ], [ -51.32013666276999, -15.923374873317467 ], [ -51.320235341740378, -15.923418730637639 ], [ -51.320330365934083, -15.923469897511172 ], [ -51.320436354457833, -15.923532028714749 ], [ -51.320505795214771, -15.923564921704878 ], [ -51.320578890748394, -15.923601469471688 ], [ -51.320677569718782, -15.923638017238499 ], [ -51.320779903465848, -15.923663600675265 ], [ -51.320889546766281, -15.923678219781989 ], [ -51.320995535290031, -15.9237147675488 ], [ -51.321034695920623, -15.92363610084333 ], [ -51.32161313921722, -15.922474444494652 ], [ -51.321739608017786, -15.922210501271399 ], [ -51.321895207421036, -15.921892065283354 ], [ -51.321918728261068, -15.921857688671007 ], [ -51.321811979833249, -15.9218450236033 ], [ -51.321587627205311, -15.921852260784847 ], [ -51.321375939645073, -15.921859497966393 ], [ -51.321195010106408, -15.921870353738713 ], [ -51.321088261678597, -15.921875781624873 ], [ -51.320995987613877, -15.921857688671007 ], [ -51.320927234389181, -15.921810646990954 ], [ -51.320853973425258, -15.921757585206651 ], [ -51.32081118592847, -15.921685845505779 ], [ -51.320779147492338, -15.921638044922823 ], [ -51.320761088438573, -15.92156974323316 ], [ -51.320763436510937, -15.921046315515509 ], [ -51.320766207099773, -15.920527856561833 ], [ -51.320784957796739, -15.919920209151549 ], [ -51.320778626422843, -15.919828747684278 ], [ -51.320779418538862, -15.919717148918098 ], [ -51.320684475315602, -15.919702817865529 ], [ -51.318357470654973, -15.919672364378824 ], [ -51.318264318813284, -15.919672364378824 ], [ -51.318185498024164, -15.919675947141966 ], [ -51.318104885853472, -15.919695652339247 ], [ -51.318024273682781, -15.919729688589094 ], [ -51.317952618419937, -15.919765516220512 ], [ -51.31788583050924, -15.919826689738802 ], [ -51.317834959253886, -15.919875609988031 ], [ -51.31778771398232, -15.919928170025852 ], [ -51.31774415068449, -15.91999466139848 ], [ -51.317707894185247, -15.920068041847658 ], [ -51.317678921499123, -15.92013086872999 ], [ -51.317672267204095, -15.920209778850101 ], [ -51.317690181019806, -15.92030293069179 ], [ -51.317722425888078, -15.92038175148091 ], [ -51.317849522731123, -15.920428883849652 ], [ -51.318008791769948, -15.920385164268078 ], [ -51.318134550358508, -15.920863575598974 ], [ -51.318025330704884, -15.921336637733623 ], [ -51.317912268204942, -15.921445831015754 ], [ -51.316707889810957, -15.922037222051658 ], [ -51.31573932203549, -15.922279558382362 ], [ -51.309252068204856, -15.924672804230294 ], [ -51.309214145182963, -15.92466153641656 ], [ -51.30920978066306, -15.924663153435411 ], [ -51.309080801189957, -15.924706146593113 ], [ -51.309012728690263, -15.924738391461389 ], [ -51.309005563163979, -15.924777801855949 ], [ -51.310882931050308, -15.925343878432361 ], [ -51.311968508282284, -15.925659161588845 ], [ -51.313046919987976, -15.925938617113909 ] ] ] } },
{ "type": "Feature", "properties": { "property_key": "GO-5212204-CA6A8154990C4D92B41EE734F4B8FEEB", "cod_imovel": "GO-5212204-CA6A8154990C4D92B41EE734F4B8FEEB", "municipio": "Jussara", "cod_estado": "GO", "input_rows": "89", "input_row_count": 1, "resolution_status": "resolved", "resolution_method": "id_exact", "axes_repaired": false, "matched_field_count": 4, "relevant_field_count": 4, "loss_field_count": 0, "dominant_mbmode24": 15, "dominant_class": "Pasture", "dominant_class_area_ha": 20.369, "post2020_loss_ha": 0.0, "follow_up_required": false, "assessment_status": "no_post2020_loss", "applicable_delivery_tiers": "slaughter_point", "contact_entity_id": null, "contact_entity_type": null, "contact_tier": null, "contact_evidence_basis": null, "contact_evidence_value": null, "contact_distance_m": null, "facility_override": false, "contact_selection_status": "not_applicable", "unsupported_class_field_count": 0 }, "bbox": [ -51.458799013200007, -15.72842014, -51.454930736800009, -15.716803674499999 ], "geometry": { "type": "Polygon", "coordinates": [ [ [ -51.456576822300001, -15.72842014 ], [ -51.4565444451, -15.728291156099999 ], [ -51.456796325600003, -15.7280315585 ], [ -51.45668530790001, -15.7278591284 ], [ -51.456322757199992, -15.7276539377 ], [ -51.456574499699997, -15.727487528899999 ], [ -51.456417947299997, -15.7271284827 ], [ -51.456706714799999, -15.7265975962 ], [ -51.458799013200007, -15.717132832 ], [ -51.457090330200003, -15.716803674499999 ], [ -51.456714878100001, -15.7183510015 ], [ -51.454930736800009, -15.726496446 ], [ -51.454948745099998, -15.727669924100001 ], [ -51.456114492499999, -15.728185523300001 ], [ -51.45644386, -15.728339398199999 ], [ -51.456576822300001, -15.72842014 ] ] ] } },
{ "type": "Feature", "properties": { "property_key": "GO-5212204-CC710126509D41038EA24A25CC12E236", "cod_imovel": "GO-5212204-CC710126509D41038EA24A25CC12E236", "municipio": "Jussara", "cod_estado": "GO", "input_rows": "90", "input_row_count": 1, "resolution_status": "resolved", "resolution_method": "id_exact", "axes_repaired": false, "matched_field_count": 3, "relevant_field_count": 3, "loss_field_count": 0, "dominant_mbmode24": 21, "dominant_class": "Mosaic of Uses", "dominant_class_area_ha": 114.944, "post2020_loss_ha": 0.0, "follow_up_required": false, "assessment_status": "no_post2020_loss", "applicable_delivery_tiers": "slaughter_point", "contact_entity_id": null, "contact_entity_type": null, "contact_tier": null, "contact_evidence_basis": null, "contact_evidence_value": null, "contact_distance_m": null, "facility_override": false, "contact_selection_status": "not_applicable", "unsupported_class_field_count": 0 }, "bbox": [ -51.310400962829583, -15.904876293603703, -51.290230751037598, -15.884115175645512 ], "geometry": { "type": "Polygon", "coordinates": [ [ [ -51.305058002471924, -15.904876293603703 ], [ -51.310400962829583, -15.897302654840685 ], [ -51.303212642669678, -15.888800028555444 ], [ -51.30115270614624, -15.886323467912741 ], [ -51.293063163757324, -15.884115175645512 ], [ -51.290230751037598, -15.89259736235957 ], [ -51.291046142578125, -15.892721187255589 ], [ -51.29149675369262, -15.892638637333366 ], [ -51.29199028015136, -15.892700549778208 ], [ -51.292290687561035, -15.89251481238656 ], [ -51.292955875396729, -15.892721187255589 ], [ -51.293621063232422, -15.89319584865115 ], [ -51.294994354248047, -15.894145168083366 ], [ -51.296045780181885, -15.895238943615338 ], [ -51.297075748443596, -15.895981882095102 ], [ -51.298964023590088, -15.897240743811928 ], [ -51.300444602966309, -15.898396413206898 ], [ -51.300616264343262, -15.899345708100281 ], [ -51.300702095031731, -15.899572712737116 ], [ -51.300777196884155, -15.899686214959463 ], [ -51.300852298736572, -15.899799717117766 ], [ -51.301002502441406, -15.899985447784118 ], [ -51.301217079162598, -15.900171178278962 ], [ -51.301345825195312, -15.900418818671954 ], [ -51.301624774932861, -15.900872825267228 ], [ -51.301796436309814, -15.901079191562641 ], [ -51.302155521142623, -15.902030341672971 ], [ -51.302225589752197, -15.903039660808068 ], [ -51.303019523620605, -15.903617479675944 ], [ -51.304092407226562, -15.904009570105016 ], [ -51.305058002471924, -15.904876293603703 ] ] ] } },
{ "type": "Feature", "properties": { "property_key": "GO-5212204-CE5E071E653F445E8EA2609440D42C75", "cod_imovel": "GO-5212204-CE5E071E653F445E8EA2609440D42C75", "municipio": "Jussara", "cod_estado": "GO", "input_rows": "91", "input_row_count": 1, "resolution_status": "resolved", "resolution_method": "id_exact", "axes_repaired": false, "matched_field_count": 26, "relevant_field_count": 26, "loss_field_count": 0, "dominant_mbmode24": 15, "dominant_class": "Pasture", "dominant_class_area_ha": 819.886, "post2020_loss_ha": 0.0, "follow_up_required": false, "assessment_status": "no_post2020_loss", "applicable_delivery_tiers": "slaughter_point", "contact_entity_id": null, "contact_entity_type": null, "contact_tier": null, "contact_evidence_basis": null, "contact_evidence_value": null, "contact_distance_m": null, "facility_override": false, "contact_selection_status": "not_applicable", "unsupported_class_field_count": 0 }, "bbox": [ -51.45968249800196, -15.78514694, -51.419932303319015, -15.735383289966512 ], "geometry": { "type": "Polygon", "coordinates": [ [ [ -51.423985910557676, -15.74126609843781 ], [ -51.423686756245331, -15.747129478362583 ], [ -51.42570085307851, -15.749036606240574 ], [ -51.426386936154834, -15.751935517649022 ], [ -51.425814605378541, -15.753768041762392 ], [ -51.426566053906221, -15.759171104164343 ], [ -51.429126601285368, -15.761834257075096 ], [ -51.429186367798103, -15.764376207203869 ], [ -51.427024249601189, -15.76637124243619 ], [ -51.427254944759291, -15.767136420626095 ], [ -51.428500810179123, -15.771244455941231 ], [ -51.427325481552273, -15.776571281995391 ], [ -51.434508889999989, -15.78514694 ], [ -51.44971139, -15.774048889999976 ], [ -51.450323609999984, -15.77338111 ], [ -51.457485711883486, -15.750752874674962 ], [ -51.457498432519614, -15.75048891428691 ], [ -51.45968249800196, -15.743457750982323 ], [ -51.458350301726824, -15.743215561396154 ], [ -51.458138568435928, -15.744286387131904 ], [ -51.456782772037805, -15.744303877345661 ], [ -51.456742234362125, -15.744083286623859 ], [ -51.456701970175608, -15.743608931866119 ], [ -51.457119433053407, -15.74102338118581 ], [ -51.457748650588314, -15.740984484427406 ], [ -51.458209175342333, -15.740845289807336 ], [ -51.458236396812545, -15.739913078975269 ], [ -51.457632131603205, -15.740089370310571 ], [ -51.456422138533142, -15.740387978686639 ], [ -51.453106101638639, -15.741462201903738 ], [ -51.450318379254682, -15.736355681346076 ], [ -51.450347919125015, -15.735383289966512 ], [ -51.419932303319015, -15.736263827701226 ], [ -51.420145895702838, -15.737069644855993 ], [ -51.423985910557676, -15.74126609843781 ] ] ] } },
{ "type": "Feature", "properties": { "property_key": "GO-5212204-CEAFB76B8EA14062854C222248878EC8", "cod_imovel": "GO-5212204-CEAFB76B8EA14062854C222248878EC8", "municipio": "Jussara", "cod_estado": "GO", "input_rows": "92", "input_row_count": 1, "resolution_status": "resolved", "resolution_method": "id_exact", "axes_repaired": false, "matched_field_count": 0, "relevant_field_count": 0, "loss_field_count": 0, "dominant_mbmode24": null, "dominant_class": null, "dominant_class_area_ha": null, "post2020_loss_ha": 0.0, "follow_up_required": false, "assessment_status": "no_matched_fields", "applicable_delivery_tiers": "none", "contact_entity_id": null, "contact_entity_type": null, "contact_tier": null, "contact_evidence_basis": null, "contact_evidence_value": null, "contact_distance_m": null, "facility_override": false, "contact_selection_status": "not_applicable", "unsupported_class_field_count": 0 }, "bbox": [ -51.257832515731053, -15.95610771766227, -51.250930735645262, -15.949940763087143 ], "geometry": { "type": "Polygon", "coordinates": [ [ [ -51.251967791741613, -15.955263236144241 ], [ -51.253653965244311, -15.95610771766227 ], [ -51.257832515731053, -15.95333980800461 ], [ -51.257014274597168, -15.949940763087143 ], [ -51.255748349752608, -15.95035384444099 ], [ -51.25538551122677, -15.950872954626121 ], [ -51.255108190848702, -15.95129602297779 ], [ -51.255113985973182, -15.95194049327954 ], [ -51.254563941591968, -15.95225813158809 ], [ -51.253732656034622, -15.95300285085434 ], [ -51.253221095613817, -15.953247242483849 ], [ -51.252529629989027, -15.953401264133779 ], [ -51.252143383026123, -15.953344947842384 ], [ -51.251770703837721, -15.95330710565432 ], [ -51.250930735645262, -15.95383695103056 ], [ -51.251967791741613, -15.955263236144241 ] ] ] } },
{ "type": "Feature", "properties": { "property_key": "GO-5212204-CFFEFFF2769A4055A61320097E500EB8", "cod_imovel": "GO-5212204-CFFEFFF2769A4055A61320097E500EB8", "municipio": "Jussara", "cod_estado": "GO", "input_rows": "93", "input_row_count": 1, "resolution_status": "resolved", "resolution_method": "id_exact", "axes_repaired": false, "matched_field_count": 3, "relevant_field_count": 3, "loss_field_count": 0, "dominant_mbmode24": 15, "dominant_class": "Pasture", "dominant_class_area_ha": 216.103, "post2020_loss_ha": 0.0, "follow_up_required": false, "assessment_status": "no_post2020_loss", "applicable_delivery_tiers": "slaughter_point", "contact_entity_id": null, "contact_entity_type": null, "contact_tier": null, "contact_evidence_basis": null, "contact_evidence_value": null, "contact_distance_m": null, "facility_override": false, "contact_selection_status": "not_applicable", "unsupported_class_field_count": 0 }, "bbox": [ -51.352316596736699, -15.871582153551488, -51.336247777788522, -15.832538174004936 ], "geometry": { "type": "Polygon", "coordinates": [ [ [ -51.344476198171584, -15.832538174004936 ], [ -51.344438524187083, -15.832713446053924 ], [ -51.34275500004258, -15.84089138886622 ], [ -51.340404444489984, -15.85138694445585 ], [ -51.338941111139192, -15.858486388867489 ], [ -51.338768611070684, -15.858975833314371 ], [ -51.336247777788522, -15.871178888895177 ], [ -51.336478260241925, -15.871479989364859 ], [ -51.338785198010143, -15.871582153551488 ], [ -51.340348332391798, -15.870926598643134 ], [ -51.340886601513105, -15.87070618598308 ], [ -51.341362177331455, -15.870545426106421 ], [ -51.341444140342347, -15.870473913973104 ], [ -51.348869749002603, -15.846897573139946 ], [ -51.348792627371601, -15.846860866676554 ], [ -51.348427869784601, -15.846663830231469 ], [ -51.348208282356389, -15.846379410569234 ], [ -51.347978889652495, -15.846040673613718 ], [ -51.347716428025947, -15.845642268564362 ], [ -51.351708676727839, -15.838964420954825 ], [ -51.352316596736699, -15.833831324163075 ], [ -51.344476198171584, -15.832538174004936 ] ] ] } },
{ "type": "Feature", "properties": { "property_key": "GO-5212204-D06FA1D1899847B1932E9F802BD14498", "cod_imovel": "GO-5212204-D06FA1D1899847B1932E9F802BD14498", "municipio": "Jussara", "cod_estado": "GO", "input_rows": "94", "input_row_count": 1, "resolution_status": "resolved", "resolution_method": "id_exact", "axes_repaired": false, "matched_field_count": 6, "relevant_field_count": 6, "loss_field_count": 0, "dominant_mbmode24": 15, "dominant_class": "Pasture", "dominant_class_area_ha": 209.555, "post2020_loss_ha": 0.0, "follow_up_required": false, "assessment_status": "no_post2020_loss", "applicable_delivery_tiers": "slaughter_point", "contact_entity_id": null, "contact_entity_type": null, "contact_tier": null, "contact_evidence_basis": null, "contact_evidence_value": null, "contact_distance_m": null, "facility_override": false, "contact_selection_status": "not_applicable", "unsupported_class_field_count": 0 }, "bbox": [ -51.46822626229207, -15.718728397022774, -51.451440390997128, -15.691582846432198 ], "geometry": { "type": "Polygon", "coordinates": [ [ [ -51.46822626229207, -15.711865573187218 ], [ -51.465832611199751, -15.708278136907444 ], [ -51.464657906841062, -15.709267226367022 ], [ -51.463242143669582, -15.711170507083509 ], [ -51.459367237076059, -15.712052300762299 ], [ -51.458357273218553, -15.704739630621818 ], [ -51.458452210089497, -15.704729224836642 ], [ -51.458106810447667, -15.702328653372975 ], [ -51.463253173812397, -15.700943035765249 ], [ -51.463302031836108, -15.700700314786841 ], [ -51.464319169161577, -15.695465866170984 ], [ -51.457272071873035, -15.69510108845388 ], [ -51.455228472217101, -15.692609238370714 ], [ -51.452666064932032, -15.691582846432198 ], [ -51.452451062927537, -15.691985066025968 ], [ -51.451440390997128, -15.693731161679777 ], [ -51.45338655609909, -15.694593035643653 ], [ -51.454936541385727, -15.69529339581478 ], [ -51.456568822254589, -15.698389120820753 ], [ -51.453890560342792, -15.711154357449919 ], [ -51.452897084105942, -15.715910137473227 ], [ -51.457096120285158, -15.716729914142352 ], [ -51.462634991863069, -15.717807445233634 ], [ -51.463761018510944, -15.718728397022774 ], [ -51.464230578263894, -15.718127225605162 ], [ -51.466253765808673, -15.715289339664571 ], [ -51.46822626229207, -15.711865573187218 ] ] ] } },
{ "type": "Feature", "properties": { "property_key": "GO-5212204-D7C048E5C31F4DA5A37066D256069D00", "cod_imovel": "GO-5212204-D7C048E5C31F4DA5A37066D256069D00", "municipio": "Jussara", "cod_estado": "GO", "input_rows": "95", "input_row_count": 1, "resolution_status": "resolved", "resolution_method": "id_exact", "axes_repaired": false, "matched_field_count": 4, "relevant_field_count": 4, "loss_field_count": 0, "dominant_mbmode24": 15, "dominant_class": "Pasture", "dominant_class_area_ha": 82.781, "post2020_loss_ha": 0.0, "follow_up_required": false, "assessment_status": "no_post2020_loss", "applicable_delivery_tiers": "slaughter_point", "contact_entity_id": null, "contact_entity_type": null, "contact_tier": null, "contact_evidence_basis": null, "contact_evidence_value": null, "contact_distance_m": null, "facility_override": false, "contact_selection_status": "not_applicable", "unsupported_class_field_count": 0 }, "bbox": [ -51.332375417201398, -15.920583402195071, -51.316761318678381, -15.9113424604403 ], "geometry": { "type": "Polygon", "coordinates": [ [ [ -51.319632784904456, -15.9113424604403 ], [ -51.319402095250659, -15.91185690023368 ], [ -51.318930715783011, -15.912565674490979 ], [ -51.316889320979122, -15.91700871947377 ], [ -51.317273559697817, -15.917221652387701 ], [ -51.31724842786884, -15.91735837960737 ], [ -51.317305798068418, -15.917636494383469 ], [ -51.317412078105519, -15.917784437375371 ], [ -51.317582966760376, -15.91765565019077 ], [ -51.317742523661039, -15.91802085398499 ], [ -51.317682366021607, -15.91809181895349 ], [ -51.317887098251191, -15.918405579760901 ], [ -51.318047353869439, -15.91904786028358 ], [ -51.31763481117261, -15.919339775232761 ], [ -51.317132320032549, -15.91955689505186 ], [ -51.316771188518182, -15.919730041938649 ], [ -51.316761318678381, -15.920144819152689 ], [ -51.317237509996843, -15.920491911573629 ], [ -51.317698858198547, -15.920583402195071 ], [ -51.317575526378278, -15.920228177339 ], [ -51.317646422884138, -15.91998105421856 ], [ -51.317897997914017, -15.919704527992691 ], [ -51.318200994412848, -15.919588292642899 ], [ -51.320687073341347, -15.91962450889004 ], [ -51.320744132963753, -15.91827864011224 ], [ -51.321655492924997, -15.918583210106661 ], [ -51.322435020490438, -15.91849829718983 ], [ -51.32257473890764, -15.918310600482171 ], [ -51.323365869004782, -15.91787086918891 ], [ -51.323485283774311, -15.918073772892519 ], [ -51.324312200139289, -15.917685071607901 ], [ -51.324755555154731, -15.918434556039079 ], [ -51.332317467596937, -15.91453036288234 ], [ -51.332375417201398, -15.911607951823241 ], [ -51.319632784904456, -15.9113424604403 ] ] ] } },
{ "type": "Feature", "properties": { "property_key": "GO-5212204-D99E7FB413AF499E8845CAA36FC4353B", "cod_imovel": "GO-5212204-D99E7FB413AF499E8845CAA36FC4353B", "municipio": "Jussara", "cod_estado": "GO", "input_rows": "96", "input_row_count": 1, "resolution_status": "resolved", "resolution_method": "id_exact", "axes_repaired": false, "matched_field_count": 3, "relevant_field_count": 3, "loss_field_count": 0, "dominant_mbmode24": 15, "dominant_class": "Pasture", "dominant_class_area_ha": 39.932, "post2020_loss_ha": 0.0, "follow_up_required": false, "assessment_status": "no_post2020_loss", "applicable_delivery_tiers": "slaughter_point", "contact_entity_id": null, "contact_entity_type": null, "contact_tier": null, "contact_evidence_basis": null, "contact_evidence_value": null, "contact_distance_m": null, "facility_override": false, "contact_selection_status": "not_applicable", "unsupported_class_field_count": 0 }, "bbox": [ -51.292870159541302, -15.900041757088379, -51.277116660234988, -15.880685564400279 ], "geometry": { "type": "Polygon", "coordinates": [ [ [ -51.292021254696792, -15.886839690208941 ], [ -51.292870159541302, -15.88397353208358 ], [ -51.281357054594856, -15.880685564400279 ], [ -51.280776361009551, -15.88320694712611 ], [ -51.278839113779149, -15.891975623319111 ], [ -51.278312910518629, -15.89441693647289 ], [ -51.277898696710629, -15.89638328097104 ], [ -51.277116660234988, -15.89984842135258 ], [ -51.281811508621878, -15.900041757088379 ], [ -51.284934992905811, -15.8922598381504 ], [ -51.284992010794959, -15.892332052798089 ], [ -51.285041060717568, -15.89237355493508 ], [ -51.285213138628258, -15.8923354547813 ], [ -51.285334530996437, -15.89236442725219 ], [ -51.285415594660257, -15.89232862053718 ], [ -51.285493714270309, -15.892331634790169 ], [ -51.285557630363087, -15.89233410093698 ], [ -51.285627179337851, -15.89235238146493 ], [ -51.285708445408531, -15.89239437432442 ], [ -51.285740678313687, -15.89242656531971 ], [ -51.285815901208871, -15.89245259778661 ], [ -51.28590585166728, -15.8924714501564 ], [ -51.285967469704147, -15.89248917905357 ], [ -51.286054155252224, -15.892491984694081 ], [ -51.28618465050355, -15.892451410805529 ], [ -51.286235099166262, -15.892445639149271 ], [ -51.286387854134873, -15.89242058400837 ], [ -51.286444471776683, -15.892422767876701 ], [ -51.286502336855762, -15.89246366504454 ], [ -51.286601956243281, -15.89255190128142 ], [ -51.286699256316894, -15.892646684181409 ], [ -51.286767779682947, -15.89265686468376 ], [ -51.286819681123163, -15.892681435145681 ], [ -51.28687541468053, -15.89268358467266 ], [ -51.286978476140291, -15.892642325330611 ], [ -51.287119017255762, -15.89254133719375 ], [ -51.287206438040052, -15.89250634937796 ], [ -51.287471703088357, -15.89247029879515 ], [ -51.287557333229501, -15.892465861180581 ], [ -51.287721010406919, -15.892526198700009 ], [ -51.287904976987889, -15.892640229284931 ], [ -51.287976068368998, -15.892688352076799 ], [ -51.288103465103191, -15.89273087983668 ], [ -51.28819877118265, -15.892749549828279 ], [ -51.288273042851692, -15.89276737934793 ], [ -51.28833946809565, -15.892796248651729 ], [ -51.28842118778762, -15.892808133817949 ], [ -51.288475986798034, -15.89279806554158 ], [ -51.288564934706301, -15.892801944895419 ], [ -51.288612555363883, -15.89283486526166 ], [ -51.288704909570669, -15.892812621562779 ], [ -51.288764905815903, -15.89281564874107 ], [ -51.288826564358139, -15.892767511434201 ], [ -51.288871057827329, -15.89274870506323 ], [ -51.288948842194102, -15.892713343935769 ], [ -51.289028413718562, -15.892669258999129 ], [ -51.289114174711273, -15.89261417111301 ], [ -51.289226122050522, -15.89256067535981 ], [ -51.289430110310043, -15.892545854796399 ], [ -51.28952285027389, -15.892527141486489 ], [ -51.289587555535398, -15.892509406099791 ], [ -51.289631514554593, -15.892487582018029 ], [ -51.289721978631242, -15.892454415756299 ], [ -51.289828182702927, -15.89245669028552 ], [ -51.289922979911971, -15.892460509521269 ], [ -51.28997786046336, -15.892448703501881 ], [ -51.29002408348682, -15.892443270147229 ], [ -51.290103928587058, -15.892423597277039 ], [ -51.290206152952429, -15.892445503563639 ], [ -51.290782086059458, -15.890901228954119 ], [ -51.292021254696792, -15.886839690208941 ] ] ] } },
{ "type": "Feature", "properties": { "property_key": "GO-5212204-DA0E3C866893466CA994D0B0178498F2", "cod_imovel": "GO-5212204-DA0E3C866893466CA994D0B0178498F2", "municipio": "Jussara", "cod_estado": "GO", "input_rows": "97", "input_row_count": 1, "resolution_status": "resolved", "resolution_method": "id_exact", "axes_repaired": false, "matched_field_count": 18, "relevant_field_count": 18, "loss_field_count": 0, "dominant_mbmode24": 39, "dominant_class": "Soybean", "dominant_class_area_ha": 136.003, "post2020_loss_ha": 0.0, "follow_up_required": false, "assessment_status": "no_post2020_loss", "applicable_delivery_tiers": "intake_point", "contact_entity_id": null, "contact_entity_type": null, "contact_tier": null, "contact_evidence_basis": null, "contact_evidence_value": null, "contact_distance_m": null, "facility_override": false, "contact_selection_status": "not_applicable", "unsupported_class_field_count": 0 }, "bbox": [ -51.336399467511292, -15.79555920508631, -51.30296716733438, -15.76866148922851 ], "geometry": { "type": "Polygon", "coordinates": [ [ [ -51.307284112084169, -15.76866148922851 ], [ -51.30296716733438, -15.77105187057569 ], [ -51.307570098951423, -15.77301029866662 ], [ -51.307181920815069, -15.77394581888618 ], [ -51.306318282756727, -15.77368888484729 ], [ -51.305471725284242, -15.77383939637788 ], [ -51.311040612784929, -15.784446346596949 ], [ -51.313577845764208, -15.78129521639244 ], [ -51.316144459674511, -15.78772391683718 ], [ -51.3222432686144, -15.784948826742671 ], [ -51.323243334764847, -15.790595853220511 ], [ -51.323333495830077, -15.790658188779201 ], [ -51.328134773453868, -15.791144379644379 ], [ -51.329194917393998, -15.79102957261116 ], [ -51.332661848191407, -15.79555920508631 ], [ -51.336399467511292, -15.791167424260189 ], [ -51.332189103619719, -15.78375159871365 ], [ -51.333541400324741, -15.779155220249431 ], [ -51.335209483766491, -15.773410360632919 ], [ -51.33421569968683, -15.773221758726629 ], [ -51.331332167772139, -15.775886253388171 ], [ -51.325672731435901, -15.775231776663169 ], [ -51.325735599909763, -15.77594511160283 ], [ -51.32462509723225, -15.77661080279508 ], [ -51.324036575313308, -15.77777935658224 ], [ -51.325045975667827, -15.779381423011239 ], [ -51.325038945104737, -15.78017228490344 ], [ -51.320580189493221, -15.778087539873059 ], [ -51.31841762988067, -15.77629634282111 ], [ -51.315565739526519, -15.77103448751965 ], [ -51.31379196022678, -15.77007178968587 ], [ -51.313128111529807, -15.7700609296108 ], [ -51.312242772321859, -15.76970314010984 ], [ -51.310675234359067, -15.7697385160729 ], [ -51.310018957450431, -15.77093831104135 ], [ -51.309305527790428, -15.77207030020973 ], [ -51.307284112084169, -15.76866148922851 ] ] ] } },
{ "type": "Feature", "properties": { "property_key": "GO-5212204-DD210C6E045D48DCBBE38A2FAEEE5520", "cod_imovel": "GO-5212204-DD210C6E045D48DCBBE38A2FAEEE5520", "municipio": "Jussara", "cod_estado": "GO", "input_rows": "98", "input_row_count": 1, "resolution_status": "resolved", "resolution_method": "id_exact", "axes_repaired": false, "matched_field_count": 7, "relevant_field_count": 7, "loss_field_count": 0, "dominant_mbmode24": 15, "dominant_class": "Pasture", "dominant_class_area_ha": 46.54, "post2020_loss_ha": 0.0, "follow_up_required": false, "assessment_status": "no_post2020_loss", "applicable_delivery_tiers": "slaughter_point", "contact_entity_id": null, "contact_entity_type": null, "contact_tier": null, "contact_evidence_basis": null, "contact_evidence_value": null, "contact_distance_m": null, "facility_override": false, "contact_selection_status": "not_applicable", "unsupported_class_field_count": 0 }, "bbox": [ -51.33537769317627, -15.927409792707541, -51.323790550231934, -15.913832217627853 ], "geometry": { "type": "Polygon", "coordinates": [ [ [ -51.324048042297356, -15.927409792707541 ], [ -51.324605941772461, -15.926997113981676 ], [ -51.325829029083252, -15.926997113981676 ], [ -51.326773166656494, -15.926914578134729 ], [ -51.327245235443115, -15.926254290137651 ], [ -51.327931880950928, -15.925924145324853 ], [ -51.328747272491455, -15.925800340880118 ], [ -51.329047679901123, -15.926666970390286 ], [ -51.329391002655029, -15.926708238368896 ], [ -51.329905986785889, -15.925717804541204 ], [ -51.330721378326416, -15.92468609744242 ], [ -51.331923007965088, -15.924438486949951 ], [ -51.333038806915283, -15.924644829048212 ], [ -51.33387565612793, -15.924706731636336 ], [ -51.335055828094475, -15.924768634205391 ], [ -51.335334777832031, -15.924397218504867 ], [ -51.33537769317627, -15.922209978779238 ], [ -51.334519386291504, -15.913832217627853 ], [ -51.32986307144165, -15.916246534382402 ], [ -51.325249671936035, -15.918743361365443 ], [ -51.326451301574707, -15.920476677550855 ], [ -51.323790550231934, -15.921838558346659 ], [ -51.324048042297356, -15.927409792707541 ] ] ] } },
{ "type": "Feature", "properties": { "property_key": "GO-5212204-E60476C645D74B1FABA244292F6A832C", "cod_imovel": "GO-5212204-E60476C645D74B1FABA244292F6A832C", "municipio": "Jussara", "cod_estado": "GO", "input_rows": "99", "input_row_count": 1, "resolution_status": "resolved", "resolution_method": "id_exact", "axes_repaired": false, "matched_field_count": 0, "relevant_field_count": 0, "loss_field_count": 0, "dominant_mbmode24": null, "dominant_class": null, "dominant_class_area_ha": null, "post2020_loss_ha": 0.0, "follow_up_required": false, "assessment_status": "no_matched_fields", "applicable_delivery_tiers": "none", "contact_entity_id": null, "contact_entity_type": null, "contact_tier": null, "contact_evidence_basis": null, "contact_evidence_value": null, "contact_distance_m": null, "facility_override": false, "contact_selection_status": "not_applicable", "unsupported_class_field_count": 0 }, "bbox": [ -51.416593133299997, -15.7072449911, -51.410195786499997, -15.700102406288762 ], "geometry": { "type": "Polygon", "coordinates": [ [ [ -51.416487693786621, -15.700102406288762 ], [ -51.413054466247559, -15.703015038476815 ], [ -51.410195786499997, -15.706602413600001 ], [ -51.414330491, -15.7072449911 ], [ -51.416593133299997, -15.705726928200001 ], [ -51.416487693786621, -15.700102406288762 ] ] ] } },
{ "type": "Feature", "properties": { "property_key": "GO-5212204-E8645BFEDF4047F3B7A323A4137BD120", "cod_imovel": "GO-5212204-E8645BFEDF4047F3B7A323A4137BD120", "municipio": "Jussara", "cod_estado": "GO", "input_rows": "100", "input_row_count": 1, "resolution_status": "resolved", "resolution_method": "id_exact", "axes_repaired": false, "matched_field_count": 3, "relevant_field_count": 3, "loss_field_count": 0, "dominant_mbmode24": 15, "dominant_class": "Pasture", "dominant_class_area_ha": 145.958, "post2020_loss_ha": 0.0, "follow_up_required": false, "assessment_status": "no_post2020_loss", "applicable_delivery_tiers": "slaughter_point", "contact_entity_id": null, "contact_entity_type": null, "contact_tier": null, "contact_evidence_basis": null, "contact_evidence_value": null, "contact_distance_m": null, "facility_override": false, "contact_selection_status": "not_applicable", "unsupported_class_field_count": 0 }, "bbox": [ -51.354177481944447, -15.8338342, -51.335686635833333, -15.810589649722223 ], "geometry": { "type": "Polygon", "coordinates": [ [ [ -51.350589251666669, -15.810589649722223 ], [ -51.345862813333333, -15.815367137499999 ], [ -51.345167861388887, -15.816451376666667 ], [ -51.344790909166669, -15.817013838055555 ], [ -51.342985889722222, -15.819841377777777 ], [ -51.335686635833333, -15.831121948333333 ], [ -51.34130342, -15.832028859722222 ], [ -51.34446973888889, -15.832540905277778 ], [ -51.352310277777775, -15.8338342 ], [ -51.352304202222221, -15.833777165 ], [ -51.352813716388887, -15.829307483333332 ], [ -51.352821265833335, -15.82913751138889 ], [ -51.353711494444447, -15.821131139722223 ], [ -51.353576853333337, -15.821139495555556 ], [ -51.352972826944445, -15.820902896388889 ], [ -51.35261526888889, -15.820991682222223 ], [ -51.352439948055554, -15.820986475 ], [ -51.352358735, -15.820907049166667 ], [ -51.352330002499997, -15.820658358055555 ], [ -51.352322973333337, -15.820257488333333 ], [ -51.352248705277781, -15.820202270555555 ], [ -51.35208332, -15.820136660555555 ], [ -51.351883248055557, -15.82002918611111 ], [ -51.351732539166669, -15.820038385833334 ], [ -51.351455193333337, -15.819962830555555 ], [ -51.35137716111111, -15.819884222777779 ], [ -51.351404716111112, -15.819723131388889 ], [ -51.351349617777778, -15.819480831666667 ], [ -51.351250903888889, -15.819476265 ], [ -51.351099296944447, -15.819676495 ], [ -51.3510510825, -15.819673084444444 ], [ -51.350993276388891, -15.819515690277777 ], [ -51.351092963611109, -15.819391538888889 ], [ -51.351009784166664, -15.81928442138889 ], [ -51.350913928611114, -15.819303020555555 ], [ -51.35078824861111, -15.819299611944444 ], [ -51.350650154166665, -15.819328475277779 ], [ -51.350418734722226, -15.819453855277779 ], [ -51.350400899444445, -15.819610884444444 ], [ -51.350472978333336, -15.819645786111112 ], [ -51.350373649444442, -15.819783954722222 ], [ -51.350047808611109, -15.819760306388888 ], [ -51.349801503888891, -15.819557013611112 ], [ -51.34935160111111, -15.819463146388889 ], [ -51.34928573972222, -15.819429435 ], [ -51.349403490833332, -15.819345771666667 ], [ -51.349491965555558, -15.819262455555556 ], [ -51.349481627499998, -15.819182010833334 ], [ -51.349381235555555, -15.819072326666667 ], [ -51.349354068055554, -15.818887198333334 ], [ -51.34958147, -15.818933805277778 ], [ -51.349906903611114, -15.818705142500001 ], [ -51.34956007666667, -15.818376107222223 ], [ -51.349672052777777, -15.81826223638889 ], [ -51.349617375555553, -15.818185858055555 ], [ -51.349206394722223, -15.818247735555556 ], [ -51.349084450833331, -15.817916262777779 ], [ -51.349018398611108, -15.817688547777777 ], [ -51.349088409722221, -15.817611051944445 ], [ -51.352727152500002, -15.815737782222222 ], [ -51.354177481944447, -15.815667708611111 ], [ -51.35374785, -15.8152397125 ], [ -51.35371644166667, -15.815220688333333 ], [ -51.350589251666669, -15.810589649722223 ] ] ] } },
{ "type": "Feature", "properties": { "property_key": "GO-5212204-ED546975E9DA42B19C6ED84E8C72955E", "cod_imovel": "GO-5212204-ED546975E9DA42B19C6ED84E8C72955E", "municipio": "Jussara", "cod_estado": "GO", "input_rows": "101", "input_row_count": 1, "resolution_status": "resolved", "resolution_method": "id_exact", "axes_repaired": false, "matched_field_count": 2, "relevant_field_count": 2, "loss_field_count": 0, "dominant_mbmode24": 15, "dominant_class": "Pasture", "dominant_class_area_ha": 119.463, "post2020_loss_ha": 0.0, "follow_up_required": false, "assessment_status": "no_post2020_loss", "applicable_delivery_tiers": "slaughter_point", "contact_entity_id": null, "contact_entity_type": null, "contact_tier": null, "contact_evidence_basis": null, "contact_evidence_value": null, "contact_distance_m": null, "facility_override": false, "contact_selection_status": "not_applicable", "unsupported_class_field_count": 0 }, "bbox": [ -51.333129139581949, -15.908036183924995, -51.314329579790638, -15.894287099545858 ], "geometry": { "type": "Polygon", "coordinates": [ [ [ -51.319643548337375, -15.907759771890561 ], [ -51.332558746272014, -15.908036183924995 ], [ -51.332924878067132, -15.898817984929229 ], [ -51.333068139642286, -15.897311774677727 ], [ -51.333129139581949, -15.895029096127711 ], [ -51.31600375095266, -15.894287099545858 ], [ -51.315983678899215, -15.894396671207071 ], [ -51.31567472083497, -15.894494659278864 ], [ -51.315783489078363, -15.894707419521845 ], [ -51.31599571303402, -15.894589647711358 ], [ -51.315947073789587, -15.895069871609392 ], [ -51.315677575794474, -15.895259254529133 ], [ -51.315566772638867, -15.895640929490233 ], [ -51.315654371423982, -15.895876402989542 ], [ -51.315138905538923, -15.896112295443078 ], [ -51.314954877454625, -15.896287323291689 ], [ -51.31467791984052, -15.896396997764471 ], [ -51.314678877178224, -15.896706376330055 ], [ -51.314329579790638, -15.89669736504441 ], [ -51.314430205383481, -15.896870233523646 ], [ -51.314618345044174, -15.897146179582686 ], [ -51.314716049382177, -15.897164244671766 ], [ -51.314989182232559, -15.897117361164238 ], [ -51.315360185072279, -15.896703240814398 ], [ -51.315484117538027, -15.896707390305833 ], [ -51.315610917758185, -15.896501744446812 ], [ -51.315679223046395, -15.896435460068377 ], [ -51.315772456311848, -15.896467950623327 ], [ -51.316067882737215, -15.896466596721696 ], [ -51.316329858222993, -15.896424284204345 ], [ -51.316449495284679, -15.896489407760047 ], [ -51.316343025543084, -15.896881798609956 ], [ -51.316132385122593, -15.896962159361683 ], [ -51.315873490769732, -15.897117661756175 ], [ -51.315927183650963, -15.897307349914513 ], [ -51.315845189976592, -15.89752160924114 ], [ -51.315456355042748, -15.898026693614671 ], [ -51.314930199927957, -15.898156656999475 ], [ -51.31501789621241, -15.898400492906195 ], [ -51.315556467814424, -15.898792358061955 ], [ -51.31602797703043, -15.899154233519734 ], [ -51.316225021475901, -15.899598052259106 ], [ -51.316709659671474, -15.900036100884453 ], [ -51.316896833264138, -15.900114767076932 ], [ -51.317682658633743, -15.900075707031275 ], [ -51.317959343856096, -15.90021868049938 ], [ -51.318073810661382, -15.900410104753508 ], [ -51.3181717251233, -15.900673541826459 ], [ -51.318388996080508, -15.90095807502764 ], [ -51.318618092066956, -15.901116513482439 ], [ -51.318813113322619, -15.901158842179321 ], [ -51.318873856934367, -15.901433498593754 ], [ -51.318823921971777, -15.901769693412172 ], [ -51.317912667712733, -15.902201972591715 ], [ -51.31749616920559, -15.902499516089321 ], [ -51.317329681018329, -15.902769498327503 ], [ -51.317739944093141, -15.90309928495595 ], [ -51.318434082481915, -15.903186099365888 ], [ -51.319537985682594, -15.903160123949728 ], [ -51.319705232047831, -15.903560898447806 ], [ -51.31960565298872, -15.903724387220077 ], [ -51.318980713058536, -15.903747396366136 ], [ -51.319005981136975, -15.903983213348605 ], [ -51.319249410936564, -15.904295144423786 ], [ -51.319497770927732, -15.904480855279891 ], [ -51.319756410815657, -15.904733648263811 ], [ -51.319982537243376, -15.90517297385372 ], [ -51.319940159977634, -15.905549857354192 ], [ -51.320124055753233, -15.905831933794078 ], [ -51.320368504464497, -15.906088652439387 ], [ -51.320155125938101, -15.90668698923051 ], [ -51.319823975390413, -15.906857248847462 ], [ -51.319973651101698, -15.907044189974448 ], [ -51.319643548337375, -15.907759771890561 ] ] ] } },
{ "type": "Feature", "properties": { "property_key": "GO-5212204-F02DDCCA149C4C74B510CC73B2AE078F", "cod_imovel": "GO-5212204-F02DDCCA149C4C74B510CC73B2AE078F", "municipio": "Jussara", "cod_estado": "GO", "input_rows": "102", "input_row_count": 1, "resolution_status": "resolved", "resolution_method": "id_exact", "axes_repaired": false, "matched_field_count": 0, "relevant_field_count": 0, "loss_field_count": 0, "dominant_mbmode24": null, "dominant_class": null, "dominant_class_area_ha": null, "post2020_loss_ha": 0.0, "follow_up_required": false, "assessment_status": "no_matched_fields", "applicable_delivery_tiers": "none", "contact_entity_id": null, "contact_entity_type": null, "contact_tier": null, "contact_evidence_basis": null, "contact_evidence_value": null, "contact_distance_m": null, "facility_override": false, "contact_selection_status": "not_applicable", "unsupported_class_field_count": 0 }, "bbox": [ -51.419544608300001, -15.711528276399999, -51.414359181, -15.7057068001 ], "geometry": { "type": "Polygon", "coordinates": [ [ [ -51.4190967165, -15.7058135305 ], [ -51.416770676500001, -15.7057068001 ], [ -51.414423658, -15.7072897545 ], [ -51.414359181, -15.7073470215 ], [ -51.414622129800001, -15.7110359941 ], [ -51.419544608300001, -15.711528276399999 ], [ -51.4190967165, -15.7058135305 ] ] ] } },
{ "type": "Feature", "properties": { "property_key": "GO-5212204-F17BEA20B17148C1ADB4BD53A04EC448", "cod_imovel": "GO-5212204-F17BEA20B17148C1ADB4BD53A04EC448", "municipio": "Jussara", "cod_estado": "GO", "input_rows": "103", "input_row_count": 1, "resolution_status": "resolved", "resolution_method": "polygon_geometric_match", "axes_repaired": true, "matched_field_count": 29, "relevant_field_count": 26, "loss_field_count": 0, "dominant_mbmode24": 15, "dominant_class": "Pasture", "dominant_class_area_ha": 1744.965, "post2020_loss_ha": 0.0, "follow_up_required": false, "assessment_status": "no_post2020_loss", "applicable_delivery_tiers": "slaughter_point", "contact_entity_id": null, "contact_entity_type": null, "contact_tier": null, "contact_evidence_basis": null, "contact_evidence_value": null, "contact_distance_m": null, "facility_override": false, "contact_selection_status": "not_applicable", "unsupported_class_field_count": 0 }, "bbox": [ -51.375380750438367, -15.601780765349918, -51.297539950424394, -15.481647166112458 ], "geometry": { "type": "Polygon", "coordinates": [ [ [ -51.339212003655661, -15.544951473823573 ], [ -51.337718765934824, -15.545680816148993 ], [ -51.319790089006865, -15.555010854177768 ], [ -51.323765164061932, -15.5611139216678 ], [ -51.306371276252726, -15.569314097637585 ], [ -51.30159240130039, -15.556667084397466 ], [ -51.297539950424394, -15.559032393413709 ], [ -51.305796881243211, -15.581326057272566 ], [ -51.321130992336776, -15.572386874449338 ], [ -51.328571386428315, -15.584363436452854 ], [ -51.328644616091871, -15.58448691269418 ], [ -51.328323623539852, -15.58481574809508 ], [ -51.327995220273742, -15.585177502027705 ], [ -51.327956287605538, -15.585389111130397 ], [ -51.327826713656805, -15.585496616673494 ], [ -51.327476244855163, -15.585590799659414 ], [ -51.327058847491692, -15.586065692711143 ], [ -51.327141196234237, -15.586352339503135 ], [ -51.327050456920631, -15.586598831948454 ], [ -51.327335047252575, -15.586957864681203 ], [ -51.327407084226273, -15.587034874172168 ], [ -51.327479985881759, -15.587304357634963 ], [ -51.327630807375321, -15.588007675856934 ], [ -51.327563880647595, -15.588094927309935 ], [ -51.327795560272207, -15.588202075444817 ], [ -51.327823359630194, -15.58832173211497 ], [ -51.327478111739964, -15.588593917619283 ], [ -51.32797732323764, -15.58877028005533 ], [ -51.328000478084675, -15.588960731836934 ], [ -51.327683421228194, -15.589482397312096 ], [ -51.327503978535027, -15.589495321446941 ], [ -51.327382067045704, -15.589377793776308 ], [ -51.327266102729681, -15.589363772528083 ], [ -51.327428605664622, -15.589785999848539 ], [ -51.327389284357892, -15.589988659132635 ], [ -51.327498014482437, -15.590146256448937 ], [ -51.327460061243222, -15.590270440945071 ], [ -51.32729906921395, -15.590272398280625 ], [ -51.32717825979406, -15.590144200915621 ], [ -51.327148856523181, -15.590366463592629 ], [ -51.326990062703459, -15.590460812779824 ], [ -51.326854410459482, -15.590501968500874 ], [ -51.326764740987976, -15.590246613224316 ], [ -51.326768634328793, -15.590467199073935 ], [ -51.32673734052775, -15.590614969628946 ], [ -51.326626522945851, -15.590670824563105 ], [ -51.326371890638924, -15.590678977487942 ], [ -51.32638524394401, -15.590865466090815 ], [ -51.326534342129236, -15.591069111236099 ], [ -51.326512641557613, -15.591148972305195 ], [ -51.326453996985528, -15.59122481992034 ], [ -51.326339268839597, -15.591226346269698 ], [ -51.325817862454706, -15.590996944552371 ], [ -51.325931296947267, -15.591476292070015 ], [ -51.325833417500867, -15.591751815000455 ], [ -51.325947706659989, -15.591944844135998 ], [ -51.325915595828043, -15.592048226237221 ], [ -51.325565998991159, -15.591933837472805 ], [ -51.325441175722148, -15.592159043746218 ], [ -51.325477493875347, -15.592417009872403 ], [ -51.325384412704089, -15.592660069599759 ], [ -51.325414110886896, -15.593038195619112 ], [ -51.325565528226527, -15.593351681705448 ], [ -51.325470418136668, -15.593550445326274 ], [ -51.325528288595798, -15.593752237141121 ], [ -51.325788130229625, -15.593910063535883 ], [ -51.325838199143007, -15.594073896131649 ], [ -51.325493119004314, -15.594401045427594 ], [ -51.325553730622822, -15.594507183205916 ], [ -51.325727696171811, -15.594389758924518 ], [ -51.325913666868388, -15.594373119831127 ], [ -51.326030552229312, -15.59449617046598 ], [ -51.326019441358632, -15.594607567596949 ], [ -51.325838118669573, -15.594673380966288 ], [ -51.32581217542004, -15.595257263786973 ], [ -51.325722091882362, -15.595331440062514 ], [ -51.325545602514609, -15.595327633130507 ], [ -51.325500791070617, -15.595540516074774 ], [ -51.325599571954839, -15.595776330463469 ], [ -51.325649022253998, -15.596020896873442 ], [ -51.325919221886842, -15.595883802118498 ], [ -51.326060124849263, -15.596152913792253 ], [ -51.325978625566812, -15.596288011332668 ], [ -51.325719529012034, -15.596308917536742 ], [ -51.326029402947235, -15.596427433068381 ], [ -51.326289209797601, -15.596560849100936 ], [ -51.326496253519693, -15.596832936117769 ], [ -51.326618330969517, -15.596934913991559 ], [ -51.326648197743282, -15.597122824432152 ], [ -51.326344519711725, -15.597325333574169 ], [ -51.326491058701109, -15.597559268473692 ], [ -51.326596853703165, -15.597805197429265 ], [ -51.326738784790827, -15.597838346494404 ], [ -51.326772746368682, -15.597607398212068 ], [ -51.326965915832112, -15.597599245681225 ], [ -51.327048276402998, -15.597772522556529 ], [ -51.32715775993023, -15.597696599157011 ], [ -51.327193456315776, -15.597324523927675 ], [ -51.327303153774729, -15.597207194032711 ], [ -51.327423958414229, -15.59721198651801 ], [ -51.327586411673337, -15.597480974630841 ], [ -51.327610874362854, -15.597672147594279 ], [ -51.327534553077193, -15.59783698165581 ], [ -51.32745346964029, -15.597939984846947 ], [ -51.327584522282613, -15.597936444589756 ], [ -51.327762312092069, -15.597817837724017 ], [ -51.327939871843469, -15.597789456584881 ], [ -51.327855200775886, -15.597571432364541 ], [ -51.32794439616702, -15.597466518395601 ], [ -51.328077617905173, -15.597478072473081 ], [ -51.32828200149212, -15.597659032111064 ], [ -51.328344777479742, -15.597834236253803 ], [ -51.328264260578351, -15.597999980885943 ], [ -51.328426968918052, -15.598193659474463 ], [ -51.328408675509856, -15.598363017855604 ], [ -51.328175571475732, -15.598306138719927 ], [ -51.328217963821444, -15.598509399274146 ], [ -51.328137100268634, -15.598574612535939 ], [ -51.327931991848182, -15.598583868794723 ], [ -51.327654271959055, -15.598803427810669 ], [ -51.327474889178887, -15.598918059088803 ], [ -51.32764161436458, -15.598880201649322 ], [ -51.327698556829567, -15.598906334616919 ], [ -51.327630366420593, -15.599316338542055 ], [ -51.327845712306875, -15.599291879023038 ], [ -51.328145606957499, -15.599701424268105 ], [ -51.328071195442554, -15.599835517492133 ], [ -51.327959584888148, -15.600217198687838 ], [ -51.328107449648755, -15.600167616197416 ], [ -51.328337409246203, -15.600240230753801 ], [ -51.328414472665756, -15.600072683146946 ], [ -51.328516636181533, -15.600027236937025 ], [ -51.328596911024412, -15.600060748110876 ], [ -51.328812079352033, -15.600217281335537 ], [ -51.328746573666479, -15.600378935381023 ], [ -51.328639750063552, -15.600368336752831 ], [ -51.328565159352841, -15.600565624412974 ], [ -51.328821063546734, -15.600411370244156 ], [ -51.329166073846501, -15.600388704366903 ], [ -51.329375560863468, -15.600491815403082 ], [ -51.329440661906801, -15.600661500887872 ], [ -51.329265334282432, -15.601213603629954 ], [ -51.329120599516152, -15.601295909297038 ], [ -51.329020863862553, -15.601109098371101 ], [ -51.32880514847637, -15.601312654506042 ], [ -51.32880159403647, -15.601540845325534 ], [ -51.328813822866529, -15.601780765349918 ], [ -51.329113579902, -15.601690814515038 ], [ -51.329675896169249, -15.601524889991053 ], [ -51.353219249787237, -15.595506326953133 ], [ -51.364356801605702, -15.592809874655435 ], [ -51.364643138298455, -15.592743132436668 ], [ -51.375380750438367, -15.590283472597315 ], [ -51.373773448537975, -15.587412563698411 ], [ -51.373658016209347, -15.587229325927952 ], [ -51.365400830381489, -15.572320751981247 ], [ -51.354012636769774, -15.55193670698376 ], [ -51.353716645045793, -15.551233729084954 ], [ -51.354027506616561, -15.550323831003318 ], [ -51.354134354181056, -15.54954453603972 ], [ -51.35413943832193, -15.548481437554926 ], [ -51.353920473909639, -15.547446272686051 ], [ -51.353403597678188, -15.546270641284053 ], [ -51.352967267021427, -15.545622944273315 ], [ -51.352333561173324, -15.544946631625892 ], [ -51.351646751979146, -15.54440863337954 ], [ -51.351367736750369, -15.544246798260282 ], [ -51.350900588511557, -15.544007874143293 ], [ -51.34934954728827, -15.543499539126845 ], [ -51.344404913883572, -15.534595024664895 ], [ -51.338107518112615, -15.523236015352577 ], [ -51.324803278650201, -15.509905942052679 ], [ -51.324652350113908, -15.509326835245266 ], [ -51.323901632554204, -15.496495546817114 ], [ -51.323798315483266, -15.494151529650079 ], [ -51.323851042680744, -15.493764780787277 ], [ -51.323995006303193, -15.493473097086383 ], [ -51.323392567291442, -15.492654256349484 ], [ -51.323377223359792, -15.491240309589397 ], [ -51.323001992027315, -15.490717399804529 ], [ -51.322006354128789, -15.490405499659099 ], [ -51.321427751056873, -15.489676211962825 ], [ -51.319218084352968, -15.488830125084535 ], [ -51.31932344305703, -15.488106262642482 ], [ -51.319190325640669, -15.487873475098374 ], [ -51.318282610835226, -15.487005064315715 ], [ -51.317459802785031, -15.486848304703479 ], [ -51.316701802840804, -15.48614819159844 ], [ -51.315817215244749, -15.485579347108395 ], [ -51.315571031931213, -15.485295457597537 ], [ -51.314949033607064, -15.484882549209974 ], [ -51.314140596474758, -15.484418913980072 ], [ -51.313159278969906, -15.48393011593096 ], [ -51.312771659348535, -15.483016464570625 ], [ -51.312726944534383, -15.482605264527317 ], [ -51.312675456531693, -15.482029351745174 ], [ -51.312564492466066, -15.481703680194961 ], [ -51.312443118355802, -15.481647166112458 ], [ -51.312294865858391, -15.481819963063483 ], [ -51.311856486543569, -15.482489595926799 ], [ -51.312119042267895, -15.482817404693018 ], [ -51.311995925590644, -15.483029221991629 ], [ -51.311386663635119, -15.483206284017422 ], [ -51.310949702334028, -15.483643294871237 ], [ -51.310676007218355, -15.48378435314914 ], [ -51.310888032145968, -15.48417416333476 ], [ -51.311095135512801, -15.484015207336908 ], [ -51.311287451551557, -15.484067554026167 ], [ -51.31159082211434, -15.484506145398607 ], [ -51.311553649152643, -15.484585394603441 ], [ -51.311326393809303, -15.484547833714926 ], [ -51.311128775255305, -15.484690593670839 ], [ -51.310908513543239, -15.485340480299957 ], [ -51.31072033580206, -15.485562875540975 ], [ -51.311234253380931, -15.485899101662813 ], [ -51.311351698590023, -15.486007606119374 ], [ -51.31167184209324, -15.486500779704828 ], [ -51.3116169666499, -15.486712229418181 ], [ -51.311439599072685, -15.486745025775109 ], [ -51.311154194775703, -15.486539750505843 ], [ -51.3109812670154, -15.486860849365396 ], [ -51.311188127565835, -15.486974200617015 ], [ -51.311323265353266, -15.487192796359542 ], [ -51.311025516140489, -15.48721156777189 ], [ -51.310744193167892, -15.487367102068589 ], [ -51.310570201840243, -15.487538668310485 ], [ -51.310681080270534, -15.488181489846198 ], [ -51.310569883767513, -15.488324941623683 ], [ -51.310074108120197, -15.488592157869665 ], [ -51.310376922193306, -15.488592366146291 ], [ -51.3105999458122, -15.488602721248935 ], [ -51.310794953839093, -15.488706867912123 ], [ -51.310563949838439, -15.488909071912051 ], [ -51.310316390520384, -15.489575811894772 ], [ -51.310060102335868, -15.489766569105216 ], [ -51.310372653345787, -15.489918015213265 ], [ -51.310362993510708, -15.490067291301493 ], [ -51.309923692330287, -15.490321409351738 ], [ -51.309724652935856, -15.490328197420803 ], [ -51.309490594602266, -15.490233958879156 ], [ -51.309164886953631, -15.490012283393803 ], [ -51.309058666262011, -15.490494122210572 ], [ -51.309304350743197, -15.490632282925249 ], [ -51.309462677471579, -15.491146569744247 ], [ -51.309449467376446, -15.491353982678623 ], [ -51.309291019596785, -15.491448137495208 ], [ -51.309087925113566, -15.491487386916848 ], [ -51.308922775397455, -15.49171454004634 ], [ -51.309005942576782, -15.491968287718942 ], [ -51.309074294759121, -15.492290675223705 ], [ -51.309541495047945, -15.492424186450256 ], [ -51.309595112847731, -15.492555563682807 ], [ -51.309481303442354, -15.492824775169128 ], [ -51.309221811499334, -15.492870522549289 ], [ -51.309229717157926, -15.493359343953625 ], [ -51.309588259036218, -15.493525643948992 ], [ -51.309740717250193, -15.493665742683854 ], [ -51.30968190124733, -15.493800441545339 ], [ -51.309151120382978, -15.493860220021554 ], [ -51.308772360908691, -15.494017515389405 ], [ -51.309018057338442, -15.494161010326694 ], [ -51.308985950386365, -15.494953475377446 ], [ -51.309110311206943, -15.494819317959866 ], [ -51.30969119128477, -15.494905115590015 ], [ -51.309669158640588, -15.495260989630381 ], [ -51.309962967926168, -15.495530986330195 ], [ -51.310001368584942, -15.49571075264503 ], [ -51.309883155606109, -15.495841104831372 ], [ -51.309394966197416, -15.495955882339874 ], [ -51.309800529334446, -15.496140016735021 ], [ -51.309809027120394, -15.496399383386997 ], [ -51.309629189407055, -15.496469610493003 ], [ -51.309244367573982, -15.496440314514009 ], [ -51.309378283361831, -15.496711981984713 ], [ -51.309309544821829, -15.496883399974559 ], [ -51.308931688063929, -15.496961588009244 ], [ -51.309212799401536, -15.497155751652299 ], [ -51.30856756575848, -15.498316036119563 ], [ -51.308326185093556, -15.498633973643239 ], [ -51.308071737088525, -15.49881686061285 ], [ -51.30800541208032, -15.498982307950662 ], [ -51.308350498959086, -15.499123043199072 ], [ -51.308453667134714, -15.499345030021022 ], [ -51.308406377740141, -15.499835103480692 ], [ -51.30850622421837, -15.500331571397455 ], [ -51.308470446018212, -15.500662240736496 ], [ -51.308318929567875, -15.50090863109056 ], [ -51.308873576028788, -15.500834627061348 ], [ -51.309250771666491, -15.500808695361627 ], [ -51.309318384899662, -15.50100803921937 ], [ -51.30919667983558, -15.501237572693773 ], [ -51.308607960351019, -15.501660958802624 ], [ -51.308571585262378, -15.501966405325273 ], [ -51.308954737966232, -15.502120466645259 ], [ -51.309320191721909, -15.502159644426468 ], [ -51.309544958546752, -15.50226646243962 ], [ -51.309512521189596, -15.502460431419474 ], [ -51.309160486988532, -15.502667956607809 ], [ -51.309589531804768, -15.502833886363858 ], [ -51.309685754228994, -15.503022702749119 ], [ -51.309437435754845, -15.503192112021654 ], [ -51.309388697814931, -15.503459604880645 ], [ -51.309051976487289, -15.50362036792858 ], [ -51.309159592604573, -15.504009872690229 ], [ -51.30961821961143, -15.504128658776954 ], [ -51.309882184249034, -15.504634569436522 ], [ -51.309855848223229, -15.504918485070471 ], [ -51.309438583419663, -15.505278076709571 ], [ -51.309397717009738, -15.505760275681785 ], [ -51.309228277209428, -15.505868549430925 ], [ -51.308894420176109, -15.505826253621274 ], [ -51.308505475156991, -15.505669036193868 ], [ -51.30744833579773, -15.506739665148499 ], [ -51.307115965950452, -15.507199667212596 ], [ -51.306575530045841, -15.507627501298739 ], [ -51.306167540621232, -15.508088239690725 ], [ -51.306043346216924, -15.508468574123548 ], [ -51.3061319252391, -15.509545201518819 ], [ -51.306490134568158, -15.510606266537826 ], [ -51.306651757961262, -15.510884134885115 ], [ -51.306820854613278, -15.511486825804838 ], [ -51.307348687261516, -15.512743565898361 ], [ -51.307491240356981, -15.513679262713618 ], [ -51.307655678987615, -15.514218493410723 ], [ -51.307941239731726, -15.514631346741336 ], [ -51.308388304133693, -15.515362297889888 ], [ -51.308579249725128, -15.516167468591927 ], [ -51.308874638137993, -15.516727580077509 ], [ -51.309121006305567, -15.516928210525926 ], [ -51.309500208057862, -15.517102617354384 ], [ -51.309876250757583, -15.517471584097208 ], [ -51.310245833215667, -15.517322707214488 ], [ -51.310667745573504, -15.516689083507913 ], [ -51.311000867339551, -15.516788876263941 ], [ -51.311159755079302, -15.517038356989827 ], [ -51.311053598510142, -15.517194820420162 ], [ -51.311331063725497, -15.517424967685683 ], [ -51.311577028969396, -15.51778995603321 ], [ -51.311350374942378, -15.517991160246526 ], [ -51.311536077856651, -15.518089351751613 ], [ -51.311721445421497, -15.518523044354977 ], [ -51.31216202763455, -15.518897249970864 ], [ -51.312554480396592, -15.519012506449418 ], [ -51.312757617088494, -15.518860154155313 ], [ -51.313120176157035, -15.518876636998371 ], [ -51.313336907486061, -15.519020980987628 ], [ -51.314183995058471, -15.519426971140591 ], [ -51.31470012268052, -15.519377687728205 ], [ -51.315442269529314, -15.519017984154829 ], [ -51.316089915405307, -15.518875751986437 ], [ -51.316331362031036, -15.518777585864919 ], [ -51.316528078368925, -15.519064256078568 ], [ -51.316738893824763, -15.519118650130434 ], [ -51.316830021794004, -15.519259283227584 ], [ -51.316761160967964, -15.519473375518233 ], [ -51.317194544974683, -15.519950464426307 ], [ -51.317591299673303, -15.52025384275659 ], [ -51.317704433126018, -15.520393539743603 ], [ -51.317971811466066, -15.520909831203207 ], [ -51.318119730476809, -15.520687307262429 ], [ -51.318351151459972, -15.520678475527369 ], [ -51.318391168657783, -15.520809869675702 ], [ -51.31827197261282, -15.521399404971948 ], [ -51.318494051504857, -15.52143940633618 ], [ -51.318487903757443, -15.521139715880299 ], [ -51.318608749107511, -15.520896256233073 ], [ -51.318735404352793, -15.520914606915168 ], [ -51.319049496403615, -15.521427303688148 ], [ -51.318969476169485, -15.521538529521237 ], [ -51.31913780019115, -15.521791426010543 ], [ -51.319339462298743, -15.521773053079633 ], [ -51.319659418831698, -15.521671876744458 ], [ -51.319959117710233, -15.521797741331303 ], [ -51.320040744276454, -15.521881972797992 ], [ -51.32011249670645, -15.522153993920123 ], [ -51.32028030219147, -15.52219045585286 ], [ -51.320352657082715, -15.521946251959823 ], [ -51.320600019471414, -15.521692753337218 ], [ -51.320742048544375, -15.521823818082556 ], [ -51.320715968595863, -15.522144258413455 ], [ -51.32047728732713, -15.522283198880237 ], [ -51.32064623015647, -15.522452195557612 ], [ -51.320598283353725, -15.522621416687452 ], [ -51.320613074236988, -15.522840089763966 ], [ -51.320795015372973, -15.522791367368665 ], [ -51.321370122821065, -15.523130461452858 ], [ -51.321341941176563, -15.523237182723966 ], [ -51.321094837927447, -15.523477934395212 ], [ -51.321410242502395, -15.523386706896479 ], [ -51.321523400961631, -15.52353978201154 ], [ -51.32137933574942, -15.523781016785362 ], [ -51.321314655499691, -15.524103411843786 ], [ -51.321070949132334, -15.524250135273997 ], [ -51.321396038952912, -15.524932958317352 ], [ -51.32137446474038, -15.524489362643047 ], [ -51.321534766622918, -15.524435969955091 ], [ -51.321616768282787, -15.524520471464491 ], [ -51.321641853501113, -15.524702152961888 ], [ -51.322029979397712, -15.524722832860999 ], [ -51.321875004735602, -15.524543600977907 ], [ -51.321955946735045, -15.524365652431065 ], [ -51.322166461884841, -15.524342381996975 ], [ -51.322366056864503, -15.524432588067269 ], [ -51.32251583084107, -15.524385176903078 ], [ -51.322638846704486, -15.524400185554891 ], [ -51.32302376015371, -15.524933385540589 ], [ -51.322861976736881, -15.525293170697079 ], [ -51.322984568993576, -15.525335211448043 ], [ -51.323043393637512, -15.525146265229886 ], [ -51.323201217887181, -15.525118550537849 ], [ -51.323362468283399, -15.525195160355446 ], [ -51.323474417211834, -15.525288567577869 ], [ -51.323726129999287, -15.525373090789182 ], [ -51.323729360971285, -15.525531479048116 ], [ -51.323619309034093, -15.525578380785525 ], [ -51.3233968194113, -15.525457742276082 ], [ -51.323387430378411, -15.52571568709376 ], [ -51.323510212346946, -15.525819384814044 ], [ -51.323305773958118, -15.526033135117583 ], [ -51.323309594826895, -15.526151381825187 ], [ -51.323706102032048, -15.526581680359067 ], [ -51.323824265754851, -15.526892506978111 ], [ -51.323947566859118, -15.52708923241468 ], [ -51.323960400139988, -15.527186310642733 ], [ -51.323909587466169, -15.527310604345175 ], [ -51.323929289271028, -15.527506758505298 ], [ -51.323860834423115, -15.527619415585635 ], [ -51.323754402577677, -15.527656367325935 ], [ -51.324114461292893, -15.527793167125113 ], [ -51.324454224227885, -15.528010006295375 ], [ -51.324749264198687, -15.528249602862847 ], [ -51.324966361577232, -15.528437691418171 ], [ -51.325004407980373, -15.528497846419382 ], [ -51.324919788103166, -15.528708347906758 ], [ -51.325149576405636, -15.528663800568514 ], [ -51.325374187983776, -15.528767075940983 ], [ -51.325488272131167, -15.52897149861178 ], [ -51.325517348710385, -15.529198377099652 ], [ -51.325334888194419, -15.529275491975698 ], [ -51.325654874126286, -15.529544161512668 ], [ -51.32571040749901, -15.529160302224309 ], [ -51.325808802874676, -15.529052844006136 ], [ -51.326128469292129, -15.529474029787048 ], [ -51.326299289982941, -15.529585249055842 ], [ -51.326586776618598, -15.529348048201333 ], [ -51.326780236233297, -15.529327691552414 ], [ -51.326998020855783, -15.529476630832017 ], [ -51.327120445349102, -15.52941018117723 ], [ -51.326860184359724, -15.529171530861555 ], [ -51.326838760709244, -15.529008920556949 ], [ -51.327259901725277, -15.528909210623814 ], [ -51.327349160363362, -15.529039806659455 ], [ -51.327478325073123, -15.528872091082015 ], [ -51.327661941790687, -15.528819292192692 ], [ -51.327918300780759, -15.528889790524252 ], [ -51.328007041487872, -15.529046424243157 ], [ -51.3280251011819, -15.529263012334066 ], [ -51.328173690009464, -15.528877658090853 ], [ -51.328237697716979, -15.528607607919824 ], [ -51.328396698847726, -15.528556381943703 ], [ -51.328533706118435, -15.528689980289023 ], [ -51.328615943280475, -15.528861450169309 ], [ -51.328963407752923, -15.529050244661365 ], [ -51.329130131544829, -15.529340925501916 ], [ -51.329335510534214, -15.529427861818668 ], [ -51.329522842513796, -15.52913095724977 ], [ -51.329720302944665, -15.529105348460456 ], [ -51.329725770678266, -15.529318700539806 ], [ -51.329879585827157, -15.529524598412978 ], [ -51.33038952498957, -15.529558099940369 ], [ -51.330586352451185, -15.529661773149524 ], [ -51.330647915958686, -15.529790781952412 ], [ -51.33088795291318, -15.529390010216463 ], [ -51.331044614360998, -15.52933354224613 ], [ -51.33111478397052, -15.529596340180714 ], [ -51.331389060113999, -15.529498741192297 ], [ -51.331536210993718, -15.529676260124713 ], [ -51.331487687500186, -15.529946830342579 ], [ -51.331734151547188, -15.530009112022226 ], [ -51.331897156317893, -15.529953990015043 ], [ -51.332101753986805, -15.530017780740147 ], [ -51.332263599532567, -15.530170505572944 ], [ -51.332341664612933, -15.530529393664006 ], [ -51.332362346607503, -15.530691914041803 ], [ -51.332591191890643, -15.530873196682236 ], [ -51.332652069166627, -15.531445561083558 ], [ -51.332853378955505, -15.531841962790253 ], [ -51.333242239883432, -15.531556775268042 ], [ -51.333449957769886, -15.531472021555565 ], [ -51.333604889031115, -15.531556860259874 ], [ -51.333659985475556, -15.531779901037378 ], [ -51.333651466948275, -15.53204941667922 ], [ -51.333336070933953, -15.5324407219939 ], [ -51.333495012783722, -15.532525645104858 ], [ -51.333692444987555, -15.532306923780562 ], [ -51.33387585298594, -15.532297424897134 ], [ -51.333880551081556, -15.53255128015488 ], [ -51.333813508749792, -15.532785987278137 ], [ -51.334001331455639, -15.532738149113294 ], [ -51.334154019926288, -15.532992955615242 ], [ -51.334388942568552, -15.533239500797398 ], [ -51.334524010015571, -15.532801998332987 ], [ -51.334780496495036, -15.532947073965875 ], [ -51.3347357602523, -15.533308678668986 ], [ -51.33448558583018, -15.533666345712824 ], [ -51.334415938370611, -15.533904492396962 ], [ -51.334699659804031, -15.533994469067153 ], [ -51.334845300968247, -15.534330561433389 ], [ -51.33480129893146, -15.534916012226866 ], [ -51.334726515749907, -15.535207687598584 ], [ -51.33442643467906, -15.535209227477988 ], [ -51.334425954564757, -15.535374130204206 ], [ -51.334561282896964, -15.535560072652318 ], [ -51.334792435599013, -15.536010851939476 ], [ -51.334906592972153, -15.536541095310225 ], [ -51.334672057391593, -15.536768281800411 ], [ -51.33445886964023, -15.536875827511466 ], [ -51.334783805784781, -15.537077032241642 ], [ -51.334576489567191, -15.537413840752491 ], [ -51.334805932877977, -15.537728650715966 ], [ -51.334810113730455, -15.538007820487584 ], [ -51.334673155049764, -15.538372910018376 ], [ -51.334767063980742, -15.538548156673395 ], [ -51.334678695869336, -15.538685889847404 ], [ -51.334850214793583, -15.538875483791156 ], [ -51.335188174555434, -15.5389971101078 ], [ -51.335226119344149, -15.53876063877081 ], [ -51.335377885071139, -15.538671809482988 ], [ -51.335574159571522, -15.538830265292559 ], [ -51.335726578404284, -15.538741705994033 ], [ -51.335905650580358, -15.538412443218691 ], [ -51.336103641597035, -15.538421634387152 ], [ -51.33618895897046, -15.538646074777823 ], [ -51.336235463769064, -15.538973547576997 ], [ -51.33615695007768, -15.539092009665602 ], [ -51.335683835654358, -15.539067054549758 ], [ -51.335414265130922, -15.539370598423686 ], [ -51.335650695840783, -15.53933353368239 ], [ -51.335836975901756, -15.539366248647031 ], [ -51.335859221887908, -15.539455717465106 ], [ -51.335573206229569, -15.540257879788859 ], [ -51.33551822660214, -15.540513181664906 ], [ -51.335819638312486, -15.540579985633588 ], [ -51.336098588862541, -15.540769776576333 ], [ -51.33627464387849, -15.540764445484614 ], [ -51.336325426280922, -15.541084046283936 ], [ -51.336455178588665, -15.541335902384699 ], [ -51.336766566000222, -15.541228024009166 ], [ -51.336884948488773, -15.541139606273845 ], [ -51.337096122554478, -15.541168213813279 ], [ -51.337039981303285, -15.541396305368171 ], [ -51.336803223415629, -15.541577661267258 ], [ -51.336532262996947, -15.541600405293444 ], [ -51.336919303344295, -15.542023279551985 ], [ -51.337052526377519, -15.542000022303625 ], [ -51.337163906292894, -15.54213555256621 ], [ -51.337206216961164, -15.54234830530196 ], [ -51.33702621830674, -15.542395230277224 ], [ -51.336712032292276, -15.542216433595961 ], [ -51.336907851088888, -15.542550820259036 ], [ -51.3371693631372, -15.542738466622053 ], [ -51.337169404792782, -15.542993413491081 ], [ -51.337033158430465, -15.54316503285532 ], [ -51.337158680992168, -15.543165745077365 ], [ -51.337329194342246, -15.543192154334674 ], [ -51.337775991402694, -15.543256563365054 ], [ -51.337920488388619, -15.54328400647753 ], [ -51.338008025663726, -15.543609155657252 ], [ -51.338189501763623, -15.543724236410069 ], [ -51.338454985813428, -15.5436585555276 ], [ -51.338639394902806, -15.543513802560293 ], [ -51.338818854391619, -15.543536038212228 ], [ -51.338906681342259, -15.543752246490937 ], [ -51.338832440178571, -15.544031446018096 ], [ -51.338889361125041, -15.544281061837925 ], [ -51.339281369520329, -15.544428635684792 ], [ -51.339532908965033, -15.544503195714075 ], [ -51.339541890412079, -15.544748545616907 ], [ -51.339212003655661, -15.544951473823573 ] ] ] } },
{ "type": "Feature", "properties": { "property_key": "GO-5212204-F3A12BE84DF7404989ED34657671EADE", "cod_imovel": "GO-5212204-F3A12BE84DF7404989ED34657671EADE", "municipio": "Jussara", "cod_estado": "GO", "input_rows": "104", "input_row_count": 1, "resolution_status": "resolved", "resolution_method": "id_exact", "axes_repaired": false, "matched_field_count": 11, "relevant_field_count": 11, "loss_field_count": 0, "dominant_mbmode24": 15, "dominant_class": "Pasture", "dominant_class_area_ha": 1168.309, "post2020_loss_ha": 0.0, "follow_up_required": false, "assessment_status": "no_post2020_loss", "applicable_delivery_tiers": "slaughter_point", "contact_entity_id": null, "contact_entity_type": null, "contact_tier": null, "contact_evidence_basis": null, "contact_evidence_value": null, "contact_distance_m": null, "facility_override": false, "contact_selection_status": "not_applicable", "unsupported_class_field_count": 0 }, "bbox": [ -51.388888990081362, -15.920112152534729, -51.332395682473482, -15.870001423671519 ], "geometry": { "type": "Polygon", "coordinates": [ [ [ -51.342775707482382, -15.870001423671519 ], [ -51.338731126266531, -15.871843081608519 ], [ -51.336269738583532, -15.87157028311575 ], [ -51.336007244502937, -15.87301950534945 ], [ -51.333827187847433, -15.872863677206309 ], [ -51.333769957173629, -15.87554659482428 ], [ -51.333781449269743, -15.8755484755839 ], [ -51.333644367998929, -15.88090647860651 ], [ -51.33366741431022, -15.88179854924123 ], [ -51.333535174307571, -15.88709235499706 ], [ -51.333410256475389, -15.89104871213339 ], [ -51.332795114521247, -15.904677854709769 ], [ -51.332745165790861, -15.9064007560089 ], [ -51.332470933616563, -15.91160409361053 ], [ -51.332395682473482, -15.914475069199209 ], [ -51.33247124491789, -15.91452096834761 ], [ -51.336833423457691, -15.912279248830959 ], [ -51.33756584634704, -15.911821476359069 ], [ -51.345978645132909, -15.91211924202077 ], [ -51.346094494576612, -15.912012741773379 ], [ -51.346109228741327, -15.91156042896761 ], [ -51.351665638694477, -15.90596279443924 ], [ -51.351861746208677, -15.90570464407069 ], [ -51.357572396008521, -15.90647725869486 ], [ -51.360511047537969, -15.90753389290019 ], [ -51.36110323928385, -15.908996898105331 ], [ -51.365999126102651, -15.911646609629511 ], [ -51.367411036650367, -15.911446771257459 ], [ -51.368621030647418, -15.912615885580809 ], [ -51.372521663379977, -15.915265695033851 ], [ -51.376050811279342, -15.91428159463092 ], [ -51.376759339405893, -15.913379309728811 ], [ -51.377031386506921, -15.91207521898227 ], [ -51.383284601210441, -15.91988427303448 ], [ -51.383350712253872, -15.920112152534729 ], [ -51.387174505356839, -15.919541754855571 ], [ -51.386821351602009, -15.917538872474649 ], [ -51.382520272666262, -15.91301751340824 ], [ -51.382949473758252, -15.910804855715121 ], [ -51.386343122396397, -15.908109224300251 ], [ -51.385269891885763, -15.907957184292529 ], [ -51.383713563786188, -15.90493813310777 ], [ -51.386368737297332, -15.90332440303977 ], [ -51.387532878713301, -15.90325252691564 ], [ -51.388888990081362, -15.90366431836371 ], [ -51.387816284751942, -15.901142547465961 ], [ -51.382794254206701, -15.90026401176122 ], [ -51.382190503777259, -15.901157994505811 ], [ -51.381003705702042, -15.904423561536539 ], [ -51.380313593964289, -15.904163059636261 ], [ -51.379295554381727, -15.9044855099489 ], [ -51.378201770676633, -15.90447016027815 ], [ -51.376855015200427, -15.905261644710601 ], [ -51.375861755392208, -15.905602839710729 ], [ -51.375619939203169, -15.90618229401206 ], [ -51.375818781343703, -15.906809347714541 ], [ -51.375399670188308, -15.907147461853929 ], [ -51.37377601072707, -15.908559214147649 ], [ -51.368206583186137, -15.905932343671839 ], [ -51.36960998841915, -15.893066613936311 ], [ -51.367554490884373, -15.89439923143723 ], [ -51.366585333336403, -15.89492738740112 ], [ -51.361236560347884, -15.897227218755161 ], [ -51.361256618670929, -15.89700316512949 ], [ -51.364676558396319, -15.875558376648749 ], [ -51.365308789470511, -15.871598620376581 ], [ -51.365267488610527, -15.871382263444509 ], [ -51.36442345133301, -15.871622171221549 ], [ -51.361629382598913, -15.872058987317439 ], [ -51.356963390971792, -15.871232214581401 ], [ -51.354181695038761, -15.87057810127221 ], [ -51.348015540054959, -15.87058267792135 ], [ -51.342775707482382, -15.870001423671519 ] ] ] } },
{ "type": "Feature", "properties": { "property_key": "GO-5212204-F9D8CEEE683C4CF0AA64F517381CE6A0", "cod_imovel": "GO-5212204-F9D8CEEE683C4CF0AA64F517381CE6A0", "municipio": "Jussara", "cod_estado": "GO", "input_rows": "105", "input_row_count": 1, "resolution_status": "resolved", "resolution_method": "id_exact", "axes_repaired": false, "matched_field_count": 10, "relevant_field_count": 10, "loss_field_count": 0, "dominant_mbmode24": 15, "dominant_class": "Pasture", "dominant_class_area_ha": 531.995, "post2020_loss_ha": 0.0, "follow_up_required": false, "assessment_status": "no_post2020_loss", "applicable_delivery_tiers": "slaughter_point", "contact_entity_id": null, "contact_entity_type": null, "contact_tier": null, "contact_evidence_basis": null, "contact_evidence_value": null, "contact_distance_m": null, "facility_override": false, "contact_selection_status": "not_applicable", "unsupported_class_field_count": 0 }, "bbox": [ -51.446907877757972, -15.708102067242852, -51.415459155874373, -15.686146590001551 ], "geometry": { "type": "Polygon", "coordinates": [ [ [ -51.440932936019202, -15.698577185602893 ], [ -51.440332504155862, -15.693228057970918 ], [ -51.439933412476975, -15.693201631500623 ], [ -51.439492343837799, -15.689270270287915 ], [ -51.435945416999978, -15.687838970783377 ], [ -51.434242343810212, -15.690312615803654 ], [ -51.415459155874373, -15.686146590001551 ], [ -51.416841329656847, -15.705456290506893 ], [ -51.432923369982255, -15.707420503806809 ], [ -51.438506032320575, -15.708102067242852 ], [ -51.440001719544412, -15.707120370554602 ], [ -51.442998730647588, -15.705954391702731 ], [ -51.443910603969961, -15.70542678782382 ], [ -51.446126727640305, -15.704144526367619 ], [ -51.446907877757972, -15.698459350777394 ], [ -51.443895651188797, -15.698518776829927 ], [ -51.44195219057918, -15.698557095929702 ], [ -51.441852557819445, -15.69855905991726 ], [ -51.440932936019202, -15.698577185602893 ] ] ] } },
{ "type": "Feature", "properties": { "property_key": "GO-5212204-FD40D8C25F054CC0AC3449EBFAE863CB", "cod_imovel": "GO-5212204-FD40D8C25F054CC0AC3449EBFAE863CB", "municipio": "Jussara", "cod_estado": "GO", "input_rows": "106", "input_row_count": 1, "resolution_status": "resolved", "resolution_method": "id_exact", "axes_repaired": false, "matched_field_count": 0, "relevant_field_count": 0, "loss_field_count": 0, "dominant_mbmode24": null, "dominant_class": null, "dominant_class_area_ha": null, "post2020_loss_ha": 0.0, "follow_up_required": false, "assessment_status": "no_matched_fields", "applicable_delivery_tiers": "none", "contact_entity_id": null, "contact_entity_type": null, "contact_tier": null, "contact_evidence_basis": null, "contact_evidence_value": null, "contact_distance_m": null, "facility_override": false, "contact_selection_status": "not_applicable", "unsupported_class_field_count": 0 }, "bbox": [ -51.343287827473112, -15.798509741370609, -51.335935592651367, -15.783271600936628 ], "geometry": { "type": "Polygon", "coordinates": [ [ [ -51.339497566223137, -15.783271600936628 ], [ -51.337909698486328, -15.786885084776053 ], [ -51.337094306945801, -15.790973405945875 ], [ -51.33625326632572, -15.795633613933781 ], [ -51.335935592651367, -15.798509741370609 ], [ -51.340034008026123, -15.793616317142428 ], [ -51.33962129897013, -15.793296008192421 ], [ -51.339209657404062, -15.79307283512648 ], [ -51.340227127075195, -15.791819967191795 ], [ -51.339852064284209, -15.791168714229549 ], [ -51.340844284273352, -15.7906140442355 ], [ -51.341249452944787, -15.79029442219 ], [ -51.341720492292502, -15.789710100225109 ], [ -51.342207905370429, -15.78937003494052 ], [ -51.342936807032181, -15.78875130662728 ], [ -51.343287827473112, -15.788115105411681 ], [ -51.342983031323001, -15.787696910941509 ], [ -51.342530875687821, -15.78757051494871 ], [ -51.342310899457317, -15.78742942168221 ], [ -51.342405380286159, -15.787135718130211 ], [ -51.342341776262323, -15.78695581104599 ], [ -51.342041707679748, -15.78677942701588 ], [ -51.342082823302057, -15.786069337299139 ], [ -51.342017267980012, -15.7856624809568 ], [ -51.341632335812463, -15.78482179535586 ], [ -51.341373909699179, -15.78460865927123 ], [ -51.340994023171419, -15.784373644783029 ], [ -51.340885993176713, -15.783775679123851 ], [ -51.340420246124268, -15.783560682014485 ], [ -51.339948177337646, -15.783498736103937 ], [ -51.339497566223137, -15.783271600936628 ] ] ] } },
{ "type": "Feature", "properties": { "property_key": "GO-5212204-FE9378475EAB41548AD312054603D2A9", "cod_imovel": "GO-5212204-FE9378475EAB41548AD312054603D2A9", "municipio": "Jussara", "cod_estado": "GO", "input_rows": "107", "input_row_count": 1, "resolution_status": "resolved", "resolution_method": "id_exact", "axes_repaired": false, "matched_field_count": 0, "relevant_field_count": 0, "loss_field_count": 0, "dominant_mbmode24": null, "dominant_class": null, "dominant_class_area_ha": null, "post2020_loss_ha": 0.0, "follow_up_required": false, "assessment_status": "no_matched_fields", "applicable_delivery_tiers": "none", "contact_entity_id": null, "contact_entity_type": null, "contact_tier": null, "contact_evidence_basis": null, "contact_evidence_value": null, "contact_distance_m": null, "facility_override": false, "contact_selection_status": "not_applicable", "unsupported_class_field_count": 0 }, "bbox": [ -51.25847339630127, -15.95878649283158, -51.249211720424462, -15.953530628984485 ], "geometry": { "type": "Polygon", "coordinates": [ [ [ -51.25847339630127, -15.955428693014431 ], [ -51.257829666137695, -15.953530628984485 ], [ -51.253698167824012, -15.95611542991016 ], [ -51.252803228263588, -15.95579424789436 ], [ -51.251920140246938, -15.95530571921754 ], [ -51.250979201162771, -15.954071710716089 ], [ -51.250757112508758, -15.954196008222089 ], [ -51.250644906918538, -15.95417417581085 ], [ -51.250310776129318, -15.95451805142695 ], [ -51.24997592553342, -15.95494804540342 ], [ -51.249675750732422, -15.955304906777824 ], [ -51.249211720424462, -15.95593127575825 ], [ -51.249892571888331, -15.956505929283461 ], [ -51.251091957092285, -15.957739355395667 ], [ -51.251451890893549, -15.95767880527956 ], [ -51.251804610288247, -15.95784943506901 ], [ -51.252190835747193, -15.95816259912359 ], [ -51.252912764382238, -15.95872758337855 ], [ -51.253969282397911, -15.95878649283158 ], [ -51.256885528564453, -15.957904401689039 ], [ -51.25847339630127, -15.955428693014431 ] ] ] } },
{ "type": "Feature", "properties": { "property_key": "GO-5212204-FF2B860A5A8E4683AC9980742FD4017B", "cod_imovel": "GO-5212204-FF2B860A5A8E4683AC9980742FD4017B", "municipio": "Jussara", "cod_estado": "GO", "input_rows": "108", "input_row_count": 1, "resolution_status": "resolved", "resolution_method": "id_exact", "axes_repaired": false, "matched_field_count": 0, "relevant_field_count": 0, "loss_field_count": 0, "dominant_mbmode24": null, "dominant_class": null, "dominant_class_area_ha": null, "post2020_loss_ha": 0.0, "follow_up_required": false, "assessment_status": "no_matched_fields", "applicable_delivery_tiers": "none", "contact_entity_id": null, "contact_entity_type": null, "contact_tier": null, "contact_evidence_basis": null, "contact_evidence_value": null, "contact_distance_m": null, "facility_override": false, "contact_selection_status": "not_applicable", "unsupported_class_field_count": 0 }, "bbox": [ -51.401350341244878, -15.726019551124795, -51.395580406171504, -15.720650292135593 ], "geometry": { "type": "Polygon", "coordinates": [ [ [ -51.396990051162497, -15.723802938060214 ], [ -51.395580406171504, -15.725589729059539 ], [ -51.400515976559944, -15.726019551124795 ], [ -51.401350341244878, -15.720935747340476 ], [ -51.399454152680448, -15.720650292135593 ], [ -51.398585073143003, -15.721781124016543 ], [ -51.39789805504563, -15.722651978839005 ], [ -51.396990051162497, -15.723802938060214 ] ] ] } },
{ "type": "Feature", "properties": { "property_key": "GO-5212204-FFA9CF9AB45940F9BFA6ABCCF2A34EC0", "cod_imovel": "GO-5212204-FFA9CF9AB45940F9BFA6ABCCF2A34EC0", "municipio": "Jussara", "cod_estado": "GO", "input_rows": "109", "input_row_count": 1, "resolution_status": "resolved", "resolution_method": "id_exact", "axes_repaired": false, "matched_field_count": 4, "relevant_field_count": 4, "loss_field_count": 0, "dominant_mbmode24": 15, "dominant_class": "Pasture", "dominant_class_area_ha": 26.797, "post2020_loss_ha": 0.0, "follow_up_required": false, "assessment_status": "no_post2020_loss", "applicable_delivery_tiers": "slaughter_point", "contact_entity_id": null, "contact_entity_type": null, "contact_tier": null, "contact_evidence_basis": null, "contact_evidence_value": null, "contact_distance_m": null, "facility_override": false, "contact_selection_status": "not_applicable", "unsupported_class_field_count": 0 }, "bbox": [ -51.454440529799946, -15.730724862162351, -51.447177838838435, -15.72299476392592 ], "geometry": { "type": "Polygon", "coordinates": [ [ [ -51.453649651837104, -15.727427800744298 ], [ -51.453971968250087, -15.725876754942462 ], [ -51.454440529799946, -15.723611069841901 ], [ -51.449747769350502, -15.723085597565017 ], [ -51.448858457487106, -15.72299476392592 ], [ -51.448248192583407, -15.72557813826638 ], [ -51.448189024227631, -15.725837176929202 ], [ -51.447177838838435, -15.730121147363164 ], [ -51.45052796154291, -15.730466831290606 ], [ -51.452964486278724, -15.730724862162351 ], [ -51.453483367696307, -15.728227980007922 ], [ -51.453649651837104, -15.727427800744298 ] ] ] } },
{ "type": "Feature", "properties": { "property_key": "GO-5212204-FFF0D6BB370744B6ADC11130F3424BAA", "cod_imovel": "GO-5212204-FFF0D6BB370744B6ADC11130F3424BAA", "municipio": "Jussara", "cod_estado": "GO", "input_rows": "110", "input_row_count": 1, "resolution_status": "resolved", "resolution_method": "id_exact", "axes_repaired": false, "matched_field_count": 0, "relevant_field_count": 0, "loss_field_count": 0, "dominant_mbmode24": null, "dominant_class": null, "dominant_class_area_ha": null, "post2020_loss_ha": 0.0, "follow_up_required": false, "assessment_status": "no_matched_fields", "applicable_delivery_tiers": "none", "contact_entity_id": null, "contact_entity_type": null, "contact_tier": null, "contact_evidence_basis": null, "contact_evidence_value": null, "contact_distance_m": null, "facility_override": false, "contact_selection_status": "not_applicable", "unsupported_class_field_count": 0 }, "bbox": [ -51.3939660497213, -15.76296796495714, -51.38257833477455, -15.7440104041767 ], "geometry": { "type": "Polygon", "coordinates": [ [ [ -51.3939660497213, -15.751668264850951 ], [ -51.389399957413929, -15.746071397099911 ], [ -51.385969855242308, -15.7440104041767 ], [ -51.383229037588293, -15.75958941710393 ], [ -51.382989771312573, -15.760976885335239 ], [ -51.38257833477455, -15.76210314295194 ], [ -51.382848941459429, -15.762039384385821 ], [ -51.382960813135341, -15.76195782377242 ], [ -51.3843163436742, -15.76296796495714 ], [ -51.3939660497213, -15.751668264850951 ] ] ] } },
{ "type": "Feature", "properties": { "property_key": "GO-5219258-021D6EEAC0FE4976868FEBAAD4C9056C", "cod_imovel": "GO-5219258-021D6EEAC0FE4976868FEBAAD4C9056C", "municipio": "Santa Fe de Goias", "cod_estado": "GO", "input_rows": "111", "input_row_count": 1, "resolution_status": "resolved", "resolution_method": "id_exact", "axes_repaired": false, "matched_field_count": 28, "relevant_field_count": 28, "loss_field_count": 0, "dominant_mbmode24": 15, "dominant_class": "Pasture", "dominant_class_area_ha": 616.213, "post2020_loss_ha": 0.0, "follow_up_required": false, "assessment_status": "no_post2020_loss", "applicable_delivery_tiers": "slaughter_point", "contact_entity_id": null, "contact_entity_type": null, "contact_tier": null, "contact_evidence_basis": null, "contact_evidence_value": null, "contact_distance_m": null, "facility_override": false, "contact_selection_status": "not_applicable", "unsupported_class_field_count": 0 }, "bbox": [ -51.434373147814085, -15.67538866723425, -51.355541149220194, -15.638750070434606 ], "geometry": { "type": "Polygon", "coordinates": [ [ [ -51.397681331268977, -15.659477138346016 ], [ -51.397849671430258, -15.659713908114952 ], [ -51.402486941857354, -15.660355026208203 ], [ -51.403286818108256, -15.664816568295436 ], [ -51.430495553457447, -15.668748612215754 ], [ -51.430584557353129, -15.668763815076975 ], [ -51.43073326578736, -15.668429223614627 ], [ -51.430727613626829, -15.667896054132308 ], [ -51.430583905806472, -15.667726719193729 ], [ -51.430957376068172, -15.667288072521551 ], [ -51.431135120020699, -15.667139865542127 ], [ -51.431418647793031, -15.666772986756516 ], [ -51.431614979201534, -15.666309654789565 ], [ -51.431645856264147, -15.665758983231321 ], [ -51.431616714887838, -15.665465279152773 ], [ -51.43153802275576, -15.665200990992966 ], [ -51.431515019075121, -15.664772815646204 ], [ -51.431553476283057, -15.664125920236902 ], [ -51.431879464313482, -15.663568130624904 ], [ -51.431647261762031, -15.663095083819728 ], [ -51.432430308716889, -15.662705892315406 ], [ -51.432047140466103, -15.661996328312764 ], [ -51.432081450267333, -15.661787841244339 ], [ -51.432106349080179, -15.661359146452495 ], [ -51.432337581657144, -15.661069512138285 ], [ -51.432852842092693, -15.660696062718621 ], [ -51.432795434095752, -15.660494012756075 ], [ -51.432627902600558, -15.659691955128075 ], [ -51.432505452512153, -15.659446268481753 ], [ -51.432695187923727, -15.659204919605919 ], [ -51.43282819877102, -15.658656170403669 ], [ -51.432982484645791, -15.658392000796168 ], [ -51.433050765709751, -15.658001777772148 ], [ -51.433252230594185, -15.657580155963458 ], [ -51.433269671731871, -15.657426189057134 ], [ -51.433267674939607, -15.656996471395665 ], [ -51.433163591229089, -15.65678761584067 ], [ -51.433324219344406, -15.65649651087233 ], [ -51.433607279548667, -15.656319236462583 ], [ -51.433945293027058, -15.656573997338075 ], [ -51.43409738417656, -15.656102433432048 ], [ -51.434373147814085, -15.655280513237095 ], [ -51.434326800390821, -15.655274719742339 ], [ -51.426997813274184, -15.653867739740578 ], [ -51.403647441448484, -15.648806671498406 ], [ -51.403647439700386, -15.648806674624707 ], [ -51.394596474767624, -15.646850646510236 ], [ -51.394596449269372, -15.646850639920785 ], [ -51.392403249516676, -15.646377113318119 ], [ -51.387461540713716, -15.645310076178706 ], [ -51.387118458853976, -15.645098491912595 ], [ -51.381613004986363, -15.647152717303905 ], [ -51.380193202782337, -15.647178904379043 ], [ -51.376642848374139, -15.646781787617769 ], [ -51.372826378324433, -15.644922812750636 ], [ -51.372309836786293, -15.644932396491765 ], [ -51.371646987386313, -15.645095328664622 ], [ -51.370905621264733, -15.645044266394198 ], [ -51.370021887154657, -15.645231533710056 ], [ -51.369206018348628, -15.644846507076808 ], [ -51.368348658872698, -15.644277309724821 ], [ -51.367977967219232, -15.643875383654811 ], [ -51.368166084506022, -15.643116674385018 ], [ -51.367641013337824, -15.642663023628547 ], [ -51.366921502875798, -15.642122473736753 ], [ -51.36624734251302, -15.641756680872673 ], [ -51.365189615896888, -15.640934642515651 ], [ -51.36413097270642, -15.64067642355209 ], [ -51.36337975083277, -15.64012721725606 ], [ -51.362757292785226, -15.639418473632624 ], [ -51.361906975662414, -15.638793584699284 ], [ -51.360970066787679, -15.638750070434606 ], [ -51.359921800490959, -15.639215239235844 ], [ -51.359112387533841, -15.639346207583069 ], [ -51.358333006249644, -15.639085767095919 ], [ -51.357327701506492, -15.639607926499496 ], [ -51.356410865669766, -15.639488003529431 ], [ -51.355953169383803, -15.639794055612219 ], [ -51.355541149220194, -15.640153281626239 ], [ -51.355551436305234, -15.640356451571654 ], [ -51.356280896817672, -15.654756456033788 ], [ -51.356294528207783, -15.655025543892279 ], [ -51.356297473576014, -15.655025111761731 ], [ -51.356963487042727, -15.654927396347169 ], [ -51.356981248357599, -15.65492478862854 ], [ -51.357908381546082, -15.654729177549722 ], [ -51.357908455472725, -15.65472920751791 ], [ -51.358496890561476, -15.654967744879897 ], [ -51.359469132760026, -15.655587762045144 ], [ -51.360157138915916, -15.656221332822788 ], [ -51.361212660460154, -15.657033831919032 ], [ -51.362036190350146, -15.657537441273336 ], [ -51.362943662667483, -15.657935161187991 ], [ -51.364253892816322, -15.658477968645098 ], [ -51.365171674662989, -15.659175319662987 ], [ -51.365852220310224, -15.659632033226426 ], [ -51.366485441206201, -15.660234141345841 ], [ -51.366383072154505, -15.660385316646739 ], [ -51.362075824121426, -15.666745751465118 ], [ -51.372508121870503, -15.67538866723425 ], [ -51.378281779599369, -15.672127624300636 ], [ -51.377040405885296, -15.670316244140031 ], [ -51.376496401079933, -15.669522433886852 ], [ -51.37205554489632, -15.663042061618141 ], [ -51.3714493733385, -15.662157461068809 ], [ -51.371285874250781, -15.661918861332953 ], [ -51.373177284979448, -15.66143274740892 ], [ -51.373177787769166, -15.661432651766807 ], [ -51.374368359758883, -15.661200775271523 ], [ -51.374368873381577, -15.661200668934733 ], [ -51.37502229469802, -15.660807666961231 ], [ -51.376142709409962, -15.660713546240313 ], [ -51.376142934878366, -15.660713460259768 ], [ -51.376788983160999, -15.66046709380189 ], [ -51.37773676085245, -15.660099247984308 ], [ -51.378739664816166, -15.659642262692083 ], [ -51.379619465032043, -15.659064352227437 ], [ -51.380610466003397, -15.65868068925565 ], [ -51.381480710038538, -15.658221616208319 ], [ -51.381876468658419, -15.657978203649746 ], [ -51.382112503051736, -15.657833573960607 ], [ -51.382241249084458, -15.657771589776781 ], [ -51.382389939607364, -15.657711718728736 ], [ -51.382390222398769, -15.657711728006213 ], [ -51.382627487182596, -15.657750928377991 ], [ -51.382863521575899, -15.657750928378002 ], [ -51.383121013641336, -15.657750928377995 ], [ -51.383249759674051, -15.657750928377995 ], [ -51.383376882254701, -15.657744094889662 ], [ -51.383533956670199, -15.657765472042009 ], [ -51.397570408428557, -15.659675518551285 ], [ -51.397681331268977, -15.659477138346016 ] ] ] } },
{ "type": "Feature", "properties": { "property_key": "GO-5219258-6D5094743E1043679D24C466E4814A0D", "cod_imovel": "GO-5219258-6D5094743E1043679D24C466E4814A0D", "municipio": "Santa Fe de Goias", "cod_estado": "GO", "input_rows": "112", "input_row_count": 1, "resolution_status": "resolved", "resolution_method": "id_exact", "axes_repaired": false, "matched_field_count": 2, "relevant_field_count": 2, "loss_field_count": 0, "dominant_mbmode24": 15, "dominant_class": "Pasture", "dominant_class_area_ha": 259.313, "post2020_loss_ha": 0.0, "follow_up_required": false, "assessment_status": "no_post2020_loss", "applicable_delivery_tiers": "slaughter_point", "contact_entity_id": null, "contact_entity_type": null, "contact_tier": null, "contact_evidence_basis": null, "contact_evidence_value": null, "contact_distance_m": null, "facility_override": false, "contact_selection_status": "not_applicable", "unsupported_class_field_count": 0 }, "bbox": [ -51.43068611, -15.68473417, -51.40327667, -15.66481611 ], "geometry": { "type": "Polygon", "coordinates": [ [ [ -51.40327667, -15.66481611 ], [ -51.40478944, -15.673275 ], [ -51.40892333, -15.68379083 ], [ -51.40929417, -15.68473417 ], [ -51.40964611, -15.68436889 ], [ -51.40977917, -15.68435 ], [ -51.409873330000011, -15.68423944 ], [ -51.4100775, -15.68407361 ], [ -51.41037194, -15.68399472 ], [ -51.41046167, -15.68388889 ], [ -51.41054556, -15.6835875 ], [ -51.41079111, -15.68361639 ], [ -51.41085, -15.68352917 ], [ -51.41102389, -15.68355806 ], [ -51.41114917, -15.68359722 ], [ -51.41123667, -15.68346444 ], [ -51.41151611, -15.68329889 ], [ -51.41202861, -15.68346611 ], [ -51.412030830000013, -15.68336083 ], [ -51.41233861, -15.68336917 ], [ -51.41251944, -15.6831075 ], [ -51.41260167, -15.68274917 ], [ -51.41298417, -15.68305028 ], [ -51.41343667, -15.68328556 ], [ -51.41363694, -15.68328667 ], [ -51.41400056, -15.68333194 ], [ -51.41428722, -15.68331472 ], [ -51.41460306, -15.6833775 ], [ -51.41518861, -15.68323833 ], [ -51.41580222, -15.68337694 ], [ -51.41640083, -15.68338861 ], [ -51.41704944, -15.68365056 ], [ -51.41938056, -15.67931611 ], [ -51.41945056, -15.67915278 ], [ -51.41956111, -15.67907028 ], [ -51.41959028, -15.67891778 ], [ -51.41973806, -15.67882472 ], [ -51.41969306, -15.67873833 ], [ -51.41953306, -15.67859028 ], [ -51.41966667, -15.67851139 ], [ -51.41964556, -15.67843 ], [ -51.41944222, -15.6782425 ], [ -51.41946750000001, -15.67811611 ], [ -51.41960139, -15.6781225 ], [ -51.41996639, -15.67795583 ], [ -51.41995333, -15.67789361 ], [ -51.42018028, -15.67785472 ], [ -51.42031944, -15.67804472 ], [ -51.42044111, -15.67794806 ], [ -51.42008556, -15.67766528 ], [ -51.42017556, -15.67765194 ], [ -51.420495, -15.67720861 ], [ -51.42075111, -15.67733111 ], [ -51.42104167, -15.67733333 ], [ -51.42109583, -15.67725889 ], [ -51.420862500000013, -15.67710083 ], [ -51.42112278, -15.67683139 ], [ -51.42127556, -15.67678917 ], [ -51.42149917, -15.67698694 ], [ -51.42166028, -15.67701889 ], [ -51.42170833, -15.6769 ], [ -51.42147889, -15.67674722 ], [ -51.42190528, -15.67646611 ], [ -51.42207167, -15.67643972 ], [ -51.42223083, -15.6763275 ], [ -51.42227528, -15.67607528 ], [ -51.42254083, -15.67590972 ], [ -51.42263444, -15.67567167 ], [ -51.42289444, -15.67566722 ], [ -51.42316917, -15.67548111 ], [ -51.42359278, -15.67553472 ], [ -51.42364778, -15.67524222 ], [ -51.42377611, -15.67516917 ], [ -51.42428, -15.67541111 ], [ -51.42465444, -15.67585306 ], [ -51.42480194, -15.67579667 ], [ -51.42506111, -15.67584861 ], [ -51.42520917, -15.67574972 ], [ -51.42535972, -15.67571389 ], [ -51.42533, -15.67543111 ], [ -51.42553389, -15.67549083 ], [ -51.42571806, -15.67539194 ], [ -51.42569889, -15.67518722 ], [ -51.4259975, -15.67516028 ], [ -51.42587722, -15.67483722 ], [ -51.42611861, -15.674905 ], [ -51.42624917, -15.6747325 ], [ -51.42651722, -15.67474611 ], [ -51.426557499999987, -15.67466167 ], [ -51.42646194, -15.67454583 ], [ -51.42651389, -15.67422333 ], [ -51.426925, -15.67413417 ], [ -51.42692361, -15.67405944 ], [ -51.426785, -15.67395639 ], [ -51.42710361000001, -15.67348861 ], [ -51.427235, -15.67342306 ], [ -51.42737583, -15.67350056 ], [ -51.42768389, -15.67336889 ], [ -51.42790861000001, -15.67297194 ], [ -51.42804278, -15.67264917 ], [ -51.42839556, -15.67231028 ], [ -51.42872861, -15.6724175 ], [ -51.42889667, -15.67244083 ], [ -51.42883306, -15.67233806 ], [ -51.4287675, -15.67217333 ], [ -51.428786669999987, -15.67198056 ], [ -51.4290175, -15.67176944 ], [ -51.42941611, -15.67147111 ], [ -51.42941194, -15.67145056 ], [ -51.42923167, -15.67145444 ], [ -51.42916028, -15.67131028 ], [ -51.42935, -15.67103722 ], [ -51.42951167, -15.67103694 ], [ -51.429583609999987, -15.67073889 ], [ -51.42951083, -15.670605 ], [ -51.43002444, -15.67047667 ], [ -51.43003083, -15.67019056 ], [ -51.43013778000001, -15.66985944 ], [ -51.430329439999987, -15.66968861 ], [ -51.43030972, -15.66953278 ], [ -51.43045028, -15.6693825 ], [ -51.43047361, -15.66927139 ], [ -51.43032972, -15.6692175 ], [ -51.43043167, -15.66889833 ], [ -51.43053861, -15.66900972 ], [ -51.43068611, -15.66896861 ], [ -51.43053056, -15.66875472 ], [ -51.42604333, -15.66810639 ], [ -51.40328611, -15.66481861 ], [ -51.40327667, -15.66481611 ] ] ] } },
{ "type": "Feature", "properties": { "property_key": "GO-5219258-782BD54A308C45BEA6E4184FDA795ED5", "cod_imovel": "GO-5219258-782BD54A308C45BEA6E4184FDA795ED5", "municipio": "Santa Fe de Goias", "cod_estado": "GO", "input_rows": "113", "input_row_count": 1, "resolution_status": "resolved", "resolution_method": "id_exact", "axes_repaired": false, "matched_field_count": 5, "relevant_field_count": 5, "loss_field_count": 0, "dominant_mbmode24": 15, "dominant_class": "Pasture", "dominant_class_area_ha": 317.541, "post2020_loss_ha": 0.0, "follow_up_required": false, "assessment_status": "no_post2020_loss", "applicable_delivery_tiers": "slaughter_point", "contact_entity_id": null, "contact_entity_type": null, "contact_tier": null, "contact_evidence_basis": null, "contact_evidence_value": null, "contact_distance_m": null, "facility_override": false, "contact_selection_status": "not_applicable", "unsupported_class_field_count": 0 }, "bbox": [ -51.387090682983398, -15.615679993368976, -51.365118026733398, -15.58988764480508 ], "geometry": { "type": "Polygon", "coordinates": [ [ [ -51.376876831054688, -15.615679993368976 ], [ -51.387090682983398, -15.603362898059901 ], [ -51.377992630004876, -15.58988764480508 ], [ -51.365118026733398, -15.593277208954685 ], [ -51.376876831054688, -15.615679993368976 ] ] ] } },
{ "type": "Feature", "properties": { "property_key": "GO-5219258-790AA7BBD80648C79EF9210095176353", "cod_imovel": "GO-5219258-790AA7BBD80648C79EF9210095176353", "municipio": "Santa Fe de Goias", "cod_estado": "GO", "input_rows": "114", "input_row_count": 1, "resolution_status": "resolved", "resolution_method": "id_exact", "axes_repaired": false, "matched_field_count": 4, "relevant_field_count": 4, "loss_field_count": 0, "dominant_mbmode24": 15, "dominant_class": "Pasture", "dominant_class_area_ha": 261.917, "post2020_loss_ha": 0.0, "follow_up_required": false, "assessment_status": "no_post2020_loss", "applicable_delivery_tiers": "slaughter_point", "contact_entity_id": null, "contact_entity_type": null, "contact_tier": null, "contact_evidence_basis": null, "contact_evidence_value": null, "contact_distance_m": null, "facility_override": false, "contact_selection_status": "not_applicable", "unsupported_class_field_count": 0 }, "bbox": [ -51.398585073143003, -15.73508438448653, -51.366746272421594, -15.698284308249134 ], "geometry": { "type": "Polygon", "coordinates": [ [ [ -51.386262875772893, -15.709049459274626 ], [ -51.386003500902625, -15.708770083275597 ], [ -51.387657871214088, -15.705963068765524 ], [ -51.380235553186189, -15.700266681227459 ], [ -51.376710921892908, -15.70206041722898 ], [ -51.373667224606145, -15.698284308249134 ], [ -51.366746272421594, -15.703201586806342 ], [ -51.369860057459213, -15.709626933488938 ], [ -51.373817113771615, -15.717829146853759 ], [ -51.381893283825427, -15.712334464969071 ], [ -51.383272973788955, -15.712670704607184 ], [ -51.385375853053965, -15.712538810413202 ], [ -51.387158111852081, -15.712344362066625 ], [ -51.388160005082668, -15.712294398138164 ], [ -51.388146825211187, -15.712522241495812 ], [ -51.388065558920822, -15.712683396732551 ], [ -51.388102740548263, -15.712800856821584 ], [ -51.387991580522836, -15.713046051143872 ], [ -51.388106889952383, -15.713168435088701 ], [ -51.388185940599818, -15.713364924888651 ], [ -51.387966386087101, -15.713541694632703 ], [ -51.387955376188771, -15.713592702457031 ], [ -51.388032271577295, -15.713686044340184 ], [ -51.387807821625998, -15.71453118475751 ], [ -51.387750123454708, -15.714767785958841 ], [ -51.387684064323032, -15.714926382712374 ], [ -51.387808691184432, -15.715089251548207 ], [ -51.387692280303561, -15.715470423717525 ], [ -51.387800697202174, -15.715599600362244 ], [ -51.387797837205085, -15.715765136469916 ], [ -51.387700127597881, -15.716214169353433 ], [ -51.387560547880334, -15.716189284612415 ], [ -51.387566406317305, -15.716424597674042 ], [ -51.387550564887135, -15.716635268758834 ], [ -51.387446168804921, -15.716707687375575 ], [ -51.387494842028666, -15.717028447309138 ], [ -51.387478561407882, -15.717352396250988 ], [ -51.3871841673406, -15.717341527469136 ], [ -51.386933567596529, -15.717786491617332 ], [ -51.387093202273469, -15.718002185505279 ], [ -51.387067332629933, -15.718289989523214 ], [ -51.387142958352086, -15.718352777114768 ], [ -51.387087558700308, -15.718522474546809 ], [ -51.387216093042284, -15.718628381747592 ], [ -51.387132056325335, -15.71880680882254 ], [ -51.386883966734501, -15.718703915998146 ], [ -51.386956870156588, -15.718857203572822 ], [ -51.386682652829172, -15.718955145655071 ], [ -51.386464955418774, -15.718883297743698 ], [ -51.386385324186676, -15.719121564654571 ], [ -51.386509144440183, -15.719202348102707 ], [ -51.386298464911164, -15.719486501302445 ], [ -51.386274430915101, -15.719412050356141 ], [ -51.386013461199639, -15.719556978619204 ], [ -51.385971294542117, -15.71981552019435 ], [ -51.386046782135516, -15.720002976468889 ], [ -51.385876972278197, -15.720183001197976 ], [ -51.385569872373274, -15.720266896902611 ], [ -51.385201303581582, -15.720619673807688 ], [ -51.385231376221732, -15.720728920021033 ], [ -51.385188646505412, -15.721135364512868 ], [ -51.385253071897822, -15.721247443051062 ], [ -51.385246361202348, -15.721401323675083 ], [ -51.385250763755074, -15.721757058350729 ], [ -51.384998535663236, -15.722085581936897 ], [ -51.385051060448937, -15.722122916835206 ], [ -51.385002656324524, -15.72239087128815 ], [ -51.384848814436118, -15.722377762670307 ], [ -51.384782144174466, -15.722710298220898 ], [ -51.384683964597109, -15.722914243415449 ], [ -51.384522817900809, -15.722937942155147 ], [ -51.384547834933365, -15.723237770413133 ], [ -51.384102192830987, -15.723456972757736 ], [ -51.383966041769654, -15.723670205729247 ], [ -51.383825877746482, -15.724033246230201 ], [ -51.383522901863422, -15.72412987897005 ], [ -51.383495319453345, -15.724253691442456 ], [ -51.383395117190197, -15.724325558384917 ], [ -51.383529617657175, -15.724576014266573 ], [ -51.383363047634255, -15.724744821215619 ], [ -51.38334643307752, -15.724943921497644 ], [ -51.383422492670064, -15.725137977139381 ], [ -51.383731600283667, -15.725473558467574 ], [ -51.383744481906255, -15.725772956078774 ], [ -51.383824840279289, -15.725969444918956 ], [ -51.383907551605823, -15.726076700182304 ], [ -51.383948355829006, -15.726184661972864 ], [ -51.384037948486274, -15.726278163567171 ], [ -51.383963979035464, -15.726502406866777 ], [ -51.384163025405122, -15.726678616877866 ], [ -51.384232383673343, -15.726782550534228 ], [ -51.384241984749664, -15.727074179039411 ], [ -51.38444031832217, -15.727268018933414 ], [ -51.384339872818003, -15.727608659757937 ], [ -51.384444180357264, -15.727883215741752 ], [ -51.384721193380017, -15.727974669075117 ], [ -51.384753488073699, -15.728173140724406 ], [ -51.384570922022789, -15.728622321560902 ], [ -51.384630077153133, -15.72895861294335 ], [ -51.384565587322655, -15.729111510434979 ], [ -51.384563094347769, -15.729473766181508 ], [ -51.384556456331133, -15.729865410724804 ], [ -51.38446684821912, -15.730062831524426 ], [ -51.384624577156956, -15.730303572270772 ], [ -51.384504935369741, -15.730562249949344 ], [ -51.384449570515841, -15.730902359281339 ], [ -51.384577055166453, -15.730992539230918 ], [ -51.384537516977275, -15.731112033415174 ], [ -51.384643713206323, -15.731248085978299 ], [ -51.384544351864491, -15.731371663421188 ], [ -51.384695575129484, -15.731676421994706 ], [ -51.384867784001571, -15.731873200328073 ], [ -51.384979179295044, -15.731944423433136 ], [ -51.385010723082829, -15.73204091988732 ], [ -51.385172114470016, -15.732093883330815 ], [ -51.385313023113341, -15.732273630076591 ], [ -51.38514550150142, -15.732732819615073 ], [ -51.385406658327213, -15.733074630204099 ], [ -51.385403686126956, -15.733429383065532 ], [ -51.385470726232946, -15.733688544974276 ], [ -51.385454710446027, -15.734105609619647 ], [ -51.385420683870919, -15.734574417491267 ], [ -51.385561308695813, -15.734949257571197 ], [ -51.385730511410635, -15.73508438448653 ], [ -51.390753891517605, -15.730402884869182 ], [ -51.391993922678772, -15.729242759054337 ], [ -51.394160963884232, -15.727204210559639 ], [ -51.394864935260934, -15.726487385895863 ], [ -51.395580406171504, -15.725589729059539 ], [ -51.398585073143003, -15.721781124016543 ], [ -51.393113316945026, -15.716397053478687 ], [ -51.390597339241964, -15.713698148003107 ], [ -51.390329480805626, -15.713410917522811 ], [ -51.388172321104662, -15.711101937703848 ], [ -51.387980885309901, -15.710896878223453 ], [ -51.387633843293258, -15.710525179546744 ], [ -51.38626389139224, -15.709050552280795 ], [ -51.386262875772893, -15.709049459274626 ] ] ] } },
{ "type": "Feature", "properties": { "property_key": "GO-5219258-803E3D97C5A8498CBB0C2DFE0F2EB8E7", "cod_imovel": "GO-5219258-803E3D97C5A8498CBB0C2DFE0F2EB8E7", "municipio": "Santa Fe de Goias", "cod_estado": "GO", "input_rows": "115", "input_row_count": 1, "resolution_status": "resolved", "resolution_method": "id_exact", "axes_repaired": false, "matched_field_count": 3, "relevant_field_count": 3, "loss_field_count": 0, "dominant_mbmode24": 21, "dominant_class": "Mosaic of Uses", "dominant_class_area_ha": 176.852, "post2020_loss_ha": 0.0, "follow_up_required": false, "assessment_status": "no_post2020_loss", "applicable_delivery_tiers": "slaughter_point", "contact_entity_id": null, "contact_entity_type": null, "contact_tier": null, "contact_evidence_basis": null, "contact_evidence_value": null, "contact_distance_m": null, "facility_override": false, "contact_selection_status": "not_applicable", "unsupported_class_field_count": 0 }, "bbox": [ -51.403647445354274, -15.67538866724189, -51.355541149220223, -15.638750070442134 ], "geometry": { "type": "Polygon", "coordinates": [ [ [ -51.377320273174554, -15.644978152473188 ], [ -51.376991439781115, -15.644974106205428 ], [ -51.372826378324447, -15.644922812758177 ], [ -51.372309836786307, -15.644932396499309 ], [ -51.371646987386335, -15.645095328672159 ], [ -51.370905621264754, -15.645044266401758 ], [ -51.370021887154685, -15.645231533717594 ], [ -51.369206018348649, -15.644846507084353 ], [ -51.368348658872719, -15.644277309732365 ], [ -51.367977967219247, -15.643875383662355 ], [ -51.368166084506051, -15.64311667439255 ], [ -51.367641013337845, -15.642663023636088 ], [ -51.366921502875826, -15.642122473744294 ], [ -51.366247342513049, -15.641756680880199 ], [ -51.365189615896917, -15.640934642523181 ], [ -51.364130972706434, -15.64067642355962 ], [ -51.363379750832785, -15.640127217263585 ], [ -51.362757292785254, -15.639418473640152 ], [ -51.361906975662443, -15.638793584706827 ], [ -51.360970066787701, -15.638750070442134 ], [ -51.359921800490973, -15.639215239243368 ], [ -51.35911238753387, -15.639346207590606 ], [ -51.358333006249673, -15.639085767103428 ], [ -51.357327701506513, -15.639607926507027 ], [ -51.356410865669787, -15.639488003536954 ], [ -51.355953169383831, -15.639794055619747 ], [ -51.355541149220223, -15.640153281633758 ], [ -51.355551436305262, -15.64035645157918 ], [ -51.356280896817701, -15.654756456041367 ], [ -51.356294528207805, -15.65502554389985 ], [ -51.356297473576035, -15.655025111769309 ], [ -51.356963487042755, -15.654927396354745 ], [ -51.35698124835762, -15.654924788636116 ], [ -51.357908381546103, -15.654729177557302 ], [ -51.357908455472739, -15.654729207525481 ], [ -51.35849689056149, -15.654967744887465 ], [ -51.359469132760054, -15.655587762052717 ], [ -51.360157138915945, -15.656221332830384 ], [ -51.361212660460176, -15.657033831926611 ], [ -51.362036190350167, -15.657537441280935 ], [ -51.362943662667497, -15.657935161195583 ], [ -51.36425389281635, -15.658477968652678 ], [ -51.365171674663003, -15.659175319670583 ], [ -51.365852220310252, -15.65963203323402 ], [ -51.366485441206223, -15.660234141353438 ], [ -51.366383072154527, -15.660385316654333 ], [ -51.362075824121455, -15.666745751472726 ], [ -51.372508121870517, -15.67538866724189 ], [ -51.378281779599398, -15.67212762430826 ], [ -51.37704040588531, -15.67031624414766 ], [ -51.376496401079955, -15.669522433894469 ], [ -51.372055544896334, -15.663042061625742 ], [ -51.371449373338514, -15.662157461076406 ], [ -51.371285874250795, -15.66191886134054 ], [ -51.373177284979469, -15.661432747416498 ], [ -51.373177787769187, -15.661432651774412 ], [ -51.374368359758897, -15.661200775279104 ], [ -51.374368873381606, -15.661200668942325 ], [ -51.375022294698041, -15.660807666968807 ], [ -51.37614270940999, -15.660713546247901 ], [ -51.376142934878388, -15.660713460267358 ], [ -51.376788983161028, -15.660467093809482 ], [ -51.377736760852478, -15.660099247991903 ], [ -51.378739664816187, -15.659642262699675 ], [ -51.379619465032064, -15.659064352235017 ], [ -51.380610466003411, -15.658680689263237 ], [ -51.381480710038559, -15.658221616215899 ], [ -51.381876468658447, -15.657978203657329 ], [ -51.382112503051758, -15.657833573968189 ], [ -51.382241249084473, -15.657771589784373 ], [ -51.382389939607378, -15.657711718736318 ], [ -51.382390222398783, -15.657711728013792 ], [ -51.382627487182617, -15.65775092838558 ], [ -51.382863521575928, -15.65775092838558 ], [ -51.383121013641357, -15.65775092838558 ], [ -51.383249759674065, -15.65775092838558 ], [ -51.383376882254716, -15.657744094897243 ], [ -51.38353395667022, -15.65776547204959 ], [ -51.397570408428578, -15.659675518558878 ], [ -51.40034031367, -15.654721675254251 ], [ -51.401289176068275, -15.653024618295792 ], [ -51.403647445354274, -15.648806675854138 ], [ -51.394596474767653, -15.646850646517791 ], [ -51.3945964492694, -15.646850639928333 ], [ -51.392403249516704, -15.64637711332567 ], [ -51.387461540713744, -15.645310076186254 ], [ -51.38711845885399, -15.645098491920134 ], [ -51.377320273174554, -15.644978152473188 ] ] ] } },
{ "type": "Feature", "properties": { "property_key": "GO-5219258-D8B970A69F30415F9FDEE84663A2210B", "cod_imovel": "GO-5219258-D8B970A69F30415F9FDEE84663A2210B", "municipio": "Santa Fe de Goias", "cod_estado": "GO", "input_rows": "116", "input_row_count": 1, "resolution_status": "resolved", "resolution_method": "id_exact", "axes_repaired": false, "matched_field_count": 16, "relevant_field_count": 16, "loss_field_count": 2, "dominant_mbmode24": 15, "dominant_class": "Pasture", "dominant_class_area_ha": 886.032, "post2020_loss_ha": 1.615, "follow_up_required": true, "assessment_status": "flagged_post2020_loss", "applicable_delivery_tiers": "slaughter_point", "contact_entity_id": "5484", "contact_entity_type": "buyer", "contact_tier": "slaughter_point", "contact_evidence_basis": "observed", "contact_evidence_value": 0.0, "contact_distance_m": 7959.6, "facility_override": true, "contact_selection_status": "nearby_routed_facility_override", "unsupported_class_field_count": 0 }, "bbox": [ -51.418007294658238, -15.646850639928333, -51.359408026742749, -15.604773570719535 ], "geometry": { "type": "Polygon", "coordinates": [ [ [ -51.397091747194736, -15.606501429706324 ], [ -51.39495738146983, -15.606106120652337 ], [ -51.387763522848275, -15.604773570719535 ], [ -51.385335362221518, -15.607664900267753 ], [ -51.384040171794062, -15.606665636035601 ], [ -51.376765456321252, -15.615327909476958 ], [ -51.368960358276617, -15.624593546894179 ], [ -51.368204265153771, -15.623202298310813 ], [ -51.35952266436562, -15.638890759177389 ], [ -51.359408026742749, -15.639097903536712 ], [ -51.360196817986498, -15.638800612661802 ], [ -51.360566262038951, -15.638764919248928 ], [ -51.360922881499867, -15.63828963108266 ], [ -51.367262035446345, -15.629840499504873 ], [ -51.372362535035272, -15.631908763914122 ], [ -51.375686182876208, -15.633267498464296 ], [ -51.378046462834554, -15.632968722502346 ], [ -51.37991797090622, -15.632082300852591 ], [ -51.383574515618385, -15.633700000588798 ], [ -51.384531832824337, -15.636051008028893 ], [ -51.387027502643079, -15.637450397677197 ], [ -51.38899729270711, -15.639346871934547 ], [ -51.38711845885399, -15.645098491920134 ], [ -51.387461540713744, -15.645310076186254 ], [ -51.3945964492694, -15.646850639928333 ], [ -51.398084436451029, -15.628721714711244 ], [ -51.400761374605437, -15.62568322904627 ], [ -51.414375718163228, -15.628122594803907 ], [ -51.415670026111194, -15.622345958784992 ], [ -51.418007294658238, -15.609645696063325 ], [ -51.405860156751579, -15.608125205285383 ], [ -51.397091747194736, -15.606501429706324 ] ] ] } },
{ "type": "Feature", "properties": { "property_key": "GO-5219258-E7F86639E6404DC4AD9B8DBFAFFB112B", "cod_imovel": "GO-5219258-E7F86639E6404DC4AD9B8DBFAFFB112B", "municipio": "Santa Fe de Goias", "cod_estado": "GO", "input_rows": "117", "input_row_count": 1, "resolution_status": "resolved", "resolution_method": "id_exact", "axes_repaired": false, "matched_field_count": 14, "relevant_field_count": 14, "loss_field_count": 2, "dominant_mbmode24": 15, "dominant_class": "Pasture", "dominant_class_area_ha": 183.924, "post2020_loss_ha": 3.12, "follow_up_required": true, "assessment_status": "flagged_post2020_loss", "applicable_delivery_tiers": "slaughter_point", "contact_entity_id": "5219258", "contact_entity_type": "cooperative", "contact_tier": "membership_muni", "contact_evidence_basis": "observed", "contact_evidence_value": 20.0, "contact_distance_m": null, "facility_override": false, "contact_selection_status": "default_membership_no_qualifying_override", "unsupported_class_field_count": 0 }, "bbox": [ -51.42046312, -15.72384108, -51.38552422, -15.6732879 ], "geometry": { "type": "Polygon", "coordinates": [ [ [ -51.42046312, -15.72382634 ], [ -51.41954518, -15.71153013 ], [ -51.41909528, -15.70579863 ], [ -51.41677076, -15.70570688 ], [ -51.41677628, -15.70561954 ], [ -51.41638123, -15.69997326 ], [ -51.41626164, -15.69829748 ], [ -51.41558629, -15.68905426 ], [ -51.41557112, -15.6888884 ], [ -51.41537866, -15.6863832 ], [ -51.41513697, -15.68615412 ], [ -51.41141356, -15.68527889 ], [ -51.41130741, -15.68525559 ], [ -51.40926931, -15.68477475 ], [ -51.40905808, -15.68493697 ], [ -51.40898288, -15.68499045 ], [ -51.4089288, -15.68496524 ], [ -51.40879887, -15.68490464 ], [ -51.40882071, -15.68373602 ], [ -51.40470767, -15.6732879 ], [ -51.402546, -15.67620346 ], [ -51.40234571, -15.67647251 ], [ -51.40214524, -15.67674157 ], [ -51.39819963, -15.68204542 ], [ -51.39153495, -15.68192329 ], [ -51.38777983, -15.68185395 ], [ -51.38589885, -15.68270572 ], [ -51.38578594, -15.68280645 ], [ -51.38572911, -15.68285682 ], [ -51.38552422, -15.68347447 ], [ -51.38691488, -15.68834466 ], [ -51.38812577, -15.69291483 ], [ -51.38814928, -15.69300999 ], [ -51.3892355, -15.69711723 ], [ -51.38930337, -15.69737548 ], [ -51.38936015, -15.69759109 ], [ -51.38941683, -15.69780669 ], [ -51.38952954, -15.69823519 ], [ -51.39035202, -15.70137665 ], [ -51.38891227, -15.70383461 ], [ -51.38765787, -15.70596307 ], [ -51.3860035, -15.70877008 ], [ -51.38747747, -15.71035769 ], [ -51.38798089, -15.71089688 ], [ -51.388063, -15.71098488 ], [ -51.38817232, -15.71110194 ], [ -51.39026701, -15.71334377 ], [ -51.39032948, -15.71341092 ], [ -51.39059724, -15.71369811 ], [ -51.39311574, -15.71639597 ], [ -51.39858507, -15.72178112 ], [ -51.39945415, -15.72065029 ], [ -51.40135034, -15.72093575 ], [ -51.40213561, -15.72105391 ], [ -51.41487738, -15.72297204 ], [ -51.41491745, -15.72298616 ], [ -51.42012975, -15.72379326 ], [ -51.42046287, -15.72384108 ], [ -51.42046312, -15.72382634 ] ] ] } },
{ "type": "Feature", "properties": { "property_key": "UNRESOLVED:304ece8e83fc9ab9a341f27b028fc885", "cod_imovel": null, "municipio": null, "cod_estado": null, "input_rows": "119", "input_row_count": 1, "resolution_status": "unresolved_geometry", "resolution_method": null, "axes_repaired": false, "matched_field_count": 0, "relevant_field_count": 0, "loss_field_count": 0, "dominant_mbmode24": null, "dominant_class": null, "dominant_class_area_ha": null, "post2020_loss_ha": 0.0, "follow_up_required": false, "assessment_status": "unresolved_geometry", "applicable_delivery_tiers": "none", "contact_entity_id": null, "contact_entity_type": null, "contact_tier": null, "contact_evidence_basis": null, "contact_evidence_value": null, "contact_distance_m": null, "facility_override": false, "contact_selection_status": "not_applicable", "unsupported_class_field_count": 0 }, "bbox": [ -35.0, -10.0, -35.0, -10.0 ], "geometry": { "type": "Point", "coordinates": [ -35.0, -10.0 ] } }
]
}
